"Step","Grouped runs - mean_int_return_100","Grouped runs - mean_int_return_100__MIN","Grouped runs - mean_int_return_100__MAX"
"2000","0.04614338259998473","-0.03585231577412098","0.10549502970284916"
"4000","-0.10431817651125287","-0.18414598980037095","0.02359841236340193"
"6000","-0.19622704953439074","-0.2994721009533103","-0.06799105916950127"
"8000","-0.23542238310663785","-0.30668030002810465","-0.11880354869509266"
"10000","-0.2646429035579095","-0.3523134713529667","-0.13447023133033054"
"12000","-0.3489327894935737","-0.43871626201730074","-0.2028597343653544"
"14000","-0.4084349267929383","-0.49193369029130746","-0.26876137116098175"
"16000","-0.47293549514030714","-0.5586564662168496","-0.3385911624486531"
"18000","-0.5176773960863593","-0.5795691526459805","-0.4164957427353863"
"20000","-0.5299598555378178","-0.5993923902241581","-0.4373001162766329"
"22000","-0.5330331797090608","-0.5762865519027275","-0.45654416301506046"
"24000","-0.5425834656872668","-0.5969175909083255","-0.46537054897725993"
"26000","-0.5589872425879567","-0.5945159680873516","-0.49660841604436246"
"28000","-0.5980892120127071","-0.6344681923810858","-0.5297683170788678"
"30000","-0.6483967426743429","-0.6836351891771816","-0.6224295465039195"
"32000","-0.6820299304670714","-0.7076634424632108","-0.6511001625489504"
"34000","-0.7071578872682092","-0.7483493141766248","-0.6450079946726386"
"36000","-0.732435222852745","-0.8251122132006294","-0.6426178502913157"
"38000","-0.7404722425746892","-0.8777168187167499","-0.6250055948175636"
"40000","-0.738941642088871","-0.9092407686398603","-0.6151432608762902"
"42000","-0.7455909706089304","-0.942977349962317","-0.6058160741993839"
"44000","-0.7363778943582494","-0.9425193180085099","-0.6085439058806428"
"46000","-0.7566789341687734","-0.9691305755271169","-0.6425424606474611"
"48000","-0.761971725985906","-0.9843936982621062","-0.6476126101699701"
"50000","-0.7650128664015599","-0.9925260313109183","-0.618501073087151"
"52000","-0.7821676392026055","-1.0152093192891924","-0.6269202737389642"
"54000","-0.7867384052210581","-0.9837565677485263","-0.626833494017541"
"56000","-0.8005764325161556","-0.9986211416765299","-0.6094518512015348"
"58000","-0.7729654446476325","-0.9218354498787856","-0.5724638085051847"
"60000","-0.7871148091609824","-0.9106335850713703","-0.5571342534980503"
"62000","-0.7958135827177512","-0.9289643553410032","-0.5703876888507076"
"64000","-0.7961403673830473","-0.9641982195914944","-0.5818818930705675"
"66000","-0.7830548484314072","-0.9812358942708279","-0.5521119241421184"
"68000","-0.7669605622083292","-0.94004754991143","-0.554019052639029"
"70000","-0.7797971982744984","-0.9288189383125911","-0.5761446408475531"
"72000","-0.7759763374605639","-0.9024381127916612","-0.6007145170956866"
"74000","-0.8058814058915721","-0.9629738841281262","-0.6145838051783866"
"76000","-0.8052372087322636","-0.9064140607498313","-0.6572432469124105"
"78000","-0.8159164185760481","-0.8834999095022102","-0.6842607098443186"
"80000","-0.7998269208620746","-0.9251921836513972","-0.6605137087049299"
"82000","-0.7919241792031902","-0.9289613611675192","-0.6526734115763904"
"84000","-0.7799405883510618","-0.9555867660535988","-0.6401808823445392"
"86000","-0.7976802026175452","-0.9586417509175917","-0.7063145703135162"
"88000","-0.7941070099856216","-0.9835476187240048","-0.6776066243406024"
"90000","-0.8026203648118878","-1.0051126976492768","-0.6971543584632021"
"92000","-0.815638143883692","-1.0269537244689038","-0.70576330917789"
"94000","-0.8378865266550467","-1.0483319546297145","-0.725562656825576"
"96000","-0.8627430849355217","-1.0720696290582774","-0.7444306896324907"
"98000","-0.8588579689620061","-1.0616553629446783","-0.7357913516118062"
"100000","-0.8292370219646176","-1.0469513676646522","-0.6999029093031769"
"102000","-0.8489823501025547","-1.051566083432822","-0.7398847049681845"
"104000","-0.8382290304925791","-1.0209747300521115","-0.7349334288372852"
"106000","-0.8479386384373858","-0.9880493503378812","-0.7540164105691151"
"108000","-0.8849658974366434","-1.0446637899214106","-0.7912426576262008"
"110000","-0.9055208904518639","-1.0759943094718758","-0.7914550573421748"
"112000","-0.9008389931753573","-1.0383558675279232","-0.7957422728207623"
"114000","-0.896038125271641","-1.0618622071612946","-0.7788729921182386"
"116000","-0.8927820802755905","-1.0528292776431802","-0.7487299541833875"
"118000","-0.9027721266622909","-1.0687115122596946","-0.7361261234075882"
"120000","-0.907511656212398","-1.044760112225864","-0.753399518967106"
"122000","-0.9293615319470394","-1.06358554553389","-0.8095387499555309"
"124000","-0.9410517853702167","-1.083180312789249","-0.8083891440907556"
"126000","-0.9476669112583483","-1.0523871042134125","-0.8308654874293004"
"128000","-0.9660512776421101","-1.0760578386246928","-0.8351713004352661"
"130000","-0.9492022240657499","-1.0557742444440958","-0.8291953631396773"
"132000","-0.9436384762221351","-1.0603394592326367","-0.8168790479835024"
"134000","-0.930808093346054","-1.0471895649466898","-0.7972604959520412"
"136000","-0.9462468272082164","-1.0722623262449051","-0.8312535029231821"
"138000","-0.9693358682423012","-1.1173053093046768","-0.8395235603710626"
"140000","-0.9471994916715122","-1.09547222367028","-0.8467513236399264"
"142000","-0.96278894457399","-1.1159218406144646","-0.8848249022510628"
"144000","-0.9723380316316126","-1.1157538252786618","-0.8725731508683002"
"146000","-0.9599963786306126","-1.1232949901132963","-0.8011611985704858"
"148000","-0.9164141805760878","-1.0763325991823223","-0.7509446533308275"
"150000","-0.8900412132095535","-1.0394784908971635","-0.7246576336531709"
"152000","-0.9023107759279538","-1.0694293921801146","-0.7218521339741037"
"154000","-0.9085870345402771","-1.0987854144775193","-0.7106286101230854"
"156000","-0.9138131498709033","-1.0857643017374794","-0.7207303617897888"
"158000","-0.9257231328662785","-1.1001933616321187","-0.7309339928847148"
"160000","-0.9188001913188067","-1.1310835272814732","-0.7026381532865379"
"162000","-0.9163707015112","-1.1336813859706747","-0.700552134225112"
"164000","-0.8825177972341662","-1.0974780514128506","-0.6645696279553485"
"166000","-0.8945281934299917","-1.1112294822447004","-0.6845153611686581"
"168000","-0.8915282774582217","-1.1299554603486321","-0.6895876794984833"
"170000","-0.865047009723078","-1.0919075663681144","-0.6832868857219182"
"172000","-0.869772917250842","-1.1084279643450865","-0.694632189157728"
"174000","-0.8578529643442611","-1.0776328171208733","-0.7085639747396164"
"176000","-0.8638311058078045","-1.0430700719888555","-0.7289699083475314"
"178000","-0.8420079437771456","-1.0553552690829384","-0.6719071561579585"
"180000","-0.8346856750330686","-1.0961344638230512","-0.640515473736461"
"182000","-0.8467768646369236","-1.1132436513794821","-0.6563954555498605"
"184000","-0.8195321076194645","-1.0832007774763044","-0.6312919843135896"
"186000","-0.8121111877048124","-1.0759540593721908","-0.6266272326682957"
"188000","-0.8158627687396439","-1.059340728803538","-0.6263319760155281"
"190000","-0.8022938669975339","-1.0298390716656578","-0.6033904140482773"
"192000","-0.7818415156537523","-1.0016551040203778","-0.6171521027009657"
"194000","-0.7932269830485117","-0.9910219607390467","-0.6000671759141333"
"196000","-0.7845496792194391","-0.9878996164216661","-0.5778962520776113"
"198000","-0.7901269464868504","-0.9752589895841666","-0.6254214704148616"
"200000","-0.795701027684908","-1.009019431118213","-0.6217307092668634"
"202000","-0.7928277725332471","-1.0149076797247982","-0.6246760212722512"
"204000","-0.8068392545518558","-1.0461872424998442","-0.6519955070061769"
"206000","-0.773029614708248","-0.984469132280734","-0.6339408959965148"
"208000","-0.7764865690288305","-0.9872117313601195","-0.6292067627141879"
"210000","-0.78929371778723","-1.0165168312823518","-0.6125312334593546"
"212000","-0.7886535650332201","-1.0241104016805185","-0.6066320383003257"
"214000","-0.8137197909792085","-1.0357227136900766","-0.618583832002063"
"216000","-0.834575323817182","-1.0444984914402595","-0.6743953925283206"
"218000","-0.8666568313202564","-1.0812595319185059","-0.6867379313182828"
"220000","-0.8664982441942145","-1.0472021678067396","-0.7170322594097743"
"222000","-0.8609318483308743","-1.041823471938085","-0.7514014487537934"
"224000","-0.8520284598949027","-1.0329698184680312","-0.7045319305402957"
"226000","-0.8538298220354724","-1.031706728297635","-0.6991859938523413"
"228000","-0.858689710153245","-1.0273605448770105","-0.7137447132936723"
"230000","-0.8589403278179599","-0.9973865575395757","-0.7170160838694938"
"232000","-0.8840240873438185","-1.0330999753518264","-0.7451859497027691"
"234000","-0.904639073992301","-1.0173696296886774","-0.7753202276940503"
"236000","-0.8871148261178","-0.9993211910586106","-0.761961233450442"
"238000","-0.8832989284585372","-0.9866445266847732","-0.7832444312783702"
"240000","-0.8900270832465637","-0.9825002162886085","-0.756507401030678"
"242000","-0.8649455194958161","-0.9895864883299219","-0.7471978434167614"
"244000","-0.860524086250868","-0.9770569231241244","-0.7714261786481876"
"246000","-0.8620566004481347","-0.9716400289851009","-0.7820173181478313"
"248000","-0.8611728780241515","-0.9599118858034491","-0.7928170553927923"
"250000","-0.8778897337732028","-0.9526390378555516","-0.8035426391537913"
"252000","-0.897574651435224","-0.940563050643774","-0.8341417180607241"
"254000","-0.9070512369251374","-0.9807606889226009","-0.8237017465574464"
"256000","-0.921656343173658","-1.0095041541992689","-0.8370134455715454"
"258000","-0.91125333950801","-0.99562751866458","-0.81874732299459"
"260000","-0.8936689377779986","-0.9977043453808874","-0.7768203539750104"
"262000","-0.853882739143616","-0.9841689062146471","-0.7255119434921798"
"264000","-0.8561507445103151","-1.0030386141091585","-0.7065280674148382"
"266000","-0.8210556037367341","-0.9671661446066574","-0.6793758880431234"
"268000","-0.7975943298378202","-0.9414023103183135","-0.657316808879765"
"270000","-0.825832000486474","-0.9781966719994669","-0.7204218021612141"
"272000","-0.8144799462452831","-0.9875127721554019","-0.6940763003891192"
"274000","-0.8139446974838006","-0.9990959524041391","-0.6641440982932548"
"276000","-0.7876182685796024","-0.9762417266922421","-0.5989092392048189"
"278000","-0.7913288987018096","-1.0038412469135947","-0.6007594107720506"
"280000","-0.7710542616970804","-0.9612374117387809","-0.576352470207974"
"282000","-0.756922838330378","-0.9276539622428247","-0.5838581618173194"
"284000","-0.7666643878968437","-0.951254391086695","-0.5619488544063207"
"286000","-0.7953056331652647","-0.967807219426555","-0.6078308494718659"
"288000","-0.8065638047666853","-0.936924626267457","-0.6402608921645316"
"290000","-0.825232344918058","-0.9625505566354259","-0.6438964534707067"
"292000","-0.8326308515412464","-0.9437902390043602","-0.6861421357670497"
"294000","-0.8646882875548597","-0.966405004147382","-0.7272127081840716"
"296000","-0.8507832952860754","-0.9446389585244469","-0.7596302029041964"
"298000","-0.8491576174940451","-0.9428909667651172","-0.7886934432218097"
"300000","-0.8592071809675527","-0.9721461498676799","-0.7975326675708183"
"302000","-0.8482429839288604","-0.9630738470698708","-0.7895205517416016"
"304000","-0.8375670428245643","-0.9530732935494745","-0.7710185614928196"
"306000","-0.850352842793059","-0.9998960704631172","-0.7505786165712033"
"308000","-0.8365469426492019","-1.0094892948302443","-0.7027751165806823"
"310000","-0.8526041299726167","-1.016935276036151","-0.7035528896839951"
"312000","-0.8380459550968169","-1.0161162877520546","-0.6509827687631606"
"314000","-0.8401052008428905","-1.0369513461962343","-0.6350751829420315"
"316000","-0.8150260861655029","-1.0067618739218451","-0.5835337488211789"
"318000","-0.788288910489288","-0.9762093333965167","-0.5454167499575396"
"320000","-0.7779378716617186","-1.0000953745255248","-0.5136007514363718"
"322000","-0.7773136727795474","-1.0307159258674365","-0.5138148187418682"
"324000","-0.7597659113713865","-1.0260575094984379","-0.5183658789574964"
"326000","-0.7420572970911138","-0.9749547542387154","-0.5117857885846734"
"328000","-0.7726954787038486","-1.0098337428017987","-0.5444695961243106"
"330000","-0.7671064364470924","-0.9860915240720644","-0.5589248692908422"
"332000","-0.7715182917200017","-1.0095213486227004","-0.5293251539408556"
"334000","-0.7630909684585415","-1.0202973596798983","-0.5092982075988877"
"336000","-0.754402076047517","-1.0218977095573938","-0.5110702491968004"
"338000","-0.7320547697404024","-1.0000349001135473","-0.5242441971939225"
"340000","-0.7296958751583821","-1.0432030621865562","-0.4978049936548741"
"342000","-0.7219634497615175","-1.0312968699663323","-0.4790822725103316"
"344000","-0.748395293415666","-1.0608397387113804","-0.5106757703277363"
"346000","-0.757190124776817","-1.0704635490962682","-0.5425172854025696"
"348000","-0.7561189819028891","-1.035483873756035","-0.5512250793108214"
"350000","-0.7698919233681166","-1.0425775728965092","-0.5456302407073345"
"352000","-0.7709713393688228","-1.0532629534670996","-0.5535870308879203"
"354000","-0.7552753162865252","-1.065184752793415","-0.5216277536874077"
"356000","-0.7400628546695819","-1.0683850537818507","-0.4840015752065483"
"358000","-0.7385432775071629","-1.0972545422940165","-0.4762796032286934"
"360000","-0.7171087363825647","-1.0711303320946755","-0.4803077647368992"
"362000","-0.729264190846016","-1.0692623356748954","-0.5093722888394187"
"364000","-0.7412371178550409","-1.060797719962953","-0.5075920049806883"
"366000","-0.7595045042611771","-1.0574791790648015","-0.5687166846709153"
"368000","-0.7733384303091371","-1.0262057739412995","-0.6456883459460004"
"370000","-0.773693248185448","-1.025600181143731","-0.6452568138464194"
"372000","-0.7596014341252629","-0.9962930968869474","-0.6229798672169236"
"374000","-0.7290761601688732","-0.9363690664906753","-0.6020883374417209"
"376000","-0.7133754507754505","-0.9465557103239698","-0.5578498472724351"
"378000","-0.7254122519894409","-0.9694831515279367","-0.5813305017626152"
"380000","-0.7277444836575876","-0.9322164746251658","-0.606740013228522"
"382000","-0.7259409652429422","-0.9464769567389739","-0.6073062351329609"
"384000","-0.7458875913675159","-0.9333780048553598","-0.6295559362810927"
"386000","-0.7520614526669281","-0.9155920130618616","-0.6513973631614353"
"388000","-0.7435327198404993","-0.8986653206257614","-0.6627675709662144"
"390000","-0.7257013813273758","-0.8851514149198775","-0.6165123264067077"
"392000","-0.7163132595364369","-0.9028419531201363","-0.5990104726485661"
"394000","-0.6888570465904559","-0.856296878967376","-0.5945856841640706"
"396000","-0.6983072747011296","-0.8695855098687463","-0.6038798043734205"
"398000","-0.6968317806749317","-0.8463043110542349","-0.6112644353176584"
"400000","-0.7076719187632613","-0.8924016518792486","-0.6137210943074315"
"402000","-0.7083913319235592","-0.8657939329750952","-0.6042699337144731"
"404000","-0.6955586950363807","-0.8789294584103046","-0.56442990191438"
"406000","-0.6981184168322598","-0.8837763984436697","-0.5953090117009707"
"408000","-0.6892624706289056","-0.8759941412108547","-0.5917495561442229"
"410000","-0.6964461097991389","-0.8704822707251242","-0.6040249821990147"
"412000","-0.6937843917654055","-0.8949554846678454","-0.592756440823614"
"414000","-0.7016944309592756","-0.9098372681603594","-0.5962836950116324"
"416000","-0.6949011473489669","-0.9005481509321198","-0.5784565722728148"
"418000","-0.7007855168350973","-0.9216545067299101","-0.5619272526479326"
"420000","-0.7245292208053828","-0.9287100622728413","-0.577368219934404"
"422000","-0.7052626485548833","-0.8937903108105474","-0.573034389428096"
"424000","-0.7161341934984042","-0.9051244367824347","-0.6053445813048167"
"426000","-0.7142995665650385","-0.9054368849422262","-0.6135639935849467"
"428000","-0.6995993181766639","-0.8788102045969518","-0.6097934964454035"
"430000","-0.6962705130500625","-0.8496077597970089","-0.6135684034904698"
"432000","-0.7008023281459755","-0.8423396310626995","-0.616927385606803"
"434000","-0.6978611932347122","-0.8232875485855621","-0.6206519341211534"
"436000","-0.6906569901336553","-0.8117232260163583","-0.6060363688095242"
"438000","-0.6912192571114016","-0.790885475438059","-0.5957811416775222"
"440000","-0.6832272474164033","-0.7662621432840534","-0.593824785717763"
"442000","-0.6653214497038886","-0.741602508783777","-0.5936676370198838"
"444000","-0.654386943919446","-0.7222240995233588","-0.5912169859036803"
"446000","-0.6459419006246135","-0.7083888589665004","-0.5868729274732759"
"448000","-0.6417391447437998","-0.7423412252105482","-0.5678399296266725"
"450000","-0.6383412388526013","-0.7848068723911128","-0.5412097611377249"
"452000","-0.6316237552014464","-0.7747737500751102","-0.5298509208730829"
"454000","-0.6405780510611961","-0.763485335974925","-0.5432109172114579"
"456000","-0.6568464020611149","-0.7519410176076634","-0.5724367448013219"
"458000","-0.6789793767794826","-0.7557895339110111","-0.5983491972807389"
"460000","-0.656444122447032","-0.7286033586866398","-0.6159436929342956"
"462000","-0.6804470135182893","-0.7717605699847628","-0.6336448655401183"
"464000","-0.6653520756957308","-0.7474789763423613","-0.6237123395998789"
"466000","-0.6638340398266944","-0.7520924510969782","-0.6092093477181663"
"468000","-0.658411049542814","-0.7324592275831384","-0.6161492564679648"
"470000","-0.64494142941317","-0.7196347346308177","-0.5960811694160912"
"472000","-0.6652441306864495","-0.7115234535413331","-0.6101424701910291"
"474000","-0.6625648873961184","-0.686039444050781","-0.6333147683748104"
"476000","-0.650243652423737","-0.6863820560351886","-0.6010120411873214"
"478000","-0.652641631468636","-0.7056530961106475","-0.6050456288124552"
"480000","-0.6513435964620281","-0.670209409190691","-0.6342261809172451"
"482000","-0.6473604508388369","-0.670832340501773","-0.63145291659937"
"484000","-0.6496215757769813","-0.6691211874599686","-0.6271055782528966"
"486000","-0.6570681465165582","-0.6728702911323053","-0.6275945485081176"
"488000","-0.6326524965459382","-0.6929260898644971","-0.5914652554623899"
"490000","-0.6065221849147481","-0.6418471286748354","-0.5682547243226438"
"492000","-0.612330115670439","-0.6499760513072944","-0.5693085097084988"
"494000","-0.6219382840858684","-0.6637883071606595","-0.5800615601915634"
"496000","-0.6384424384684135","-0.6898289007783716","-0.5900074493609136"
"498000","-0.6433889991473977","-0.6779448680054595","-0.599369005144923"
"500000","-0.6398948881317404","-0.7057211275643114","-0.598023699829704"
"502000","-0.650019836315892","-0.7059396827272342","-0.5982170745212353"
"504000","-0.6687664558094953","-0.7327111045936673","-0.6217928391135066"
"506000","-0.6374789121743506","-0.6735176745324225","-0.5981511055094306"
"508000","-0.6392429159441825","-0.6570837677370456","-0.6110200516826589"
"510000","-0.6403113889560003","-0.6483723517680191","-0.6351685511191192"
"512000","-0.6339662546597035","-0.6752565051057027","-0.6131637098368611"
"514000","-0.6259743814843225","-0.6522682858678164","-0.6091888631714338"
"516000","-0.6505701592780176","-0.6744219660205999","-0.6318306323407451"
"518000","-0.6368982229410061","-0.6576544120361213","-0.612582414385397"
"520000","-0.6556906521115192","-0.7191533618954128","-0.5902859370312072"
"522000","-0.6705860635761524","-0.738444673746184","-0.6238887330886791"
"524000","-0.6681615876817336","-0.7296401370450041","-0.582459685947455"
"526000","-0.6532021504330018","-0.6965468409166788","-0.5726239626989118"
"528000","-0.6549872320898456","-0.7239935174352141","-0.5644154502822203"
"530000","-0.6316850331156529","-0.6880247129329292","-0.5207443378577591"
"532000","-0.6341133477207211","-0.7061693394571195","-0.5132029781959137"
"534000","-0.6352422128720961","-0.6981380469925352","-0.5216381257889443"
"536000","-0.6446679332706718","-0.7255471030776007","-0.5260327956714318"
"538000","-0.6371946513762977","-0.704759063880707","-0.5458993116415803"
"540000","-0.6531478304148224","-0.7213070219528857","-0.5719351765809116"
"542000","-0.6583494768483932","-0.7271458869536873","-0.551711745776236"
"544000","-0.6538406884012257","-0.7471543171007653","-0.5352586737618548"
"546000","-0.6277449441680304","-0.6887579738833592","-0.5469233891517506"
"548000","-0.6013327432402136","-0.6604497691949508","-0.5179188189918641"
"550000","-0.5787584715999533","-0.6645992188498056","-0.4944135561828152"
"552000","-0.5860433117857695","-0.680282485044343","-0.4764452248032322"
"554000","-0.5835216461398995","-0.663609618350878","-0.47991067676522653"
"556000","-0.5913858629130108","-0.6882122625187186","-0.4800464210188658"
"558000","-0.5999242126972616","-0.6972501180931141","-0.4852933260409336"
"560000","-0.601027959347488","-0.7298414650433842","-0.4685566068909538"
"562000","-0.6188440500725556","-0.7423680555294413","-0.49431654152008014"
"564000","-0.6228180395719003","-0.7275583677399118","-0.5110056529281009"
"566000","-0.6190026539275277","-0.7527296210792994","-0.4785804346637906"
"568000","-0.602828228645459","-0.7008180171726416","-0.4887289985585831"
"570000","-0.6009078000387192","-0.7101681256964949","-0.484827745687844"
"572000","-0.6485751771655445","-0.7862475220179331","-0.514754213308961"
"574000","-0.6545427865359628","-0.752781924885232","-0.5298437704762636"
"576000","-0.660621153470857","-0.7443952092609833","-0.5315605945661974"
"578000","-0.6827888828094881","-0.749069413888734","-0.5640206228072366"
"580000","-0.6787345343809726","-0.7780848242079373","-0.5422982645458415"
"582000","-0.6864640796005363","-0.7803859742067288","-0.563454281589775"
"584000","-0.6721930906828112","-0.7438159334596712","-0.5699538946455596"
"586000","-0.6661638062386781","-0.7077527651602867","-0.6162649465006562"
"588000","-0.6541446107790309","-0.683192091836827","-0.6000120225485172"
"590000","-0.644724940617798","-0.6845833992355038","-0.5685428357857054"
"592000","-0.6545414671610511","-0.7024159010059666","-0.5723630889095039"
"594000","-0.6564120790706218","-0.7081149018941681","-0.584699308117004"
"596000","-0.6685945814819229","-0.7369033518017273","-0.5962771364775944"
"598000","-0.6290921891106177","-0.7012342265442015","-0.5562444011108602"
"600000","-0.6263978218702553","-0.6873364510383285","-0.5735165347004805"
"602000","-0.6079868169026363","-0.6480652095615692","-0.5515219240536827"
"604000","-0.5993621143582094","-0.628325842829468","-0.5587462982299186"
"606000","-0.5858087144939162","-0.614351844481705","-0.5691500310224947"
"608000","-0.5773017571667783","-0.6021003342690414","-0.5616787556720083"
"610000","-0.5682725202183527","-0.5825975760901393","-0.5416931790629752"
"612000","-0.5624098827041611","-0.5959890869062521","-0.49937851411144957"
"614000","-0.5469220656130264","-0.5703679275714686","-0.5010408590091976"
"616000","-0.560337770826033","-0.592200195918314","-0.5236083863182576"
"618000","-0.5483042204840692","-0.5832155224039671","-0.49086103643910617"
"620000","-0.5408677854413173","-0.573359416899407","-0.4806427762244422"
"622000","-0.555809971738273","-0.5782520580064329","-0.52569761457984"
"624000","-0.5414105905483396","-0.5780755057538909","-0.5058896246111546"
"626000","-0.5591781881270238","-0.5994611112651027","-0.5238115056673124"
"628000","-0.5506185158549243","-0.605966606580375","-0.49888586464003304"
"630000","-0.5402095208586056","-0.5915716498430257","-0.4756885513615854"
"632000","-0.5487649450787089","-0.6301587537151783","-0.48273844556408585"
"634000","-0.5460492494943324","-0.6307738042934671","-0.4655041126552096"
"636000","-0.5498074204143032","-0.5911382350679142","-0.47821867133255"
"638000","-0.5448664639640138","-0.5927271747393389","-0.46054950658752936"
"640000","-0.5495162813254375","-0.6289664057784393","-0.4497590557067161"
"642000","-0.5427875402155619","-0.6354428765167396","-0.41338539500445776"
"644000","-0.5342312845478853","-0.6145421761968319","-0.421871358085933"
"646000","-0.5125746972821235","-0.5891395177169616","-0.39040527332057534"
"648000","-0.4918872220337629","-0.5678158896470122","-0.3760330509324121"
"650000","-0.4562677317843506","-0.5403892763918993","-0.34107962114825213"
"652000","-0.46702300107878547","-0.5948783619503811","-0.34122402385594613"
"654000","-0.4736296205732968","-0.6167784801011295","-0.34298659495329775"
"656000","-0.5005092607071493","-0.6256254352678661","-0.405648836600085"
"658000","-0.4991362808111081","-0.6028001129419135","-0.4325534123801191"
"660000","-0.5030011367635695","-0.5912848038414086","-0.455359345348974"
"662000","-0.5036869344777358","-0.578161492827494","-0.4402795611708681"
"664000","-0.5059442399800452","-0.5223631062203205","-0.48420241851656115"
"666000","-0.49239054211270683","-0.5454835581823427","-0.46185690921984146"
"668000","-0.47899763583665855","-0.5336986712000509","-0.4380062885197403"
"670000","-0.4810119873969391","-0.5581796955144456","-0.3757679687001801"
"672000","-0.4985536926447664","-0.58590160544404","-0.3804461637173371"
"674000","-0.5162600474340567","-0.58261810142548","-0.4234587419660819"
"676000","-0.5356414208095339","-0.6177391837618308","-0.43306630364558074"
"678000","-0.5398790023371415","-0.6427721283456305","-0.39476218205172336"
"680000","-0.5126692840930883","-0.6218057660440209","-0.3523713013105443"
"682000","-0.4917622916240181","-0.6201001373769942","-0.3012169736363286"
"684000","-0.48347420864276874","-0.6364031762239285","-0.27694459056310017"
"686000","-0.49933952083548866","-0.6498374105590156","-0.33140624725131784"
"688000","-0.48987305309406054","-0.6437787660356371","-0.3431588885259117"
"690000","-0.490883382798323","-0.6248023711794232","-0.3829209476640682"
"692000","-0.5182065251659126","-0.6673434115483832","-0.4132100629837951"
"694000","-0.5279200807840688","-0.732630459638429","-0.41127333114447545"
"696000","-0.5267655039725732","-0.7460322012451944","-0.40661336061812475"
"698000","-0.5529621648395583","-0.7837821285353858","-0.40424767672771134"
"700000","-0.5498942028123647","-0.7664435341657955","-0.3976078751371825"
"702000","-0.5177497765539963","-0.7537780827192475","-0.33999296730553036"
"704000","-0.5027205303069892","-0.7343289434490727","-0.3223514503254992"
"706000","-0.5224474318862518","-0.7978112175448334","-0.3161534397894867"
"708000","-0.539396717961614","-0.8192305096698693","-0.3125926193494234"
"710000","-0.5453911060679174","-0.818427614638582","-0.3285626895420429"
"712000","-0.5520395925716083","-0.86024067512108","-0.30971812079250244"
"714000","-0.5496020514081982","-0.8624779061232695","-0.315789424590621"
"716000","-0.5447713578064026","-0.8848492796872743","-0.2890638007807721"
"718000","-0.5322642692023783","-0.887266033754102","-0.27023894191213194"
"720000","-0.5182076540303299","-0.8647155704285251","-0.27516254279512226"
"722000","-0.521564215220203","-0.8594583734472983","-0.28007519553188476"
"724000","-0.5049386549088547","-0.8236581542849308","-0.29482218029751683"
"726000","-0.475587734846248","-0.7652654954873725","-0.30413355851697277"
"728000","-0.4898278943894208","-0.755057094558957","-0.3309186561236857"
"730000","-0.5164723937948245","-0.775374348034966","-0.37692934969963976"
"732000","-0.5162008556676132","-0.759829762560432","-0.3825393974420732"
"734000","-0.5032617265187606","-0.7359601493693188","-0.3755765113330563"
"736000","-0.506270435899033","-0.6950842243351508","-0.4107150353066973"
"738000","-0.5011059843993984","-0.6903182390630245","-0.38918855668269686"
"740000","-0.49783243748043376","-0.6585983492410742","-0.3787753663981277"
"742000","-0.5016785941400571","-0.6452995796770847","-0.3531160386046105"
"744000","-0.5243232613982037","-0.6493646865472256","-0.3977018441857072"
"746000","-0.5219429217121047","-0.6611139543328028","-0.3681797785097734"
"748000","-0.5328927490701147","-0.6751816392537731","-0.37250209120661026"
"750000","-0.5391957820781949","-0.6723209745750356","-0.3897987893216778"
"752000","-0.5572514391554433","-0.6467284890796583","-0.39424413809602254"
"754000","-0.5587098818760472","-0.650544642811321","-0.3778922570271242"
"756000","-0.5573700000539685","-0.6410361111000386","-0.39118993261727153"
"758000","-0.5595465974062827","-0.650406951653451","-0.3907499159521249"
"760000","-0.5745047007044826","-0.6626698940033822","-0.4353072671951086"
"762000","-0.577812834609169","-0.6509353053950038","-0.43871262456153637"
"764000","-0.5801259911738501","-0.6855899699942383","-0.3986621984226221"
"766000","-0.5869738140663782","-0.6812812508071947","-0.4112173878563625"
"768000","-0.5799538167984623","-0.6954151828007888","-0.4092498925099208"
"770000","-0.527256005407704","-0.6260698968435754","-0.33334101457675575"
"772000","-0.5219144877342964","-0.6253644396975143","-0.3325567975636514"
"774000","-0.5230972164623041","-0.6235516647258629","-0.3544884899989993"
"776000","-0.5024747028284037","-0.6097647610374116","-0.3460892872906697"
"778000","-0.4944931038023448","-0.5830804066696001","-0.33545759693099536"
"780000","-0.4988134285845154","-0.6042012112159574","-0.33490666099202643"
"782000","-0.4860189073643803","-0.597752451345732","-0.314347710095768"
"784000","-0.4786283646684606","-0.561852420763753","-0.3254462782238407"
"786000","-0.46541352279647014","-0.5523248708389583","-0.3322098414863722"
"788000","-0.4724738009592353","-0.5647873044279986","-0.33381361051656133"
"790000","-0.4685616858562717","-0.5872013585219392","-0.3386631666385366"
"792000","-0.4327137730591882","-0.541229285531328","-0.3315645299023746"
"794000","-0.45206272521711566","-0.5703220254253829","-0.35144303051529285"
"796000","-0.4561334512528507","-0.6032609937882225","-0.3658911816108303"
"798000","-0.46773709710774236","-0.6347430116629694","-0.3748064157223854"
"800000","-0.4600861236443888","-0.5678949336626101","-0.38508600086500516"
"802000","-0.4697515255178004","-0.5950259707432706","-0.39186946560136854"
"804000","-0.4451263184322561","-0.6059165479966905","-0.31123316595971123"
"806000","-0.4274149159871898","-0.5914324345594505","-0.30617182784189934"
"808000","-0.4481906358568679","-0.5895885521189483","-0.3269701514705085"
"810000","-0.4646412419749601","-0.6413674610177695","-0.30458260035439155"
"812000","-0.4556650253872952","-0.6784644612944394","-0.26549788390728646"
"814000","-0.43441723405920857","-0.6842965338161158","-0.23637729348647551"
"816000","-0.43725077808215557","-0.6691288272974489","-0.2576936077930514"
"818000","-0.4421293213345525","-0.687463184007298","-0.2699471903347657"
"820000","-0.4533541293007232","-0.6685128440790287","-0.28773384762157367"
"822000","-0.46740667893340654","-0.6892484454663355","-0.32048620531915367"
"824000","-0.46601859079772723","-0.6889393970555103","-0.31758449770246083"
"826000","-0.4811572275341229","-0.695035632127634","-0.33564001342716077"
"828000","-0.49212222290499025","-0.7129979004894558","-0.3476006760831588"
"830000","-0.5072609172021633","-0.7452535926398997","-0.35118772601409737"
"832000","-0.5525446945635268","-0.7850514321198862","-0.415020695936437"
"834000","-0.5608090154556534","-0.7950949679610494","-0.412095124429594"
"836000","-0.5292195900067044","-0.7306428919199098","-0.4107631815504648"
"838000","-0.5268934027599693","-0.6944696241549865","-0.42360042977924617"
"840000","-0.5499741903444617","-0.7243668446995035","-0.4599367231231664"
"842000","-0.5344403572442995","-0.6909428933063936","-0.4405211105711642"
"844000","-0.5355373718348929","-0.7021742490647778","-0.4168328637404484"
"846000","-0.550223317827052","-0.7235064616432828","-0.4197410316770548"
"848000","-0.5590313242958049","-0.7166442684119285","-0.4704790968988673"
"850000","-0.5620456655037076","-0.6927610794850881","-0.47596978520078126"
"852000","-0.5559751494406835","-0.6367814842923799","-0.4960924306759844"
"854000","-0.5635088548058823","-0.6510534244184637","-0.4956331336180885"
"856000","-0.557708941304205","-0.5957334216880519","-0.4903344717178115"
"858000","-0.5305190548576842","-0.5963167758358069","-0.4527629743680447"
"860000","-0.542563242176652","-0.639754318928066","-0.46738397069727955"
"862000","-0.54647225613075","-0.6378802924263693","-0.4812968788210857"
"864000","-0.5215503886356808","-0.577226523452362","-0.4512841012762948"
"866000","-0.49725432500355726","-0.529844230704046","-0.4723729153302121"
"868000","-0.4665604784896374","-0.5298559186768179","-0.41362326476337336"
"870000","-0.4410013314724832","-0.4452590134655983","-0.43887115301644386"
"872000","-0.43285188745887243","-0.44126274053553066","-0.42603458035970837"
"874000","-0.41486195869429987","-0.45034961334618123","-0.38171939368034513"
"876000","-0.401518566917","-0.4334079974909183","-0.3819578752543605"
"878000","-0.42931252906826317","-0.4379395791017743","-0.41703498169510567"
"880000","-0.40131911556391925","-0.40875839524765634","-0.3922328762615217"
"882000","-0.4256730316770869","-0.46941392418506445","-0.38513242643355616"
"884000","-0.40740953353511583","-0.49523970126404315","-0.3467736807255861"
"886000","-0.4102418656721081","-0.505828968048998","-0.30977301873143004"
"888000","-0.4024267900650254","-0.5500885464054154","-0.29124222911860853"
"890000","-0.37886576888860635","-0.5383763672899077","-0.2846805418225267"
"892000","-0.40097828403944735","-0.5685990506937816","-0.3055734175696561"
"894000","-0.4144484806786009","-0.5634746646835557","-0.32975012571588735"
"896000","-0.41216157294991235","-0.545236210479503","-0.3345370434675424"
"898000","-0.4127493557615866","-0.5435986293748285","-0.34095076386342416"
"900000","-0.43043896034113044","-0.5892127267511824","-0.3389420327258413"
"902000","-0.4144495442549185","-0.5490898202365061","-0.34535340869231745"
"904000","-0.4206162115728124","-0.5914441269087403","-0.33105542781110864"
"906000","-0.4099748815985853","-0.6011673732093332","-0.3019324638067337"
"908000","-0.3945318936403055","-0.614515181770621","-0.24183214167860573"
"910000","-0.4062863819651103","-0.625604522859052","-0.27681896994332794"
"912000","-0.410774913001209","-0.6360219247875066","-0.2951213156897575"
"914000","-0.3867527570797442","-0.5987238463219257","-0.2459167675818317"
"916000","-0.37608370852169354","-0.5843675821910148","-0.2674566230997443"
"918000","-0.3669659365482094","-0.5530256537045353","-0.26872038376033575"
"920000","-0.385215340202082","-0.5613836080888287","-0.2763459080784815"
"922000","-0.3855760440240066","-0.572593404800864","-0.2750509336591932"
"924000","-0.39133142929793335","-0.5784563984365668","-0.24213780160293394"
"926000","-0.38815835617963784","-0.5930516047554556","-0.21682583893228727"
"928000","-0.37504085465615633","-0.6212763574027921","-0.1879692137851234"
"930000","-0.39716676585207406","-0.6383971007467482","-0.18609457884727454"
"932000","-0.4039848591164464","-0.6078751384514617","-0.19603267017517642"
"934000","-0.41145607953233715","-0.6226946074148874","-0.1994951034516707"
"936000","-0.42929306250291427","-0.6367682216747199","-0.21114710062068476"
"938000","-0.42373470391316914","-0.6232048102116678","-0.19636549777608883"
"940000","-0.45503504122472865","-0.645564860374434","-0.27006704038173485"
"942000","-0.4607186349813935","-0.6314989845219535","-0.2716079372509993"
"944000","-0.5063520853031332","-0.68336851259158","-0.298045373596964"
"946000","-0.5087738426764395","-0.7201738939800415","-0.28835865287635537"
"948000","-0.5080353837557814","-0.7287508201175953","-0.2609497221370838"
"950000","-0.513904222612627","-0.6947512809772163","-0.29416136836298384"
"952000","-0.5218845672178904","-0.7048653868098627","-0.3128137678328493"
"954000","-0.5349996977711816","-0.6787266059631365","-0.32334588526436703"
"956000","-0.5177763087138753","-0.6649629720921513","-0.31231806913917537"
"958000","-0.5138675741488239","-0.7067346050945926","-0.27403267096882344"
"960000","-0.4925607231507823","-0.6762330757339369","-0.25012096351792573"
"962000","-0.49991213940527607","-0.6768378758148174","-0.26334673002769704"
"964000","-0.5041536793084164","-0.6507712242289563","-0.27665434388339055"
"966000","-0.48735804629617174","-0.6665082294985767","-0.23877197552972948"
"968000","-0.5004411706472387","-0.6927116721284692","-0.27375261561747183"
"970000","-0.5017968701992678","-0.7245687594705379","-0.2740207081175177"
"972000","-0.4585970516811482","-0.6701525067284239","-0.23591181968175806"
"974000","-0.4504231607851062","-0.6417250831595157","-0.26641600320045844"
"976000","-0.4481986771622957","-0.6518216857896186","-0.27896826468093794"
"978000","-0.42589742590801477","-0.6500923000419861","-0.26112251244012813"
"980000","-0.4233709201562939","-0.6379130429317593","-0.28035422410762484"
"982000","-0.4369415913753319","-0.6342069575633686","-0.3274551034461948"
"984000","-0.44632264803822314","-0.678792329189677","-0.3227036712481241"
"986000","-0.4367282210060403","-0.6641936500047632","-0.3005727574966332"
"988000","-0.4395465046350983","-0.6515141731364021","-0.27237715279614716"
"990000","-0.41559348818089","-0.6664912244503687","-0.19182290490831297"
"992000","-0.4062488556717108","-0.6290863426914476","-0.1686986146345844"
"994000","-0.42112951335204346","-0.6336978185398076","-0.19904525702820325"
"996000","-0.4048032385460309","-0.5921134326232169","-0.19937957213587293"
"998000","-0.404503882894643","-0.5639695309007112","-0.22183023650485484"
"1000000","-0.40258954749168224","-0.5916623824487943","-0.20072452808076563"
"1002000","-0.39917106426052135","-0.6000830474136494","-0.2104425951759368"
"1004000","-0.40590186893794833","-0.6204302689073703","-0.23497472469321296"
"1006000","-0.3939555929617382","-0.5743733455572255","-0.23900367379909593"
"1008000","-0.38227605603732573","-0.604184831877894","-0.22537829435947793"
"1010000","-0.3826516701990987","-0.595312898046759","-0.21546295427098092"
"1012000","-0.3901545375025138","-0.5535674348636095","-0.27913701988491085"
"1014000","-0.3896926154983303","-0.5586596668161947","-0.2644226176927987"
"1016000","-0.39212922976888515","-0.5688708897311735","-0.28179018064036065"
"1018000","-0.383357649621173","-0.5424144422332321","-0.2931004519907292"
"1020000","-0.3713861287627491","-0.4969759576288344","-0.280883535704168"
"1022000","-0.33222295058735235","-0.46712124169737224","-0.24968668887211243"
"1024000","-0.3416970016704557","-0.47073132653374344","-0.26254814823117345"
"1026000","-0.36406233008717886","-0.48685754210807525","-0.2760390663787839"
"1028000","-0.3923208019999609","-0.535624647765275","-0.30441201009816726"
"1030000","-0.3746351069703355","-0.5289663298560191","-0.29569378854780376"
"1032000","-0.37768089556663503","-0.530315976258542","-0.29362743229913757"
"1034000","-0.3995074478685727","-0.5525544061578695","-0.3180469706424629"
"1036000","-0.40225844705542757","-0.5283090543932633","-0.3335089879111037"
"1038000","-0.41450212010842535","-0.5476669089306963","-0.347610101025377"
"1040000","-0.4121615003750428","-0.49621145874756634","-0.3700802756046879"
"1042000","-0.4079002154323503","-0.5321838095642744","-0.330311504444898"
"1044000","-0.4257916338721836","-0.5364456137985109","-0.36097790501588073"
"1046000","-0.4542462766601765","-0.5802423298920621","-0.36106373732954433"
"1048000","-0.472971107292973","-0.5812861214348233","-0.3888168214040173"
"1050000","-0.4651091112461283","-0.6084528582834756","-0.37186896109429407"
"1052000","-0.4701952142919561","-0.6002049468756305","-0.3980615634625403"
"1054000","-0.4692470943985237","-0.5856104922305824","-0.4078091101436269"
"1056000","-0.48758549885448305","-0.5852680024748116","-0.43205771629407247"
"1058000","-0.49583866885118244","-0.5773529487667984","-0.45183516075460817"
"1060000","-0.48238121412221996","-0.5670782613639167","-0.42758341354854906"
"1062000","-0.4981387287618005","-0.5936655934885057","-0.4431169074666176"
"1064000","-0.4795518415969539","-0.5744446754715319","-0.41862268642394335"
"1066000","-0.49189555900746446","-0.6191009481741496","-0.41862281067704316"
"1068000","-0.4599346674190443","-0.5967193829711905","-0.3734099503264588"
"1070000","-0.4446868314395384","-0.5776614507617341","-0.357151397638285"
"1072000","-0.42792892712075375","-0.561430369069698","-0.2872235546976154"
"1074000","-0.4240966941586144","-0.5799195765804179","-0.25849505505329584"
"1076000","-0.41153168819345215","-0.5598379843894074","-0.23133595165601584"
"1078000","-0.4084578729738822","-0.5356798588642415","-0.25159420712283465"
"1080000","-0.39566305464134705","-0.5344871683229723","-0.21248031164231362"
"1082000","-0.38402329973834387","-0.5195904989109841","-0.18749752721507687"
"1084000","-0.3522281360539164","-0.47403987396234887","-0.17450614270186635"
"1086000","-0.3461903569118064","-0.49886857198929646","-0.14007914558649645"
"1088000","-0.3390055988547502","-0.509880093588552","-0.14062551006316792"
"1090000","-0.3439142340218071","-0.5051438620372792","-0.12272113373471076"
"1092000","-0.34332314690225035","-0.49189883561973696","-0.12865536443787282"
"1094000","-0.33195045937249845","-0.4901139026303427","-0.09851675150170927"
"1096000","-0.35003894554109016","-0.5053169093169854","-0.10904214428877458"
"1098000","-0.3604817077953691","-0.5290802749158465","-0.1420134398748633"
"1100000","-0.3423799063249038","-0.5081646385482164","-0.11212535119452521"
"1102000","-0.33993578211298764","-0.4908142096117954","-0.11492420038883581"
"1104000","-0.31886371267956687","-0.48452893391036206","-0.11536495304270655"
"1106000","-0.30491012034073484","-0.46810690924897796","-0.1201233177852119"
"1108000","-0.29130302010483994","-0.4815560525236652","-0.13824334673176064"
"1110000","-0.2935450215107085","-0.5062089892504736","-0.11118090912944177"
"1112000","-0.29418473004005136","-0.5087222938304766","-0.15457600533554808"
"1114000","-0.2627244462470881","-0.4830090411156416","-0.12739437162654949"
"1116000","-0.2488181408976938","-0.47969048503227546","-0.11683689807949131"
"1118000","-0.2004056661215691","-0.44715905575081716","-0.04280563837348026"
"1120000","-0.21515429201264605","-0.45247771673556414","-0.05055630131100775"
"1122000","-0.21560512035218882","-0.47280312924366447","-0.036344538927893195"
"1124000","-0.19500155370580932","-0.47140773403923963","-0.016532008092966885"
"1126000","-0.16014207897179422","-0.45659393903426837","0.032808166624250595"
"1128000","-0.164777125105915","-0.47549790550023324","0.004870027853845418"
"1130000","-0.1928324909446052","-0.5081423759598401","0.020714576759113763"
"1132000","-0.18334723149074583","-0.5512076043671115","0.05819318817296889"
"1134000","-0.1809966082397729","-0.5456574600840104","0.08513482742159983"
"1136000","-0.1642991876908633","-0.5293289277728763","0.12782493808501755"
"1138000","-0.20071539225614554","-0.5507868777437251","0.11869683157940751"
"1140000","-0.19476558095826926","-0.5487603874633205","0.1610634002242878"
"1142000","-0.2072891493400175","-0.5545908024430392","0.18513098094376632"
"1144000","-0.2160983852789974","-0.5619490592943621","0.12969303138807306"
"1146000","-0.24577946035956208","-0.5872258818650734","0.08241573569385224"
"1148000","-0.20703188273514994","-0.5581663739632932","0.1597777983683337"
"1150000","-0.22658832870596132","-0.543985828735691","0.13373203150715565"
"1152000","-0.2243950087966479","-0.5596611886143801","0.1552975818625419"
"1154000","-0.2405913942919932","-0.5524231747410377","0.18328741630201698"
"1156000","-0.24238379962325055","-0.5604498975980678","0.1840529490419431"
"1158000","-0.2159899951597084","-0.5593821080874186","0.2659467474286212"
"1160000","-0.1851126718804347","-0.5510022950384301","0.3141031251059613"
"1162000","-0.18558410409344658","-0.5627080535457936","0.33350295322516466"
"1164000","-0.172750439736609","-0.5438882655778435","0.3509764191486465"
"1166000","-0.1709707406982246","-0.584208977958886","0.39220071486549585"
"1168000","-0.1540375305370981","-0.5593122048664373","0.4276483873741527"
"1170000","-0.123077770398954","-0.5432935886231717","0.4894069703406131"
"1172000","-0.08376853646125045","-0.5303752608669456","0.5780712775630819"
"1174000","-0.08769706120417682","-0.536163498797221","0.5727989368443087"
"1176000","-0.054822018834787135","-0.5217318790748251","0.6362423237128825"
"1178000","-0.01935870457977153","-0.517687071910652","0.6889583382778512"
"1180000","-0.0009671832466198738","-0.4913127046530718","0.6899114413506614"
"1182000","0.025752765464983896","-0.45424314980866626","0.7076495816736279"
"1184000","0.06152212837251558","-0.4356124458423002","0.7538694064019511"
"1186000","0.030967950757015156","-0.4269851770464448","0.7106042575680915"
"1188000","-0.0019617705722150824","-0.44571781088860013","0.6549043952413779"
"1190000","0.03051308467469001","-0.43311510296986677","0.7164344079692966"
"1192000","0.039630636011375876","-0.4309532870005933","0.7011401862681962"
"1194000","0.07433705152364987","-0.4767215221159276","0.8040448057491448"
"1196000","0.07408887187139712","-0.4688053024195251","0.8019256758881385"
"1198000","0.08048232542085117","-0.4835156508999062","0.871422827610269"
"1200000","0.08605045179014797","-0.474761967968021","0.8919031895707189"
"1202000","0.1186742055366077","-0.47354040455707586","0.9627687539580397"
"1204000","0.11402210353127983","-0.4863997618716676","0.9896019649609109"
"1206000","0.1059422674127694","-0.480707420889521","1.010799337247957"
"1208000","0.09171010411894083","-0.47625404839985996","0.9669478702543449"
"1210000","0.07553132713355477","-0.5098474031990337","0.9907906982785236"
"1212000","0.07938446874790717","-0.52341756451744","1.0423331883259264"
"1214000","0.12810890015917817","-0.5295876520095334","1.1778089819725601"
"1216000","0.13281084699106857","-0.5281878312347399","1.2250482823688538"
"1218000","0.13865730926876416","-0.5181288905503171","1.269405449480098"
"1220000","0.1215844758161576","-0.4986202950464503","1.2220535108627986"
"1222000","0.06972919975444573","-0.5069502646979818","1.116852550893021"
"1224000","0.0404492447290035","-0.5309203028307238","1.0609950783394044"
"1226000","-0.0019394170807627658","-0.5444390225262323","0.9799082643282017"
"1228000","-0.037140107374020535","-0.5437065698989609","0.9273762852469808"
"1230000","-0.08816147209771885","-0.5461163679995517","0.7954695775904113"
"1232000","-0.07602903343003768","-0.5513755961217394","0.8508983877185383"
"1234000","-0.02305043199738982","-0.5475434938816762","0.9727276665428652"
"1236000","-0.012850912516541283","-0.5650460192094616","1.0321495638852942"
"1238000","-0.024022511056607392","-0.5532742546224035","1.0072632171242148"
"1240000","-0.03192476856848462","-0.548632221348882","0.9731921649065918"
"1242000","-0.04588268691130848","-0.5572114320673937","0.9222057626458701"
"1244000","-0.09645316644430324","-0.6006037111668339","0.8021709939222784"
"1246000","-0.09667630581940596","-0.6101983794632325","0.8219347482876509"
"1248000","-0.11100975840584953","-0.5823049624179039","0.7365505913485428"
"1250000","-0.10481019538042052","-0.5565696723159127","0.7147449563633308"
"1252000","-0.0845337641750709","-0.5197569226215292","0.7265544617151499"
"1254000","-0.07434496828798676","-0.5093729884050135","0.786144017675575"
"1256000","-0.056518326049053914","-0.4727784583392076","0.7647545340141843"
"1258000","-0.0511724933387937","-0.48437016719321635","0.7715570623674757"
"1260000","-0.11178602680982554","-0.48416772535720703","0.6312021173145368"
"1262000","-0.1693364217803612","-0.5351476858994957","0.5259267236148917"
"1264000","-0.1941663798768861","-0.530957140248715","0.4414350395310649"
"1266000","-0.22069819207103883","-0.5650895954132816","0.393591257230877"
"1268000","-0.21806627027350398","-0.5872577096135744","0.42616528709108037"
"1270000","-0.19156927270598942","-0.592545660612154","0.4629945180589312"
"1272000","-0.18639997518143617","-0.6112564675407289","0.4611257631090448"
"1274000","-0.1789405210467777","-0.5850802866183026","0.44212489957279466"
"1276000","-0.1842390367405037","-0.6121453681001245","0.4758022876336036"
"1278000","-0.15990077169363537","-0.6195706067387752","0.5588608866995928"
"1280000","-0.18215563231770485","-0.6081047700043806","0.4948471011983493"
"1282000","-0.15531442267845785","-0.5980622588599604","0.5492111582196376"
"1284000","-0.17542249269704913","-0.5920666791691911","0.49216622574851504"
"1286000","-0.18338779839120986","-0.5841883269046522","0.450784334060183"
"1288000","-0.18671163119822934","-0.5674023508784449","0.39364208805988893"
"1290000","-0.20293911746088034","-0.5567005957184449","0.343758200635988"
"1292000","-0.20201864915315917","-0.5228310087179853","0.28110293086615273"
"1294000","-0.19154761593592898","-0.49059625491643966","0.26626367658792877"
"1296000","-0.22325135822763942","-0.5281924641733495","0.19595177222389615"
"1298000","-0.2320060820674117","-0.5455190643739044","0.1802009016808297"
"1300000","-0.24915722714203872","-0.5232500364571898","0.15684463411729666"
"1302000","-0.23162842079980953","-0.5142023646418094","0.14065256810118446"
"1304000","-0.2660468663008981","-0.5074901048807517","0.02011358607362489"
"1306000","-0.27020985115121","-0.487386116660302","-0.024871498673688642"
"1308000","-0.2895887282770457","-0.47514520595558873","-0.08169158645602877"
"1310000","-0.3225703744978275","-0.5059431516934275","-0.1584793540794635"
"1312000","-0.3286751691525726","-0.5134460945965258","-0.1728224300497013"
"1314000","-0.33021682504385647","-0.527101954507176","-0.19171913844433494"
"1316000","-0.32177034856708503","-0.5324797059405829","-0.18071069463377992"
"1318000","-0.30896748256271644","-0.5179041964554927","-0.170897620562354"
"1320000","-0.30043977068742594","-0.5414910544711167","-0.11035039111716383"
"1322000","-0.3206847267273854","-0.550595096722711","-0.15812826206035152"
"1324000","-0.3373040821892948","-0.5411810120833107","-0.18425047844858558"
"1326000","-0.34662767321508353","-0.5478925899458119","-0.20865060721876855"
"1328000","-0.35771757318144687","-0.5699348947727123","-0.2198788428587496"
"1330000","-0.349944965745378","-0.5698914695494097","-0.21467781836280386"
"1332000","-0.31522743471617987","-0.5524157625362933","-0.13279373136415873"
"1334000","-0.32834904777816676","-0.5944658464943715","-0.09267012047555091"
"1336000","-0.3292230180779319","-0.6002110546857076","-0.07264856099287774"
"1338000","-0.2965562527507741","-0.5857401200832758","-0.005493984289670157"
"1340000","-0.28506923811192975","-0.5660594844200606","0.029100415376866282"
"1342000","-0.2918581659911215","-0.5625694203037493","0.025054375980820623"
"1344000","-0.2946039394071001","-0.5761779468211535","0.07561982891161462"
"1346000","-0.2833235434872719","-0.5420606898694023","0.08066936323105622"
"1348000","-0.27951861780382753","-0.5388582113412632","0.06936023077603752"
"1350000","-0.24987173455043135","-0.5071748078260062","0.08975145594288912"
"1352000","-0.22651717307717875","-0.47634738297708845","0.10267912481381064"
"1354000","-0.22255909239312563","-0.4460700672664171","0.11827793753322469"
"1356000","-0.2147363737814546","-0.45434760849263695","0.1260569603839539"
"1358000","-0.21657127765851336","-0.45431146743090367","0.14528162564412916"
"1360000","-0.20599138246595008","-0.4271187945621787","0.12810341911244896"
"1362000","-0.1944615947261652","-0.4099145172408099","0.12074227990297359"
"1364000","-0.19011606751017837","-0.4353315509229217","0.16211198179906927"
"1366000","-0.1807655736149619","-0.41930299090452194","0.14721881745660076"
"1368000","-0.17559305315165788","-0.42550494132421596","0.16939606406009705"
"1370000","-0.1692752393737013","-0.41321033216079384","0.167470907378677"
"1372000","-0.15022746937013867","-0.3977160186494948","0.1539757455367843"
"1374000","-0.15474819090510913","-0.40461394429833314","0.16618041702665945"
"1376000","-0.14858964871233524","-0.3976016113094303","0.18737685043647512"
"1378000","-0.1872784819642994","-0.4429187248987511","0.12225210678476009"
"1380000","-0.19727667617179975","-0.4650967786894544","0.14792690213474718"
"1382000","-0.18446319564863956","-0.46510250359916994","0.16932284861764213"
"1384000","-0.19576258141362488","-0.44533841027951726","0.15304946937303338"
"1386000","-0.21208512920772868","-0.446668544218679","0.09786839885930838"
"1388000","-0.22013607429885548","-0.43591630618000643","0.04685095722871209"
"1390000","-0.20570623808902114","-0.3922482481529588","0.039120735502304306"
"1392000","-0.23111550506553466","-0.3925287689003744","-0.04791000176861693"
"1394000","-0.23091579037539978","-0.3796286987562781","-0.05098633576963767"
"1396000","-0.23634244833265258","-0.3839556042773765","-0.03160811514766101"
"1398000","-0.24245350376044614","-0.39153909959580047","-0.061366366581562"
"1400000","-0.27392517287836626","-0.4193715010982124","-0.11834918269518672"
"1402000","-0.26248492404536716","-0.4088712320704363","-0.13154817283168813"
"1404000","-0.2682029694015267","-0.3997232183313463","-0.13811177375229453"
"1406000","-0.2597499550800179","-0.38874919196881813","-0.1358041413800456"
"1408000","-0.28332067303114555","-0.38769083689071704","-0.20926812812421847"
"1410000","-0.27516953825275664","-0.38331482621925544","-0.1800446315381341"
"1412000","-0.2550073530698065","-0.3749765604838323","-0.15157789100943048"
"1414000","-0.2682188126990854","-0.3681137750003545","-0.1719262334833475"
"1416000","-0.286651844252808","-0.3863780424477591","-0.17741771583900842"
"1418000","-0.28447820040684996","-0.3824762730475923","-0.20325722958570985"
"1420000","-0.27030923725936257","-0.3998180399771373","-0.1482690502797196"
"1422000","-0.26518177253080166","-0.3775222223733145","-0.18488181649211044"
"1424000","-0.24371858988906517","-0.3646927501309257","-0.15391949986775585"
"1426000","-0.23408884739672556","-0.341248427813087","-0.13863602231074768"
"1428000","-0.25249321491188315","-0.3430178565527604","-0.16005660194395752"
"1430000","-0.25343383049637497","-0.3394136070477836","-0.1604859403460723"
"1432000","-0.23745409524162278","-0.3188041709511599","-0.1579766383782244"
"1434000","-0.24341764242564082","-0.31702559330643276","-0.1661069375567367"
"1436000","-0.25390487471138296","-0.36039671191782685","-0.1623972179217908"
"1438000","-0.27500042066925684","-0.36579045336414134","-0.20522687257790856"
"1440000","-0.26154012627125794","-0.3632049983660691","-0.18881735342942738"
"1442000","-0.2587762499005297","-0.386791598764714","-0.17999241729249935"
"1444000","-0.26160552907966034","-0.3678570783336182","-0.1912232982993892"
"1446000","-0.26817794116307087","-0.37154926779988456","-0.18272020495057315"
"1448000","-0.275828800858582","-0.35234351120609786","-0.23008766523327087"
"1450000","-0.2555614856633199","-0.33735241022240375","-0.1725380690022766"
"1452000","-0.2720944751980348","-0.32020448842691257","-0.2382206959828973"
"1454000","-0.24019556159032165","-0.3073375472753833","-0.16655696315949448"
"1456000","-0.21855441589801772","-0.3034714805094118","-0.12122450276786824"
"1458000","-0.19008681916718437","-0.2964202466804127","-0.05721454153790091"
"1460000","-0.16505145096921145","-0.27942513946178954","-0.014795410304494916"
"1462000","-0.1380728535007029","-0.21403464859552337","0.0024529964907260395"
"1464000","-0.13498510905129688","-0.2013980450707022","-0.011397323192403752"
"1466000","-0.12223725665467673","-0.18806222528411307","-0.0069727607008326095"
"1468000","-0.11218930536280854","-0.19019453966809668","0.01489945956557405"
"1470000","-0.1020181802966696","-0.18294865857664264","0.025702600128830463"
"1472000","-0.09575624091551738","-0.18011811957642201","0.003869699709406615"
"1474000","-0.08184003531451829","-0.17728012347588082","0.028072732939001078"
"1476000","-0.06269297641359968","-0.16568272015074037","0.0479071214232699"
"1478000","-0.07360110494553253","-0.20550476809398968","0.032283254343270514"
"1480000","-0.06480570498705492","-0.20935925928404323","0.06157009773037864"
"1482000","-0.0798034972472742","-0.20471751794595183","0.004885024312825409"
"1484000","-0.09894337211997722","-0.23381103107383386","-0.019146953145711465"
"1486000","-0.1306776184301149","-0.2582153005029904","-0.05218920197634725"
"1488000","-0.10909351866060513","-0.2599631752239439","-0.016907448371348426"
"1490000","-0.08446964617524404","-0.24223086041029457","0.00403122590838755"
"1492000","-0.08980772540546848","-0.24589169418739767","0.02382668396976076"
"1494000","-0.08052116946179498","-0.24289786616838682","0.0448013050311492"
"1496000","-0.09620352424364927","-0.26652630924559345","0.02300103646102794"
"1498000","-0.09894963723894036","-0.243190342896829","0.018450928792659384"
"1500000","-0.09765856851506398","-0.24484840664544755","0.040267564756355574"
"1502000","-0.08175592387375465","-0.24625408486880052","0.0818858925947243"
"1504000","-0.07411027435205085","-0.22944082576639638","0.09049893256213908"
"1506000","-0.0840761088052799","-0.2170682494984722","0.07432092426563393"
"1508000","-0.0972980937974426","-0.21886421218605398","0.041256303483798516"
"1510000","-0.0770823823879852","-0.20354460300283972","0.06971609956476364"
"1512000","-0.04596439039757541","-0.17168448583618737","0.14291854994524963"
"1514000","-0.03971307407042001","-0.15084319015219808","0.12007280497994267"
"1516000","-0.032059956314099504","-0.11670917673502115","0.10019256783855143"
"1518000","-0.03723115096865425","-0.09591481360618491","0.06695532398336851"
"1520000","-0.04908591288576918","-0.09552214872221886","0.028741772141779594"
"1522000","-0.03998974316063595","-0.09851601182800733","0.05233265207033308"
"1524000","-0.016262541283168497","-0.09300381392202692","0.07104820077952445"
"1526000","-0.018000019591339556","-0.11782544885281823","0.08537433790680644"
"1528000","-0.02443310572040022","-0.0985463150086289","0.06217374739152999"
"1530000","-0.04767970053836476","-0.1244028118887654","0.017350391436400023"
"1532000","-0.06299608598335575","-0.1340682689316309","-0.011378224500073914"
"1534000","-0.04628527116892323","-0.11469483320337898","-0.006893950085996992"
"1536000","-0.03663813692724703","-0.11056531653784628","0.009234576826682278"
"1538000","-0.04996372093651736","-0.12162657950264114","-0.0131257605490391"
"1540000","-0.06750211630312941","-0.1559754173960974","-0.017796124258020414"
"1542000","-0.07332331682780811","-0.15704058472746693","-0.01616357066045748"
"1544000","-0.07668494897665977","-0.18343517380887356","0.013566878782876293"
"1546000","-0.05653704123350689","-0.15985154247055472","0.03995882883929881"
"1548000","-0.04243688766418564","-0.13934892663624487","0.07029064745709182"
"1550000","-0.030767473159929098","-0.1378391471492651","0.09723018014241822"
"1552000","-0.04149913995446334","-0.12582470210359317","0.07323309086224614"
"1554000","-0.06524136721204198","-0.1690492964108417","0.04137025084680497"
"1556000","-0.06110145162365733","-0.16574835088218967","0.042044765387625374"
"1558000","-0.07936623743688324","-0.18646033632404585","0.0005413103280807441"
"1560000","-0.06360711574978024","-0.190036966813248","0.04535108362818573"
"1562000","-0.08120181499641453","-0.20312485176882183","0.020811234884538832"
"1564000","-0.10110318387434263","-0.19771691494526755","-0.018862988326123754"
"1566000","-0.09132748775920119","-0.17124663696564682","-0.008412189646980563"
"1568000","-0.10220351873745435","-0.1880072158331023","-0.02403971368767818"
"1570000","-0.10977798356457064","-0.2089273353853933","-0.012297700147792074"
"1572000","-0.13569368267237103","-0.2208934039295855","-0.037537283739722656"
"1574000","-0.16035404574921874","-0.22285243235004604","-0.09129146686955575"
"1576000","-0.1679780900390215","-0.19106599347721206","-0.12673835096592304"
"1578000","-0.175806914067176","-0.18176889024129203","-0.16530226281055005"
"1580000","-0.15647256204523366","-0.16737044183963737","-0.13526527059301227"
"1582000","-0.1502686647471528","-0.1618811262335948","-0.14124405788154765"
"1584000","-0.16142979902773735","-0.17411850223712105","-0.14146924863303506"
"1586000","-0.16057218966292566","-0.1861879314382131","-0.1263679272723239"
"1588000","-0.14932711650751304","-0.16155834073992814","-0.13364343763356376"
"1590000","-0.11339416818879548","-0.13607463426458713","-0.09158016495626"
"1592000","-0.09132907496509146","-0.1132813946973911","-0.07344070396698592"
"1594000","-0.08687673309414762","-0.11031585834370163","-0.07203910626859217"
"1596000","-0.07230627794569049","-0.08655242494759664","-0.05306363645181775"
"1598000","-0.06642072111012327","-0.13007387593844402","0.01925223032490975"
"1600000","-0.07191001425344501","-0.13689944170712265","0.03577853738715567"
"1602000","-0.07065030420577935","-0.1353685837760841","0.04985637063266406"
"1604000","-0.056525405171109655","-0.15700795225216832","0.09726243434766003"
"1606000","-0.05507563890636269","-0.16629434198436688","0.08673547044688529"
"1608000","-0.042973428041190975","-0.16121454290930892","0.11462362604507874"
"1610000","-0.024132639710730167","-0.14410151502711416","0.16181756128430064"
"1612000","0.01064884644249651","-0.12830847513233498","0.19721197683330324"
"1614000","0.016736676816573298","-0.13166404177907864","0.2207368761390972"
"1616000","0.026469864294414964","-0.14498540663723725","0.23915300950445822"
"1618000","0.01221844235197305","-0.1803139609269438","0.2751828426769061"
"1620000","0.001248053962005058","-0.22235074366195842","0.2918886256519764"
"1622000","0.010510422169647269","-0.23885402595429692","0.33927829674063836"
"1624000","0.037826652650152566","-0.24813482127176037","0.41825121350632977"
"1626000","0.05664989161234186","-0.23185126919338286","0.48487793929828327"
"1628000","0.07183655544446926","-0.22904867588850536","0.5317989077693782"
"1630000","0.053906153249232945","-0.23514599276828446","0.513111760457512"
"1632000","0.08001258096709106","-0.23078609704470004","0.591150013988372"
"1634000","0.11184017413886131","-0.23837267667731066","0.6942797020594591"
"1636000","0.14521878741514707","-0.22589858806147098","0.7557220104113221"
"1638000","0.18532140420167212","-0.22778956970085712","0.8698880644682794"
"1640000","0.213283822908527","-0.2273358949462636","0.9869052816722543"
"1642000","0.219511066006545","-0.2012045712576437","1.0213275411557405"
"1644000","0.2442589948833128","-0.15927256723749228","1.0412600097553806"
"1646000","0.2853472837253571","-0.14516683553582832","1.1017038520155475"
"1648000","0.31718118002213797","-0.1653197057014113","1.1722018655864523"
"1650000","0.37894679711989315","-0.1410580309549828","1.3073058206373829"
"1652000","0.4258593533285972","-0.11953459838594291","1.4052002976825464"
"1654000","0.4960181815409432","-0.09480886940162464","1.5893415638040753"
"1656000","0.5432684472450813","-0.10839024837907937","1.7364919074447829"
"1658000","0.6418257527294123","-0.08850800089519772","1.985509944858961"
"1660000","0.719045293925401","-0.02100293635931164","2.1452307086493825"
"1662000","0.7676101169392089","-0.03257642173096836","2.266754733552691"
"1664000","0.8354930780721995","-0.06933221444597301","2.5310768683212816"
"1666000","0.9625323463383473","-0.07408720776082785","2.9146102379164667"
"1668000","1.0908613294500809","-0.05809742868824699","3.3001134918550963"
"1670000","1.2266199464214957","-0.03584252795634396","3.6956359683792113"
"1672000","1.2743105057072275","-0.018939568782865488","3.8576485471907076"
"1674000","1.4209226734315938","-0.056044768362014975","4.23415876893932"
"1676000","1.4794578886957321","-0.08214029988818217","4.365273370980752"
"1678000","1.5196752962553777","-0.10105667965978495","4.466834252004977"
"1680000","1.6223393388941865","-0.11537194577101033","4.77144435385475"
"1682000","1.7611545513133462","-0.10900521946084332","5.0410944189154545"
"1684000","1.8005564305127388","-0.11170281384288679","5.087327192826663"
"1686000","1.9108994099657959","-0.09144583522810715","5.408783759609329"
"1688000","1.975049534706273","-0.08004970507466348","5.544657597149723"
"1690000","2.0212265812929058","-0.06445309576246652","5.5762668841457925"
"1692000","2.0962472193125676","-0.054368507683917384","5.647811646161136"
"1694000","2.0897635031265436","-0.036481425083082254","5.56693652711576"
"1696000","2.171430009166492","-0.0500657711454696","5.773705186848995"
"1698000","2.249172356973543","-0.042996597008357604","5.944010213833768"
"1700000","2.247781288930055","-0.01122534781556168","5.896083267985843"
"1702000","2.2837867010759223","0.025105948865049875","6.05689232092444"
"1704000","2.4203669356475928","0.0491882424872456","6.4842990238443035"
"1706000","2.400288447174472","0.06940982851454466","6.3269925271030525"
"1708000","2.457746026384252","0.05573158402297123","6.4936464897901764"
"1710000","2.376481262045908","0.06593531146131867","6.327556140751113"
"1712000","2.2607084209601314","0.06633426246342428","5.944298133653125"
"1714000","2.232203922832012","0.05352094663427854","5.67731389423134"
"1716000","2.190015607658158","0.057924984832308866","5.665933635607363"
"1718000","2.063350731888665","0.03301154591898379","5.279945045035333"
"1720000","2.1088038465729095","0.032263881408362095","5.49293586391397"
"1722000","2.0369231362328772","0.034740351701126236","5.317441386193038"
"1724000","2.16098407405773","0.028951158135751075","5.566135922639632"
"1726000","2.2448990828854827","0.04004337770785791","5.726934227618389"
"1728000","2.284323277999579","0.03040798109050959","5.813858900720719"
"1730000","2.1633566280503387","0.016356841598899354","5.507598581176717"
"1732000","2.1510382965380277","-0.0023027562338102194","5.550829965623564"
"1734000","2.1110736986572314","-0.009019642879323797","5.475767470948398"
"1736000","2.1223117691117865","-0.017393519719811158","5.6089477566312995"
"1738000","2.406593314179926","-0.000023194486947897","6.1259033993594345"
"1740000","2.461841025465216","0.009560542503514161","6.231218259453774"
"1742000","2.6439938552280937","0.009558417334421835","6.809881176074036"
"1744000","2.760264004586457","0.012834781104346327","7.151941174284555"
"1746000","2.7415686217349715","0.01204170624876539","7.074696667746641"
"1748000","2.719409450873868","-0.007122918192824313","6.859438396307642"
"1750000","2.5662417330445213","-0.0008672856963853877","6.423292249300519"
"1752000","2.492298478679166","0.06993651634657562","6.1209727516612045"
"1754000","2.416689203217371","0.09928347460662755","5.816998433670961"
"1756000","2.4540663306265658","0.08065907947520301","5.9985943958880386"
"1758000","2.6130180320067224","0.07661142191976816","6.458007154694758"
"1760000","2.652472036029824","0.06733694776494098","6.5567067979788405"
"1762000","2.6949750711447007","0.089289871852912","6.659669886886142"
"1764000","2.472028740680098","0.0819361613919625","6.211628259074875"
"1766000","2.42082047089572","0.060569498454629625","6.17789077946078"
"1768000","2.3193042015229053","0.09213084261334892","5.906591144806705"
"1770000","2.436102318981891","0.08501783397686244","6.233904358444736"
"1772000","2.5948129490308887","0.2078235331241465","6.486590306973085"
"1774000","2.471678346732005","0.20239864284274678","6.289830609655006"
"1776000","2.5942074528397985","0.26576431831708924","6.643025582287461"
"1778000","2.640164908280611","0.21571619255669222","6.808426053232514"
"1780000","2.6497676805194326","0.10394989414854355","6.844122345182114"
"1782000","2.5021885126754233","0.04985947999355995","6.478769495164977"
"1784000","2.440785463453384","0.048471027052939444","6.247609309771563"
"1786000","2.3155533441498775","0.05384070702849564","5.804711749510374"
"1788000","2.3006142265287517","-0.04582520918375661","5.851743089461235"
"1790000","2.2808071116326754","-0.046228475276584434","5.899242945419158"
"1792000","2.1422932427063492","-0.04910486187503547","5.635206879028583"
"1794000","2.0942653029101685","-0.05722515905785247","5.538941030332353"
"1796000","2.041382389387077","-0.06953008127456987","5.509834797693881"
"1798000","1.8452601085665907","-0.11841191656078431","5.038993612418417"
"1800000","1.6913382595617439","-0.20097282388905288","4.7875211765826675"
"1802000","1.5419852070558175","-0.25460706865611016","4.424007399911526"
"1804000","1.5139243651094212","-0.2436190178073988","4.362130158188288"
"1806000","1.5290992919110051","-0.23358421356659836","4.487536819899919"
"1808000","1.6044199986932475","-0.1821418823363305","4.707600867169444"
"1810000","1.656379204649329","-0.1365047873831166","4.867125356744975"
"1812000","1.569013522899561","-0.11166539349311949","4.6495472686202275"
"1814000","1.5047964528032962","-0.09854589013222302","4.503630489213858"
"1816000","1.4705730741345242","-0.0801585883256298","4.321077840513085"
"1818000","1.491367553546241","-0.05819197760338604","4.327282523399686"
"1820000","1.5894283747443225","-0.020647553095153398","4.522024020055775"
"1822000","1.5515902772036612","-0.02069372923581568","4.384689827228431"
"1824000","1.3933007807025488","-0.032712777889766134","4.089213577239309"
"1826000","1.3281642075494846","-0.02342206536271214","3.8771710446281364"
"1828000","1.2768938301738855","0.005809889104461052","3.664020166655072"
"1830000","1.3267010980758773","0.015010797249979103","3.8210883726486937"
"1832000","1.2515267923264413","0.0013694999375257018","3.6561465571513407"
"1834000","1.1475569644181656","0.012807750292860883","3.389561917483341"
"1836000","1.1409984446995793","-0.05356376348203063","3.44169921728177"
"1838000","1.1381067751266274","-0.07739029809599755","3.460786488872953"
"1840000","1.0813339510313125","-0.09571690473100182","3.306899864596315"
"1842000","1.0134938181773647","-0.09599637894099593","3.0889525365987787"
"1844000","0.9453335547388888","-0.09567934172553955","2.861279370755889"
"1846000","0.9736364448562854","-0.06415771445585423","2.9107482826346533"
"1848000","0.9215280578125081","-0.0654075464601629","2.7381321723842995"
"1850000","0.9581755664416404","0.01200136230792849","2.7781533845262603"
"1852000","1.147254403723181","0.07622673164473961","3.255809003971984"
"1854000","1.1414261364841465","0.010789795609918662","3.2487154907272195"
"1856000","1.235812456881327","0.02082241481405798","3.5057505647134968"
"1858000","1.1333678641434235","-0.007071817451593248","3.1945231227581394"
"1860000","1.1173937015597475","-0.04176382523716895","3.094018497098237"
"1862000","1.0329260781711975","-0.058963980551227015","2.8027672743231524"
"1864000","1.0186445936109327","-0.06661610475077759","2.670640013213502"
"1866000","0.9339832615650955","-0.08617061324964746","2.40623505695234"
"1868000","1.0104982208245203","-0.08599583762919064","2.6037139464288486"
"1870000","0.9890272239953045","-0.13548645506415052","2.588519872856093"
"1872000","0.9210274174611547","-0.17350032611913047","2.399246682245982"
"1874000","0.9274246500836839","-0.22485687114461325","2.4858147413514082"
"1876000","0.9184982062682198","-0.24952235497208317","2.4969793568111487"
"1878000","0.8663252621246499","-0.23627624918054793","2.4403287952269888"
"1880000","0.8030399444671348","-0.22048182280641054","2.3091648243132514"
"1882000","0.7753342632983499","-0.20960233124811206","2.1985391797262706"
"1884000","0.8312277005426584","-0.2019403056316078","2.308081887795357"
"1886000","0.8084043194504918","-0.16787188857747243","2.102382536550983"
"1888000","0.7635931736080287","-0.15895033240271736","2.051252023157431"
"1890000","0.761377736609817","-0.14988139189546928","2.029037602311698"
"1892000","0.8049509368848522","-0.1484877651254647","2.1909066123377996"
"1894000","0.8547492657815262","-0.15080574831971905","2.349690181811573"
"1896000","0.7826519632852479","-0.12117671128083024","2.136192355055594"
"1898000","0.8578886147111916","-0.10421873316960412","2.385836221149424"
"1900000","0.8509769229174077","-0.08202516759582798","2.3473308711752763"
"1902000","0.799124708291216","-0.06833828736818398","2.2303241743587425"
"1904000","0.8995910914478151","-0.03599510368611665","2.4992907559445587"
"1906000","0.8444360747171208","-0.018536536612082304","2.293117802568013"
"1908000","0.8329461036164575","-0.008474376800004449","2.2644854921309743"
"1910000","0.7164931623834758","-0.022647193580400255","1.935536911091069"
"1912000","0.7080828534531903","-0.035352030354552026","2.0813706546707547"
"1914000","0.659332400920214","-0.049191748205106765","2.049765289253555"
"1916000","0.6960177301605338","-0.08291414751893904","2.22816961740423"
"1918000","0.6704420052152077","-0.1582949917047663","2.2290652829902244"
"1920000","0.6678924249634098","-0.16988066214056743","2.23391149865184"
"1922000","0.6307005550169028","-0.1154648277528031","2.0726858603041625"
"1924000","0.5908255855700264","-0.07118244852905634","1.9128952705906708"
"1926000","0.5711188862929121","-0.0743760806472274","1.8551086990851908"
"1928000","0.5182461694913606","-0.06795040109020198","1.6409668954266234"
"1930000","0.5391174908671529","-0.08204054386087231","1.7129827871881427"
"1932000","0.423904907628661","-0.0813002481641015","1.3681279695103876"
"1934000","0.421762978492227","-0.09454339468560648","1.3600964789274146"
"1936000","0.4429004104707855","-0.09554011250368787","1.4771630979659967"
"1938000","0.5040533268016298","-0.036675602913717735","1.564784578158986"
"1940000","0.49811089994475094","-0.02789097951189612","1.4030348342354408"
"1942000","0.5744943612001759","0.0032989602030721148","1.5679539318494502"
"1944000","0.5031217899960466","-0.035478072281461145","1.3617206401592121"
"1946000","0.5990854528988517","-0.05654274657135823","1.5251980003444476"
"1948000","0.6562935006608993","-0.06252848862251265","1.5473185740616173"
"1950000","0.7411165147712259","-0.1452504818974994","1.7928286425042892"
"1952000","0.7343827736303016","-0.16657458889996637","1.6921673765648153"
"1954000","0.7559823825146497","-0.14655517565459011","1.683172175458632"
"1956000","0.8248393242230133","-0.11115400096960361","1.8121720532057806"
"1958000","0.858873540422239","-0.1679104711171239","1.887269821270835"
"1960000","0.9626425260569084","-0.1686214747782796","2.1221848998102355"
"1962000","0.985797246933895","-0.16846269543655212","2.022295652390923"
"1964000","0.995974258164856","-0.1645866740960627","1.952248179463204"
"1966000","0.9735235732140134","-0.2091274625365622","1.9890169717972161"
"1968000","0.9389596164085087","-0.15901349361566822","1.8836030789059581"
"1970000","1.0080969520161354","-0.12604752946132794","2.0273508192719887"
"1972000","1.0265452363469134","-0.036576075343880764","1.9986997153693806"
"1974000","0.9103856460262713","-0.03433751953439781","1.8278206105092543"
"1976000","0.8082121226137194","-0.015092078067827896","1.6362201667847114"
"1978000","0.7308384648771025","-0.0047193246358073655","1.4934097496103493"
"1980000","0.7325765653972048","-0.0074398181189316735","1.5034977982016278"
"1982000","0.7088079260923745","0.00379959476110529","1.4090910373628143"
"1984000","0.7201128092325136","0.03816511421767066","1.4290271540172395"
"1986000","0.8019665046667216","0.03490116103668699","1.6284374317722399"
"1988000","0.855469497737242","0.11041904935170896","1.7954202598836275"
"1990000","0.8546792089769152","0.08850438307900911","1.7671220137178898"
"1992000","0.8567829134402952","0.06573523090151139","1.8347396898726003"
"1994000","0.791188501290589","0.04989227456762455","1.6015034184465187"
"1996000","0.6960324499384344","0.08949636278976687","1.3976293039796874"
"1998000","0.6544678817553601","0.14281420700554734","1.2409724836265668"
"2000000","0.6888773086941024","0.16002600941178383","1.3101083975723011"