"Step","Grouped runs - mean_total_return_100","Grouped runs - mean_total_return_100__MIN","Grouped runs - mean_total_return_100__MAX"
"2000","0.04700829554762186","-0.11200501145129757","0.16501775345288314"
"4000","-0.08164126354248426","-0.2057135985981273","0.053772948362192007"
"6000","-0.15903618574234177","-0.2797637559952405","-0.08554418301115439"
"8000","-0.17012704039287194","-0.2517720289745033","-0.11930421342487829"
"10000","-0.22635480884486783","-0.2975260784100167","-0.1705654099336761"
"12000","-0.3343057106013923","-0.39105182932944177","-0.2787132954849679"
"14000","-0.39704884182556976","-0.41283363937889084","-0.3795031250690801"
"16000","-0.4269602054343548","-0.46262166911018243","-0.40837557332076346"
"18000","-0.45021185663617347","-0.47947453783763216","-0.4035514768636705"
"20000","-0.479893650746355","-0.5212411441114432","-0.424781655570544"
"22000","-0.49764659458825616","-0.5286950927225808","-0.44732202626112905"
"24000","-0.4868209963442256","-0.5363886500746877","-0.41510071220401357"
"26000","-0.4976194001354237","-0.5421005461302347","-0.41177633588582946"
"28000","-0.5412870230706434","-0.5940939756919077","-0.4378815061397677"
"30000","-0.5800738954306629","-0.6467386833896118","-0.4643758066517345"
"32000","-0.6148678330256846","-0.7219926343902511","-0.4680836981582267"
"34000","-0.6494397530006587","-0.7610415795330512","-0.49287531305658017"
"36000","-0.6652156481874237","-0.821469135228568","-0.48678050925111704"
"38000","-0.6707548961346248","-0.8442574158256313","-0.4747892360641521"
"40000","-0.6679783409606914","-0.8397246873998222","-0.4920095853811029"
"42000","-0.6794873231315807","-0.8475418854490487","-0.5159392928574007"
"44000","-0.6909932137992674","-0.8856185211133147","-0.5051835687563685"
"46000","-0.7068434021179656","-0.9280050266661442","-0.5158692191643744"
"48000","-0.73104833427379","-0.9674405569445201","-0.5339313927173491"
"50000","-0.7375763385286782","-0.9717512182447146","-0.5505354916375623"
"52000","-0.7690941331217442","-0.9625094409017375","-0.6237315674750918"
"54000","-0.7526283494268778","-0.9368284213527163","-0.6026928574237824"
"56000","-0.7487906932696285","-0.9420568985804642","-0.5915922676643455"
"58000","-0.7428962865660019","-0.929999108644419","-0.5855727111064192"
"60000","-0.7551114726778955","-0.9260036409743315","-0.6004788304524351"
"62000","-0.7597023577836058","-0.912846927832883","-0.6028067342576272"
"64000","-0.7479977872146502","-0.8933103488975138","-0.5916150065766349"
"66000","-0.7524268534192377","-0.9021121362312279","-0.5782766006918713"
"68000","-0.7512843100234994","-0.9057644408777018","-0.5647331889216168"
"70000","-0.7318219536557727","-0.8641206182258797","-0.587027230540729"
"72000","-0.7174910521947111","-0.8140246921866492","-0.5898018831494761"
"74000","-0.6750700298256662","-0.7576321399870213","-0.5578150977873109"
"76000","-0.6780891540639512","-0.7500202066983678","-0.5349158840116058"
"78000","-0.6669795475728759","-0.7748119721908588","-0.47137635847116305"
"80000","-0.6785641000885292","-0.8141880296401506","-0.491327126436417"
"82000","-0.6971958270305362","-0.8391213799053512","-0.4907362866176023"
"84000","-0.6757297768002575","-0.8261166278533658","-0.46130148457140435"
"86000","-0.6838495815147767","-0.8264095916465761","-0.4459695269571068"
"88000","-0.6544592611976711","-0.8145191134096842","-0.4124713309494694"
"90000","-0.6572117487443028","-0.8240128075746065","-0.4095840209397228"
"92000","-0.653942489812089","-0.8240930997687219","-0.39509975811028"
"94000","-0.6475719755838947","-0.8056179245779777","-0.40059278379291186"
"96000","-0.6380900513430189","-0.7960515107313811","-0.3755466836234917"
"98000","-0.6263039968605136","-0.7739084527952578","-0.3739592420796866"
"100000","-0.6425798632260866","-0.78058811967857","-0.4006502353858225"
"102000","-0.6212880939419232","-0.7644052837891718","-0.4157313849013138"
"104000","-0.6193404497673934","-0.7744220504871125","-0.42047130460767795"
"106000","-0.6331053246080022","-0.7546613993960782","-0.4869897215512886"
"108000","-0.6089528866190054","-0.6942198618328199","-0.4948692868393801"
"110000","-0.6370558838265552","-0.6795472502725043","-0.5581903726491683"
"112000","-0.630304210640915","-0.6777803841628887","-0.5425165554421841"
"114000","-0.6541261313637906","-0.7216160114249617","-0.5785204002753797"
"116000","-0.6666905084068083","-0.7053177477701503","-0.6073320154038281"
"118000","-0.6775007621233239","-0.7018422573385291","-0.6321143846097019"
"120000","-0.6825937909116037","-0.7064640765587528","-0.6463411617419415"
"122000","-0.682705345316292","-0.7262910538050075","-0.6393061293984147"
"124000","-0.6885126350164027","-0.7458469226664168","-0.6106779165015405"
"126000","-0.6818340085299325","-0.7495967442723459","-0.6064540337530279"
"128000","-0.6773487882633477","-0.7731103165099236","-0.5651007176715629"
"130000","-0.6738916104881145","-0.8252581118437634","-0.5510820057833461"
"132000","-0.665882188527414","-0.8600945046327751","-0.5251050969362386"
"134000","-0.6590350004470945","-0.8854161947277162","-0.4717168158658441"
"136000","-0.6370472739939513","-0.8453537802899476","-0.4519885247731708"
"138000","-0.6221903229204867","-0.8352393685258167","-0.47287479941859595"
"140000","-0.5872291678559165","-0.8092511530858766","-0.462099638339137"
"142000","-0.5768643177777313","-0.8351810292058083","-0.43604882982097437"
"144000","-0.5791720390133691","-0.8475139225428397","-0.4402386883660578"
"146000","-0.5692352204942513","-0.8557111729049943","-0.4254506281197042"
"148000","-0.5665253748415086","-0.8468881404019397","-0.4227229453401957"
"150000","-0.5582994236336852","-0.847993731693875","-0.3895827891627681"
"152000","-0.553665436993637","-0.8246967280740077","-0.3928270106550429"
"154000","-0.5834845816079857","-0.8829139650885567","-0.39923535084264783"
"156000","-0.5797579788160317","-0.8871352476985501","-0.41980160846301645"
"158000","-0.5878287451178622","-0.9022749439685785","-0.4224904313839546"
"160000","-0.5888322937264358","-0.8798268693505361","-0.4379967889471418"
"162000","-0.5860916791791863","-0.8955920814334842","-0.4299833090407818"
"164000","-0.6129955863064026","-0.9603029905622787","-0.42184082775791965"
"166000","-0.6270632060261256","-1.0069988634325238","-0.40807785488735737"
"168000","-0.6298997295259895","-0.9878485761625015","-0.38857801476297227"
"170000","-0.6231741491312636","-0.9814453145638633","-0.3650575619637976"
"172000","-0.6063284070419627","-0.9754313737957874","-0.35827008711427255"
"174000","-0.6095114198943795","-0.9630222047810736","-0.35696997363482863"
"176000","-0.6028512921015422","-0.9234819599005918","-0.38071614415951094"
"178000","-0.6197340004225694","-0.976888887252388","-0.37757075715305305"
"180000","-0.6208342394443945","-0.9972432848431257","-0.35051136140452877"
"182000","-0.6274236309659713","-0.9461457072068968","-0.40976263013214054"
"184000","-0.6183383517625419","-0.8695649874495374","-0.47043848940895117"
"186000","-0.6094382104875805","-0.8626302747846146","-0.45055778891240195"
"188000","-0.6292547089854306","-0.8654919427775809","-0.46657408621488633"
"190000","-0.5866542037987318","-0.7966785505080164","-0.46237801948795587"
"192000","-0.5832387109500995","-0.7830983475075892","-0.4528565545790141"
"194000","-0.564006370125358","-0.7294201184975074","-0.4446430874969579"
"196000","-0.5644757975660991","-0.7135396342199811","-0.48209877757718794"
"198000","-0.548527167840018","-0.6814240908091443","-0.4749858478109974"
"200000","-0.551985141476913","-0.6517842600490146","-0.4951639051498101"
"202000","-0.5374256935733596","-0.6783825155467672","-0.45573403557807063"
"204000","-0.5516905710812812","-0.6824510232622448","-0.44312413762977115"
"206000","-0.5526148498326502","-0.636943752854891","-0.44730484540063664"
"208000","-0.5311661083784871","-0.5977397889171698","-0.40877939420234655"
"210000","-0.5312512311294263","-0.6218057882092399","-0.41887288008082146"
"212000","-0.5282885438118908","-0.6201666436726664","-0.4305389385669084"
"214000","-0.5195559799840117","-0.6040727548617142","-0.42115683858710795"
"216000","-0.5291098612837621","-0.6201555156306567","-0.4034150173885584"
"218000","-0.5467599057967586","-0.642860733451249","-0.43397718663481755"
"220000","-0.5571872313339883","-0.6626959958250082","-0.4329696611026759"
"222000","-0.5619558278142629","-0.635351855937639","-0.4752221479455932"
"224000","-0.5599254119463283","-0.6091320718305796","-0.49927769396839927"
"226000","-0.5943145846439016","-0.631778647061059","-0.5719057745890703"
"228000","-0.5985994784848637","-0.6021600343729133","-0.5968047510914911"
"230000","-0.6044012603907226","-0.6574860258321656","-0.5688152918750129"
"232000","-0.6040521164934075","-0.6951614454882599","-0.5486617121467541"
"234000","-0.6094553933097718","-0.68318670088672","-0.5707688795259664"
"236000","-0.6158889088478059","-0.6913611779200369","-0.566240766995992"
"238000","-0.6520530825278282","-0.7167896921156169","-0.59465848716063"
"240000","-0.6452930229423651","-0.7181487349737009","-0.5836770916240618"
"242000","-0.6516974531465035","-0.7439822286662684","-0.5368665160480286"
"244000","-0.6476407145221504","-0.7673662390751745","-0.4894991913139217"
"246000","-0.6716826294715149","-0.8023067799249586","-0.5177541606215683"
"248000","-0.6763477674025985","-0.7812700889205485","-0.5067484112031679"
"250000","-0.6811087066728292","-0.7760932330954858","-0.49479695811624785"
"252000","-0.6757109685595393","-0.7871155137830899","-0.479070298107822"
"254000","-0.6649616276863957","-0.7639146499306042","-0.49714827354568214"
"256000","-0.6671847750614003","-0.7552024838632749","-0.5287356211469896"
"258000","-0.6879020246451805","-0.7640354439363485","-0.5707338260569416"
"260000","-0.7018953259235392","-0.7566317269093028","-0.6079073490634367"
"262000","-0.6684903244697528","-0.7435299202370476","-0.5476173346776089"
"264000","-0.681494079076412","-0.7326347091972382","-0.5884596826502705"
"266000","-0.6790306829169057","-0.7454943780383193","-0.5761905995061273"
"268000","-0.6948163296247122","-0.74786997319847","-0.5903829776771483"
"270000","-0.662715598999555","-0.7192940635376259","-0.5943905061584316"
"272000","-0.6522426581286644","-0.7374617231385316","-0.5837907810205012"
"274000","-0.6608796018135786","-0.7643325945431831","-0.5452319314135589"
"276000","-0.6761665687372685","-0.7826067234668055","-0.5731685180303525"
"278000","-0.6863690579276002","-0.7785679341064173","-0.58524285777734"
"280000","-0.6719507545554291","-0.7787949524724611","-0.5484977821191799"
"282000","-0.6498099610650397","-0.7836214702464859","-0.5075988171693815"
"284000","-0.605311564627871","-0.719156305723116","-0.44457360090476244"
"286000","-0.5895891259157109","-0.7246242014779056","-0.3833090180896479"
"288000","-0.5992103730292782","-0.7150923242624274","-0.4051373792027924"
"290000","-0.5630224783086262","-0.6784143857658789","-0.3572490755447987"
"292000","-0.5043945706712488","-0.6326457125169072","-0.2777775630269069"
"294000","-0.49214752952123514","-0.6059130017289971","-0.27274999292105057"
"296000","-0.48669892201023685","-0.5882046916804169","-0.29320233684362473"
"298000","-0.4928125150723673","-0.6196172959392193","-0.2659280165115474"
"300000","-0.46636440317519035","-0.5961754408313584","-0.2775941783136791"
"302000","-0.45381118074745097","-0.5836250629436982","-0.2663982990345089"
"304000","-0.40578383891177","-0.5165780200394938","-0.22726283251614615"
"306000","-0.39236020470081634","-0.48274746557466197","-0.24690967166240652"
"308000","-0.3793913074295739","-0.4462678772998761","-0.2574612674519886"
"310000","-0.3933118133687418","-0.4607144177052067","-0.2762383588519297"
"312000","-0.4078386341812035","-0.4994272527485844","-0.2955383035954438"
"314000","-0.3896210624304328","-0.45684580288306803","-0.3118852874485021"
"316000","-0.3461526988975696","-0.434070458513688","-0.27000019641805956"
"318000","-0.36113694450719686","-0.44089189418550956","-0.28304907190488704"
"320000","-0.36795800034619025","-0.43589466405597965","-0.3173926611821265"
"322000","-0.35123976732647527","-0.4154718866715183","-0.27681324643749794"
"324000","-0.3238463491784341","-0.39666519252142257","-0.25387222781326674"
"326000","-0.32622810982587813","-0.4358998886422881","-0.25600673910745936"
"328000","-0.29026128588767736","-0.4206407188310673","-0.21559383513342284"
"330000","-0.29975567852700086","-0.463976793013375","-0.21347713471203464"
"332000","-0.30051704066543267","-0.5309361456277059","-0.1607976622288795"
"334000","-0.2737008083294591","-0.5238626644976705","-0.12240036972040748"
"336000","-0.2556714800882133","-0.5590083945393948","-0.0761482775782837"
"338000","-0.23887291919555467","-0.5816751790291549","-0.05369246870813854"
"340000","-0.24269348533718105","-0.6120131614548101","-0.05367475887186208"
"342000","-0.25333229077425007","-0.6597319523181379","-0.043755971261424303"
"344000","-0.24578199683758564","-0.7056504266528375","-0.01211140793003917"
"346000","-0.21801526240151445","-0.7242570264324015","0.045257759638340174"
"348000","-0.24078115286850665","-0.7447471377802986","0.015864671576733276"
"350000","-0.24986472505918603","-0.7646578816497832","0.01427335562483643"
"352000","-0.2381506833502516","-0.7266914197515922","0.01923460433117577"
"354000","-0.24191813173963758","-0.700187913096418","-0.009106727711495453"
"356000","-0.2347153372672177","-0.638328224490126","-0.02393437226549139"
"358000","-0.21327862595523828","-0.5940605904311692","-0.0020164661377954896"
"360000","-0.23326403803449935","-0.6285910185029229","-0.020121265239668257"
"362000","-0.25149223222499384","-0.6097561415732803","-0.03864965246511856"
"364000","-0.24088333271904908","-0.5547009440925635","-0.03384580573671267"
"366000","-0.25055284650050136","-0.5389927112809477","-0.02283482970215168"
"368000","-0.2248732985508136","-0.48751319464886833","-0.015199154153575872"
"370000","-0.23751592406368027","-0.4731552022141689","-0.048397056746778765"
"372000","-0.26371744547028686","-0.4700241525559251","-0.08219769371605264"
"374000","-0.28120480555988375","-0.45310706331218753","-0.1319460796007353"
"376000","-0.2772945581826681","-0.44956803018266733","-0.12995247179032787"
"378000","-0.31455097098170237","-0.5050593912737864","-0.1619162773812005"
"380000","-0.3235360554250204","-0.5066137221840044","-0.17199578528323228"
"382000","-0.3404806042523448","-0.5513512909249121","-0.18119832052571483"
"384000","-0.39162790994150115","-0.5891932491162487","-0.25461898145011413"
"386000","-0.4195051538217834","-0.612921771969026","-0.2933836125993568"
"388000","-0.40439495297098715","-0.5802897931390234","-0.307535524689347"
"390000","-0.40740751475910425","-0.602855202285884","-0.2916802158154887"
"392000","-0.41834135791414484","-0.5656522413215916","-0.3110087233837102"
"394000","-0.4634984818121663","-0.611157852142883","-0.37596403375036597"
"396000","-0.4470168070659308","-0.6305043432459726","-0.3200186946455777"
"398000","-0.4452921962313301","-0.6809566207604324","-0.2833570405213396"
"400000","-0.4155931962436168","-0.6357315974644926","-0.23301792367245078"
"402000","-0.4050418743756443","-0.6261128653277522","-0.18929988418897856"
"404000","-0.37888149143056354","-0.5877122983443809","-0.13311410637684465"
"406000","-0.3797824079983685","-0.6039224767620858","-0.1077078168170726"
"408000","-0.37161924849490746","-0.5977045904988318","-0.06219084522218574"
"410000","-0.35194796457483957","-0.5832425981749676","-0.015019703297383525"
"412000","-0.3049324729669638","-0.5326908509930336","0.05294854194289408"
"414000","-0.3316854429456693","-0.5378450551375982","0.013966277974191511"
"416000","-0.33514134676025487","-0.5650367236859012","0.019522229160771506"
"418000","-0.32325501897863873","-0.5464960256276732","0.016821174440710775"
"420000","-0.3151799983490947","-0.5045813176390562","0.01639230502237656"
"422000","-0.3164917597743459","-0.5191099489672947","0.00370996512942886"
"424000","-0.3470301400644468","-0.527232982724907","-0.05907881687646797"
"426000","-0.36321261674765815","-0.5091072669532268","-0.08515934378695354"
"428000","-0.37147946027890466","-0.5471797741066453","-0.07813997783867789"
"430000","-0.396380809112006","-0.5602410809654298","-0.12122192782729078"
"432000","-0.40119840211124425","-0.5307896110814085","-0.16144285487192367"
"434000","-0.4109874227524746","-0.52125246002996","-0.21946577297416053"
"436000","-0.403910168344427","-0.5258062695222557","-0.23295584275605627"
"438000","-0.4317005078474349","-0.5317028161133291","-0.2734320298175747"
"440000","-0.45562065225211795","-0.5870367650362547","-0.2922010570383895"
"442000","-0.45056699646186554","-0.5637237563562638","-0.24817441011017974"
"444000","-0.4756434860357896","-0.5720289127150064","-0.2833209273261166"
"446000","-0.49126178707987206","-0.6181143980005621","-0.29790911294961037"
"448000","-0.49916159736258775","-0.5994302446901081","-0.3324247008472219"
"450000","-0.5094843000731956","-0.6162409772608586","-0.34704416776387986"
"452000","-0.5091366052033245","-0.6250706061950109","-0.3705496184977589"
"454000","-0.4911567784072218","-0.6174564502312181","-0.35975006344807753"
"456000","-0.48094614820415016","-0.6172972382744427","-0.3706966529546202"
"458000","-0.46836709123259207","-0.6217645356403315","-0.39149941297953317"
"460000","-0.4483233253625036","-0.6069589828757959","-0.36137672536268206"
"462000","-0.4375234281938309","-0.5130399788953667","-0.38031995000697044"
"464000","-0.4403061313283952","-0.5379158119754295","-0.37403019188188324"
"466000","-0.42330069289296307","-0.5050325570592551","-0.3751305440101308"
"468000","-0.39320222922950415","-0.4937121012554398","-0.3296133814112283"
"470000","-0.38033477856805015","-0.46129901800690093","-0.3228610413274612"
"472000","-0.3692673000882675","-0.4500089695233163","-0.3135802463324857"
"474000","-0.3433327388458038","-0.45751953545179075","-0.2637753489421691"
"476000","-0.334533164867643","-0.470115785770775","-0.24654253938340986"
"478000","-0.34572925090914813","-0.48498598135314436","-0.2514695641562663"
"480000","-0.33770126183690286","-0.47250965318948834","-0.24408329658013247"
"482000","-0.31549867145865546","-0.4687564927253146","-0.2000842729281169"
"484000","-0.32673139732543993","-0.47619096025525454","-0.2039518010880299"
"486000","-0.3379444488199614","-0.46063827148106745","-0.21083897708862065"
"488000","-0.3442792709980191","-0.5132284851533254","-0.17842915306145304"
"490000","-0.37177683092531993","-0.53417909339594","-0.2076161182289754"
"492000","-0.368014703632696","-0.5238562148629843","-0.18976728163913795"
"494000","-0.39108353652338024","-0.5320569823122817","-0.1811947053568249"
"496000","-0.41928130047432716","-0.5690562823022793","-0.21164270383106054"
"498000","-0.3810847606027617","-0.551215792336183","-0.17152335920799971"
"500000","-0.3818544148904273","-0.5137712756046404","-0.18066298559352734"
"502000","-0.3853894412803072","-0.4688991496353721","-0.2207960778719465"
"504000","-0.3702276541623724","-0.47543739334975454","-0.19208137917031526"
"506000","-0.35903179550202946","-0.4459762557800549","-0.1953871114480029"
"508000","-0.39519193012326176","-0.4868047133106467","-0.22931842333310157"
"510000","-0.3832389956664462","-0.504968408306432","-0.20489656964281752"
"512000","-0.35429262958020996","-0.4752837184670614","-0.17013562338466343"
"514000","-0.3305271472784535","-0.4664150322232474","-0.1251543648224873"
"516000","-0.30787420576727015","-0.4266483831577081","-0.09097327064956437"
"518000","-0.30660876555791855","-0.4225883225672025","-0.08028541742312618"
"520000","-0.2727506440582794","-0.38877848524776537","-0.0642848731749774"
"522000","-0.23630519897862287","-0.3516320093438894","-0.011482681326281519"
"524000","-0.24473445489264356","-0.35484372298159494","-0.03127246170520524"
"526000","-0.24630929654705677","-0.35966232137446547","-0.023012869907954907"
"528000","-0.26112726590696694","-0.3760222009776092","-0.045574874821686054"
"530000","-0.2605593262158693","-0.4009341609787128","-0.03577500420444217"
"532000","-0.25178042051495125","-0.42872447223575727","0.01384879311399032"
"534000","-0.22205554413475884","-0.38786236284930786","0.05065525892112836"
"536000","-0.22997765350636845","-0.40791538663429866","0.05145415162540359"
"538000","-0.22162615841974773","-0.4254747558557758","0.0614136843952506"
"540000","-0.2328943197100901","-0.44853380187309705","0.008164271715003966"
"542000","-0.2557661526369642","-0.4290085100609567","-0.06993875146771321"
"544000","-0.23315459881384795","-0.4147590210001885","-0.049740167592628934"
"546000","-0.2379763370882607","-0.42964761327708545","-0.09318260561483918"
"548000","-0.20833123330913464","-0.4782711691988293","-0.06555191061135074"
"550000","-0.21806241191383938","-0.5014540941767988","-0.060475339278646685"
"552000","-0.2127547897916698","-0.5144888426263168","-0.03562857438584133"
"554000","-0.19243945232203533","-0.49266907016448","-0.038315402061878334"
"556000","-0.16535703336274765","-0.4590435646980003","-0.015418289105576768"
"558000","-0.17685130430934534","-0.4629531009660967","-0.03321559287531423"
"560000","-0.19105807300204924","-0.4717461920289023","-0.049900232577748914"
"562000","-0.21166943085458054","-0.49236101025234374","-0.036017955183453236"
"564000","-0.21394369210111938","-0.4591997025063426","-0.0804300379029028"
"566000","-0.22241714327085138","-0.4660962209801665","-0.08405474035179361"
"568000","-0.2077662286617771","-0.481508556515285","-0.0029606288457347794"
"570000","-0.20678602234577648","-0.48811617762517434","0.03286699715186261"
"572000","-0.2050962319613389","-0.44873742220472784","0.026298579334601523"
"574000","-0.15975066661180526","-0.3775886951272027","0.12219834478257108"
"576000","-0.16909044251685912","-0.36511942577982553","0.1308066063555772"
"578000","-0.13963238122565416","-0.3424143043937007","0.16607884481209326"
"580000","-0.11925315778786451","-0.32059451652515764","0.22209327166525178"
"582000","-0.145889924568529","-0.365920492169327","0.19869407826231325"
"584000","-0.12711841907423746","-0.34808631622313607","0.22281552045734132"
"586000","-0.11919349992677453","-0.36001305766175895","0.24818162760601267"
"588000","-0.11707186303405394","-0.3244293041079189","0.23331317563817716"
"590000","-0.08488188215260488","-0.29806287500357337","0.2357840705239078"
"592000","-0.0953972891555187","-0.3351152792959668","0.2443067079137564"
"594000","-0.09882631632372313","-0.3816127634984635","0.2558947763405293"
"596000","-0.08517301652389386","-0.33849158257178114","0.24945354858577684"
"598000","-0.06141447593908008","-0.36286143408036253","0.28684432233335877"
"600000","-0.10775269840398498","-0.4349195104087316","0.27574112622240987"
"602000","-0.1196570249165651","-0.41482647827030944","0.22477129199894746"
"604000","-0.1553891961858281","-0.3980573754992685","0.1274909092836654"
"606000","-0.19882248758262236","-0.410345738008141","0.012540085670758412"
"608000","-0.2023202613504801","-0.4795198137074981","0.02875521270009821"
"610000","-0.21801109219545356","-0.4893848830556302","0.0286423599736173"
"612000","-0.21973349306192255","-0.4795174975820934","0.010824908660391978"
"614000","-0.23341801659290992","-0.5141558711838095","-0.011147736092430836"
"616000","-0.23245749518882938","-0.5014721827366972","-0.02457303900309392"
"618000","-0.27005673700770677","-0.5066983430408524","-0.042272980913897286"
"620000","-0.26245537488370935","-0.4733059478269076","-0.043073313024769175"
"622000","-0.27036931679552684","-0.4672727930966882","-0.07980663879489397"
"624000","-0.28433642032302675","-0.4700623587290408","-0.0973926295085122"
"626000","-0.2875917512635218","-0.4245385081058137","-0.12951999843644546"
"628000","-0.30545364365801736","-0.4812581789068646","-0.12897983079664224"
"630000","-0.31558127047188267","-0.5144425164110726","-0.13997976639497214"
"632000","-0.31236213230101145","-0.5590883933064761","-0.09777278667318758"
"634000","-0.2812139321827543","-0.5368216856594742","-0.07513737000434782"
"636000","-0.26972143999806014","-0.496762219363653","-0.05365135310651393"
"638000","-0.283695479229962","-0.47837855351300307","-0.07281198159725377"
"640000","-0.2758683721042137","-0.4753549314453268","-0.06263205875762712"
"642000","-0.2946446612094869","-0.4950280043298846","-0.11728657046217329"
"644000","-0.304164534409937","-0.49263667423767055","-0.1756532323642247"
"646000","-0.31187995875671937","-0.4944350371786859","-0.21731216283556573"
"648000","-0.29716808351981605","-0.48072199458697296","-0.17720613761823195"
"650000","-0.2710819465311803","-0.48505034782899037","-0.14932564911916424"
"652000","-0.2792608180009129","-0.46881933134438897","-0.13287109952438192"
"654000","-0.28911355945676875","-0.48586478558001217","-0.10516137491163059"
"656000","-0.2610774101712006","-0.4300026703864192","-0.07027232935765018"
"658000","-0.24111442481771964","-0.36762010479586615","-0.04720687355260554"
"660000","-0.2738826382335388","-0.37384125098128296","-0.09607723632195218"
"662000","-0.2526590586435265","-0.3465425202680189","-0.06492974023366842"
"664000","-0.2944644184745074","-0.39458532914949374","-0.10323418781405923"
"666000","-0.292905960469822","-0.3940049550565871","-0.10956858372935095"
"668000","-0.2983243770311325","-0.38350515107204936","-0.15200674010280835"
"670000","-0.2739688950818184","-0.34692580784372784","-0.1384449266805469"
"672000","-0.278512739412873","-0.328204341635858","-0.20136819560734254"
"674000","-0.30671055947193787","-0.370344872886381","-0.22779430501897205"
"676000","-0.302503038198173","-0.35917768492137164","-0.2278145601450311"
"678000","-0.3037775683775687","-0.36841959867195306","-0.26615634055678"
"680000","-0.28823164906611076","-0.3777935318637135","-0.21493889323815046"
"682000","-0.2639217126191025","-0.35367757739009886","-0.18307018284610044"
"684000","-0.2823020884456981","-0.3846318438153211","-0.17220108958962185"
"686000","-0.2637819625270172","-0.3463069639524873","-0.17871435817223588"
"688000","-0.2553718617317248","-0.383013890085971","-0.1261249616591687"
"690000","-0.21956355584760326","-0.3363785666169095","-0.0914006008364688"
"692000","-0.21472331254722285","-0.3317184741466733","-0.09714431692179842"
"694000","-0.23144882814486248","-0.3662850207630507","-0.11413724149780277"
"696000","-0.22266841406134522","-0.34378144944645084","-0.12756360411399906"
"698000","-0.20459885545224285","-0.3206208826564796","-0.10731712352473222"
"700000","-0.1974457897245193","-0.29445631187094845","-0.13736932822026246"
"702000","-0.21092101923804027","-0.26036227713676646","-0.15734025164542648"
"704000","-0.22259544382105492","-0.2748913645414868","-0.19291305186052732"
"706000","-0.21329494156895676","-0.25258486038877165","-0.15733201070693714"
"708000","-0.21342994617831432","-0.2782426672672117","-0.13278625841630082"
"710000","-0.2181808980694235","-0.2714881741507057","-0.14422684073360098"
"712000","-0.2407618306052238","-0.3100963674134964","-0.17839374044123502"
"714000","-0.24654054017598814","-0.34812823550734323","-0.19240901838293173"
"716000","-0.22975097836511593","-0.3311633684407512","-0.16399675950281192"
"718000","-0.22999741835301235","-0.3180833064000414","-0.1481588368876255"
"720000","-0.23660319386414716","-0.3430764693409671","-0.1459847719328827"
"722000","-0.24578339426865026","-0.36725054913987415","-0.13248862373660084"
"724000","-0.22525626762604647","-0.3350351523011457","-0.13535262205376056"
"726000","-0.241804563493333","-0.35954100969962693","-0.17597328689944697"
"728000","-0.20236291847653246","-0.3481236538758308","-0.09788582892383672"
"730000","-0.19369590687437163","-0.3460523056678281","-0.061479266178265574"
"732000","-0.1825827314365859","-0.3442999034078598","-0.03148182380612228"
"734000","-0.19489365054875482","-0.35603654715913585","-0.08689774284086413"
"736000","-0.21122289140529174","-0.33727447163435864","-0.1257596054537523"
"738000","-0.2229626864987293","-0.3332592111422564","-0.155026686150052"
"740000","-0.1862985085269847","-0.28638209495999617","-0.06712905434920204"
"742000","-0.17018024114277475","-0.25441968540661614","-0.06435710540653487"
"744000","-0.19923610207654488","-0.26239895009069586","-0.09131826091698417"
"746000","-0.1998058252391024","-0.2722158702866912","-0.09520546109867674"
"748000","-0.17713508937029274","-0.27638670535607185","-0.07560851158560646"
"750000","-0.1816988313538718","-0.23703570628574044","-0.13651825228996559"
"752000","-0.1834793887329789","-0.2358629483192965","-0.14861086907900853"
"754000","-0.18399139919040064","-0.21803805600925233","-0.16429967465769732"
"756000","-0.19345082872678798","-0.22866809653182288","-0.1614235272752703"
"758000","-0.184581887766793","-0.19589832739409763","-0.16211356673993982"
"760000","-0.1404749759535736","-0.17528191337705365","-0.10786858284239541"
"762000","-0.13043021281607514","-0.1681205891051214","-0.09125445138289479"
"764000","-0.09415931081034996","-0.1407462789955044","-0.009894864227372166"
"766000","-0.10429268525807735","-0.18436061472509757","-0.029596215563575702"
"768000","-0.07274670966925646","-0.15584697375091494","-0.022570955953837936"
"770000","-0.06038872723397335","-0.14798094823042626","-0.001991323964016165"
"772000","-0.01841417505490751","-0.08118475709902122","0.039947696545627014"
"774000","0.0026019286684363153","-0.05556601766590028","0.08933238181170702"
"776000","0.02435328075922033","-0.028777899366498598","0.09274569353172557"
"778000","0.03300835388824903","-0.04398298289829184","0.10900650409390222"
"780000","0.04584129754368308","-0.005222661174120713","0.11582877183719537"
"782000","0.04619639516170767","-0.0025680313534103562","0.08746019068257885"
"784000","0.07332146380418801","-0.03908217878322473","0.20653995592603455"
"786000","0.10279087847859332","0.009017857104256087","0.22815847084615373"
"788000","0.10302356872604819","0.0359644335400735","0.23140671935022109"
"790000","0.07303789122905237","-0.012045637682749683","0.2215408806958817"
"792000","0.055722154599386085","-0.025916657645614308","0.18605391282025946"
"794000","0.04878183212863318","-0.06229573048122115","0.1689769912967109"
"796000","0.02545373344703819","-0.09981002512080014","0.1701531139379017"
"798000","-0.0060249320594290235","-0.16506663735461774","0.1453171600941219"
"800000","-0.002513164730134019","-0.19279400453700807","0.19972451828509802"
"802000","-0.016445950667177963","-0.27622620103585666","0.183986346505299"
"804000","-0.0030030607911169863","-0.2888344666159382","0.2245774628294748"
"806000","0.01555356548429374","-0.2483844228530206","0.2028071054913918"
"808000","-0.013194463255294634","-0.23935697512690876","0.16063114938930367"
"810000","-0.03172403634427406","-0.21704949037897955","0.12073783735069832"
"812000","-0.07992332516442861","-0.3103036834878576","0.07435997836594853"
"814000","-0.056920633665917264","-0.2924192612166943","0.109265522929669"
"816000","-0.05315714648502831","-0.2658941138780638","0.12644393153064107"
"818000","-0.029193616079086365","-0.25633273757959646","0.15009447507135726"
"820000","-0.010720710518456978","-0.23657190379582285","0.21148473581060917"
"822000","0.003412058534566279","-0.20126249887696088","0.2425018933474785"
"824000","0.014422037393946393","-0.17022873840359587","0.1966823955009459"
"826000","-0.013568885661848539","-0.1721031015307856","0.11763211030120342"
"828000","-0.020785886304257723","-0.18953332964562974","0.1310793610902348"
"830000","-0.052993344926341945","-0.21660333473304447","0.11819565820766924"
"832000","-0.04819165769575439","-0.2205680673190471","0.15513226560669327"
"834000","-0.02840396334755353","-0.182838152244043","0.13715494116615348"
"836000","0.000034495591470580976","-0.17663957399112026","0.2288118435918995"
"838000","-0.006109493257811617","-0.2019245691326758","0.21333534579367264"
"840000","-0.016680335478676696","-0.20286095365733103","0.1874662718618464"
"842000","-0.016706195574789907","-0.23725074649776218","0.19773945317549527"
"844000","-0.022223496556585367","-0.2327845554092143","0.16420441338365788"
"846000","-0.07498949562956855","-0.27526295196043216","0.14509167245767904"
"848000","-0.0809674951260751","-0.2501318740615331","0.10149062242630758"
"850000","-0.04925113239467316","-0.176702247927076","0.13990046266651293"
"852000","-0.0026176802569453698","-0.13409158255473597","0.24288737891575052"
"854000","0.013108995884778818","-0.12680288902623482","0.2773772622938986"
"856000","0.03278514115904853","-0.12289798784162752","0.2586069130369715"
"858000","0.04596480332891709","-0.07906291251841951","0.25415261140123674"
"860000","0.028387251663201205","-0.12242502520073227","0.26804214867165044"
"862000","0.004515863398012683","-0.11662603190916614","0.19794447970530013"
"864000","-0.024949245279721866","-0.1696193068665734","0.16626779402329883"
"866000","-0.03034786459194247","-0.15075213417355457","0.14034945681298455"
"868000","-0.028477890132809058","-0.17136909233350794","0.11463008269088645"
"870000","-0.04726984867042664","-0.20933935381803995","0.10147662664790008"
"872000","-0.02999081402460485","-0.2255021132999692","0.14325147071460564"
"874000","-0.023036259490898315","-0.2350616582060621","0.13829061871976583"
"876000","-0.04583390075759449","-0.26155629454594265","0.1324986606098245"
"878000","-0.06661999034824229","-0.26788609922908746","0.0917001847333739"
"880000","-0.11455792742207967","-0.2727218803919978","-0.009699055080767818"
"882000","-0.1302106428806389","-0.24349266370020828","-0.05203981669014333"
"884000","-0.12171761424256938","-0.23047051205400393","-0.03888809915527248"
"886000","-0.1437802292843741","-0.2702770119352082","-0.08025940703903336"
"888000","-0.10734313740811292","-0.24283399591330762","0.012402055539656329"
"890000","-0.10674683937447078","-0.27238095505551924","0.0567712948710036"
"892000","-0.0972490458964332","-0.2765366333992455","0.06454747481237473"
"894000","-0.10604266420403734","-0.29661055825876553","0.07226179368014757"
"896000","-0.09069039901600151","-0.2720739839325429","0.07698361836097513"
"898000","-0.09312934751221724","-0.2424942796390855","0.02513329750491733"
"900000","-0.09348664338518159","-0.20577215477799782","-0.005174047887234091"
"902000","-0.07543870798587714","-0.2129748714167976","0.04164024722771527"
"904000","-0.0898539330681347","-0.22457836937340353","0.001958912101432606"
"906000","-0.10029500979193033","-0.22550098385369954","0.00746759733415483"
"908000","-0.10277760392880081","-0.26698478779374396","0.023906414674336976"
"910000","-0.12556801274595045","-0.34465474483433567","0.00876697110322422"
"912000","-0.16672472506872774","-0.3973303573389299","0.015134261131711511"
"914000","-0.1535074497709837","-0.40549745205635285","0.018476169260069307"
"916000","-0.16046334420084665","-0.38333351057757775","-0.02076666665438296"
"918000","-0.14927917978470837","-0.33466589727028356","-0.03911660629965096"
"920000","-0.1480331680647519","-0.298136143239096","-0.047365538719927075"
"922000","-0.12444780728906764","-0.2929642178019831","-0.0008561143194054055"
"924000","-0.1110958693636052","-0.3238845380517861","0.0751940793154101"
"926000","-0.11123966954892911","-0.3668679069637993","0.14955191647776903"
"928000","-0.13964103669141523","-0.37899380227445834","0.10988396057722659"
"930000","-0.13229113864062655","-0.3173848637988906","0.08254500728717926"
"932000","-0.11731557188288937","-0.30642167836455897","0.09933934310025457"
"934000","-0.10619310825217261","-0.28062094614636424","0.08317784524802507"
"936000","-0.11454411732244169","-0.24891134741935558","0.0806334431143516"
"938000","-0.105006298324115","-0.24111319397036013","0.06984730408843215"
"940000","-0.09766341438537841","-0.17997470707080818","0.021817841084569207"
"942000","-0.14480847154268003","-0.25982332855435114","0.01015087447677505"
"944000","-0.15307920087720947","-0.29520570526784023","0.029068501689180265"
"946000","-0.18656549229246333","-0.33969369590129916","0.009555982370104178"
"948000","-0.19120890392631104","-0.3475018072556586","0.0073430068175133305"
"950000","-0.17530365337876022","-0.3557004908167755","0.06497096219647788"
"952000","-0.19761650417698465","-0.3459402715032656","0.013320803193726628"
"954000","-0.20216045645685435","-0.3394918332779225","-0.013490859468116371"
"956000","-0.21417940599797616","-0.34823233395679587","-0.014061436452784532"
"958000","-0.20094565720808588","-0.37491637531503536","0.05094073617293807"
"960000","-0.20569051759615684","-0.36985735198044994","0.05487683076321452"
"962000","-0.19556247942787497","-0.3912153950038277","0.06771444623249886"
"964000","-0.19105385287114215","-0.38288151228460565","0.072388023635712"
"966000","-0.17036495556400463","-0.39247593887127685","0.12905669301921927"
"968000","-0.15234944387019397","-0.3655245498779762","0.1430914760184144"
"970000","-0.12416284076332533","-0.30767438787084334","0.13934478894263927"
"972000","-0.12023512406424386","-0.3289981262340017","0.1477899210691471"
"974000","-0.07738610447009481","-0.3341187712397234","0.24095875825733143"
"976000","-0.07191061000758313","-0.29389754931001627","0.21371033645223558"
"978000","-0.0802563657203658","-0.3440766891963441","0.2546241847732512"
"980000","-0.060012497604930125","-0.3462439130864232","0.32099600411480644"
"982000","-0.051789029881097993","-0.34426894243586403","0.35240047347447256"
"984000","-0.0353731217818255","-0.3392794225034402","0.3929474281547068"
"986000","0.002695947186639939","-0.34126228882226295","0.5067755707418022"
"988000","-0.0010790871403256925","-0.3401559034786203","0.5177404920421016"
"990000","-0.010627262562398765","-0.36007696731237393","0.5296842937014182"
"992000","0.01702443823233868","-0.34880985171836415","0.5881770713004401"
"994000","0.04724398007472822","-0.31672836040274327","0.6577842442915892"
"996000","0.040495480971071994","-0.3281969872241568","0.6779744392690366"
"998000","0.04001262249083539","-0.3022431655452198","0.6931771130921115"
"1000000","0.044430082168671024","-0.2617768909293421","0.6487230851414061"
"1002000","0.026145478690434414","-0.2680731396063541","0.6068531317176676"
"1004000","0.0325267750156862","-0.28351233488166083","0.6293435956088506"
"1006000","0.022043369074850105","-0.2944698547230412","0.5763788585778239"
"1008000","0.013869244288450025","-0.28668989380992327","0.5328011871016419"
"1010000","-0.008080189390359574","-0.29509299660663424","0.5010756026740021"
"1012000","-0.021353152976488432","-0.28511920881876723","0.4497870089388288"
"1014000","-0.014868733010973393","-0.27877736223023386","0.41691397236192806"
"1016000","0.026853804372900372","-0.26968920351983977","0.4288563482775188"
"1018000","0.006958526943455529","-0.31421955127175893","0.4106639226315727"
"1020000","-0.014353019516416135","-0.3154062906074105","0.353203732169275"
"1022000","-0.0462257122043575","-0.3746282682616729","0.30652476064213074"
"1024000","-0.027982449016655708","-0.3643028479263885","0.32542074071433846"
"1026000","-0.012704181596888492","-0.3669181414691849","0.387515092615913"
"1028000","-0.0068136903132927605","-0.38551938832754973","0.36927028315462107"
"1030000","-0.049415143479781716","-0.3908321039128787","0.3101064166123414"
"1032000","-0.0009107038381203728","-0.3734709933537729","0.412392365240901"
"1034000","0.0037693891536922006","-0.3780496768495699","0.4479455926924224"
"1036000","0.03516759074523703","-0.36743966260344796","0.46340845412586135"
"1038000","0.06788480721270314","-0.307456632396142","0.46071595169438295"
"1040000","0.07184448018167848","-0.28945499515515377","0.46848319103077307"
"1042000","0.08954852456873341","-0.24792335731797482","0.5126628872325856"
"1044000","0.11671656886442412","-0.21434500038483503","0.5816134978600641"
"1046000","0.10559608627802229","-0.2432770619081506","0.6081819741969559"
"1048000","0.13788207423680005","-0.25169995911849524","0.6910170244655204"
"1050000","0.1395570241148506","-0.2006496173773133","0.6792116876660476"
"1052000","0.1293820691944062","-0.20869276937294612","0.6784858161673513"
"1054000","0.1359275194816115","-0.2214811316813514","0.698711484767555"
"1056000","0.1521384359824217","-0.2098096610952574","0.7747271511643777"
"1058000","0.1553235009077051","-0.19908217031713263","0.7633827721863636"
"1060000","0.15661680022254956","-0.15537416164488607","0.7185229812819164"
"1062000","0.14636802979417926","-0.151203521016334","0.723247362559254"
"1064000","0.13066884347108143","-0.2101566235580832","0.8042026296416883"
"1066000","0.11033298806888925","-0.2692165069482726","0.8332987677956584"
"1068000","0.09322137126077218","-0.28266368961369154","0.8047687824311319"
"1070000","0.08961955213789263","-0.25129029354780874","0.7451256605087431"
"1072000","0.0951826944640582","-0.24702312104108945","0.7341201861774199"
"1074000","0.12317704679909103","-0.23282483635382958","0.7483204127851526"
"1076000","0.09718375921388094","-0.3019549536984997","0.7443330886851648"
"1078000","0.08650376829352624","-0.3085218662138214","0.6959577530327834"
"1080000","0.08919794515430084","-0.3551829009031062","0.6956107978656538"
"1082000","0.06901007095669016","-0.3582318647714565","0.6602591179965995"
"1084000","0.07795578971496402","-0.3681383434488672","0.6618053007538429"
"1086000","0.08900237495590217","-0.3242868532922586","0.6719690998019341"
"1088000","0.07158522849423556","-0.36540389531501577","0.6604008519630566"
"1090000","0.09443250005644029","-0.36943460905028047","0.703965998092635"
"1092000","0.05535444374869793","-0.39833780321927054","0.623388468671559"
"1094000","0.0806379319794648","-0.3249932802235049","0.6019696182493742"
"1096000","0.08139508418315476","-0.36760827483521225","0.6497479131200039"
"1098000","0.0753385488492553","-0.41206677789758345","0.6568792774548443"
"1100000","0.07752786459723908","-0.3679413091218081","0.6204225915625381"
"1102000","0.06733903760925358","-0.33892102409051544","0.5652503827169226"
"1104000","0.0633988234845902","-0.29177015183716826","0.5318403552180777"
"1106000","0.05908339821633222","-0.25355077720645164","0.49369829049582287"
"1108000","0.08811918252914713","-0.2511386734107141","0.5460110068029413"
"1110000","0.09449245240538147","-0.24269863019600554","0.5585293408144887"
"1112000","0.05394700478709219","-0.30295545706120136","0.5143689508081103"
"1114000","0.06205418949399475","-0.2882451420953944","0.5546348395459354"
"1116000","0.05922808955256531","-0.2821837790486385","0.5221390268933027"
"1118000","0.054723339918727854","-0.24284068092694322","0.4622194139285129"
"1120000","0.032187271870661976","-0.24325566339458857","0.43505329323443975"
"1122000","0.04583572443909256","-0.24995177308942473","0.5266702882812863"
"1124000","0.032950977836133065","-0.22634943640218513","0.500498415208251"
"1126000","0.043312218959927345","-0.20477179642764784","0.5087944415778078"
"1128000","0.024441971076560227","-0.22569279540619275","0.44539804619232704"
"1130000","0.022015106093123793","-0.22567807519375743","0.46659150801606974"
"1132000","0.032773723064402745","-0.19701004655615256","0.48040944427073506"
"1134000","0.035455793024084435","-0.22585415438239292","0.5065627174713514"
"1136000","0.025556026223817068","-0.21441074684021008","0.4800073473538138"
"1138000","0.03645038135248759","-0.18810587427682182","0.48273394769857203"
"1140000","0.04090299206952619","-0.16687883558879069","0.44963263229148964"
"1142000","0.028700144375285397","-0.19740999178411833","0.45901485832928257"
"1144000","0.036303733708471814","-0.19955531758731623","0.46838511242044434"
"1146000","0.03535106968452136","-0.2598642996075602","0.523042128139484"
"1148000","-0.0017591309577633847","-0.2552260080599808","0.4144695245719806"
"1150000","0.001177597471503163","-0.23956424944305332","0.36382879588172656"
"1152000","-0.01052514890225332","-0.2324563976495294","0.3266087088918022"
"1154000","-0.028524831706914094","-0.2613578026287025","0.3393636829715223"
"1156000","-0.060672221139659345","-0.2981116134725745","0.31117314357254655"
"1158000","-0.04376431233402667","-0.3223161522004521","0.359112961995788"
"1160000","-0.017076261957115646","-0.3271729652765208","0.3637327097939794"
"1162000","-0.014625591220050619","-0.30698759242007506","0.3734922881029722"
"1164000","-0.036979497237778845","-0.295845190269407","0.30254404288587977"
"1166000","-0.024229651566000893","-0.23778013489488514","0.26896810749370487"
"1168000","-0.030547538462238278","-0.2192574511534767","0.22597538107830917"
"1170000","-0.03416313455454436","-0.18320327316888144","0.20523612482158357"
"1172000","-0.03891192358622383","-0.18413758125028107","0.20304576429782314"
"1174000","-0.03592472901139771","-0.1675044534119079","0.18700281246995437"
"1176000","-0.04127111230228692","-0.1866689657714451","0.20451221619510906"
"1178000","-0.017932593663030766","-0.15605394796615005","0.2375236211371026"
"1180000","0.00935677080846726","-0.14270730163067935","0.2669255337974406"
"1182000","0.01815846804057582","-0.15705543990868032","0.3008737959020189"
"1184000","0.003850146195141374","-0.1753056826060348","0.22623615831233335"
"1186000","-0.016360652254349167","-0.1995178982466169","0.20029772724494108"
"1188000","-0.020869405725425654","-0.21485187173631867","0.20583183571490232"
"1190000","-0.02634312208381792","-0.2474823253628857","0.23890064982866757"
"1192000","0.0040467912600065286","-0.26562961631911464","0.30575014977699033"
"1194000","0.029759391157783116","-0.2438765150523687","0.3721865420207091"
"1196000","-0.006829299439123156","-0.30287926092123973","0.33720733530779257"
"1198000","0.01780183439539786","-0.3056082383844478","0.38879893986421526"
"1200000","-0.0032889660026703496","-0.31516825312547736","0.39691048824467584"
"1202000","0.02446911590493008","-0.29815144403543675","0.4492219870510219"
"1204000","0.024202923504043905","-0.3070871716801485","0.4623270448817115"
"1206000","0.014946507923693064","-0.32368547629690153","0.47669865500447345"
"1208000","0.01886904645980943","-0.30717135604505896","0.489143141608111"
"1210000","0.01835304331268095","-0.2493059908038704","0.478750478576667"
"1212000","0.03647390794910089","-0.21832671916799154","0.5148386126242422"
"1214000","0.03857686521334949","-0.23709089885314463","0.5168833040120391"
"1216000","0.01945564181989044","-0.2812744418572984","0.4951638031062049"
"1218000","0.02378388723642626","-0.23354787769395632","0.5158256734568004"
"1220000","-0.011911570347975428","-0.25252465858852374","0.4394916049870972"
"1222000","-0.03350864631079393","-0.26419364359634345","0.39501396235058395"
"1224000","-0.0364884522443675","-0.28327163332200145","0.41019977464105073"
"1226000","-0.038592100351731835","-0.27280095503723706","0.39467699176576365"
"1228000","-0.06569261872538792","-0.24599752028822702","0.2834536069712174"
"1230000","-0.08743348783457694","-0.28247877489915857","0.2745798142170222"
"1232000","-0.1008291521662742","-0.2939639877029769","0.2569057989915289"
"1234000","-0.12900412515491988","-0.3285968029159195","0.19809959025200594"
"1236000","-0.14321914634011915","-0.3378578733252436","0.17557288649008437"
"1238000","-0.17979024036262017","-0.4110009112386106","0.12326704281294551"
"1240000","-0.1974919536146956","-0.39159908614261824","0.05531154604145156"
"1242000","-0.1847375828185894","-0.32602818158036834","0.04032899389537815"
"1244000","-0.19814009930394616","-0.31939766210015663","0.01947147492604163"
"1246000","-0.21433364217775122","-0.32868409433565837","-0.016925210366902668"
"1248000","-0.1950308158718975","-0.30183550827892036","-0.02351192477805705"
"1250000","-0.21685155177341894","-0.3148713824565785","-0.08148256077466468"
"1252000","-0.22611225331771068","-0.30319539917477234","-0.11547598518280246"
"1254000","-0.2244172636970209","-0.300140277152139","-0.11335715022176744"
"1256000","-0.21783850438459296","-0.2719385360594403","-0.14563911364605894"
"1258000","-0.19314062699693804","-0.26195203552319446","-0.11670527879352459"
"1260000","-0.19747453820011196","-0.23002022131712876","-0.13911126765141973"
"1262000","-0.16935224088514614","-0.1919909627033281","-0.12473232430730719"
"1264000","-0.14728632200548505","-0.23519523840638576","-0.03725303602054489"
"1266000","-0.16393599924855903","-0.24459296730436614","-0.030058798213361347"
"1268000","-0.13116735501990384","-0.23673443786558346","0.04727381703689459"
"1270000","-0.09874828076937318","-0.19756027662675485","0.08953535978951256"
"1272000","-0.09436009113234857","-0.20687068656008342","0.1106719106350909"
"1274000","-0.09018730268694593","-0.23038069287956658","0.17751351091208634"
"1276000","-0.08232629248353145","-0.2381590303678295","0.19662004245027206"
"1278000","-0.07125208781435516","-0.25863554396711524","0.22900448531309364"
"1280000","-0.060776966969752357","-0.2947110189473675","0.27177283813921965"
"1282000","-0.04589503873924069","-0.3465224084027064","0.3173223447457538"
"1284000","-0.06053315638752543","-0.39221840772295363","0.3048153256421908"
"1286000","-0.05003443485666753","-0.3490646363666526","0.28653617566419415"
"1288000","-0.026954096736866693","-0.32488067555111017","0.30308880008911365"
"1290000","-0.03451401204989827","-0.3437105459739466","0.3081729666429164"
"1292000","-0.05715138013131258","-0.3771015535800904","0.2724186531047162"
"1294000","-0.03422474503918823","-0.36164844094060355","0.2837082181398582"
"1296000","-0.07084005609575776","-0.4134634907736396","0.23495158356291357"
"1298000","-0.07419962863342801","-0.3899168644329254","0.2462855971595563"
"1300000","-0.06981673813266329","-0.40500887090626164","0.2700587619904254"
"1302000","-0.06971772261428692","-0.39778673134181747","0.2640769590294513"
"1304000","-0.04843006379161994","-0.36856274778967785","0.2849308662802505"
"1306000","-0.06958706773496269","-0.3589227337377525","0.24882520105192088"
"1308000","-0.05119930888726021","-0.3237305394140334","0.2839767200463975"
"1310000","-0.05640953701048889","-0.31154528636886103","0.2879411265628006"
"1312000","-0.030317328484556604","-0.29108456122891807","0.311180742230732"
"1314000","-0.05637641540637545","-0.327455256861684","0.28622355308802794"
"1316000","-0.05991381504190927","-0.32282530899443956","0.25199119637580586"
"1318000","-0.04469375418156888","-0.2901095094460383","0.2649669383042491"
"1320000","-0.020987578883170526","-0.30064794298851344","0.32392175788249006"
"1322000","-0.029910148929169184","-0.3314585877863779","0.34280985439338835"
"1324000","-0.02656593065717124","-0.329339001919629","0.372649556847784"
"1326000","-0.05431885300412253","-0.3457947742335586","0.33534151415995433"
"1328000","-0.05260820566488159","-0.3352900131453644","0.3352522196204227"
"1330000","-0.05989550263586523","-0.34512693583461806","0.34280540474990995"
"1332000","-0.060554205973917426","-0.38821769565285846","0.3634265461035319"
"1334000","-0.031578790739075394","-0.39280690444261035","0.38392014694223314"
"1336000","-0.027072699285940364","-0.4103603412791874","0.34045711750092594"
"1338000","-0.04281497003685885","-0.4364167741366565","0.3321302183191849"
"1340000","-0.02877294664419297","-0.4161418576937305","0.329251688975431"
"1342000","0.008265572954636846","-0.4315144278302925","0.4019585183295979"
"1344000","0.06583268231390994","-0.4234133110673302","0.5084659724231436"
"1346000","0.0839221253101405","-0.4203380024729432","0.5198603406607264"
"1348000","0.09634840440594657","-0.3928328354627175","0.5097879585134956"
"1350000","0.13288101492783114","-0.33637049095992017","0.5416648092535482"
"1352000","0.16832438604649838","-0.33363604147995846","0.5763656933717588"
"1354000","0.2067200890734068","-0.29990397173662686","0.6105007119664382"
"1356000","0.2224078679687784","-0.2555120547934949","0.5959465574153158"
"1358000","0.25490508065471235","-0.22770690886311054","0.6554886064740799"
"1360000","0.26199454216937784","-0.18679119107734002","0.6722378500594727"
"1362000","0.26090677101067355","-0.18506701933582373","0.7325866811237732"
"1364000","0.2800751350881115","-0.15485570674466723","0.7803863229490321"
"1366000","0.3009888304777233","-0.13777014097089701","0.8266202570159114"
"1368000","0.2998751268069524","-0.17217076396646733","0.8816210237532978"
"1370000","0.3176825210130882","-0.14462879612094548","0.9030686604356051"
"1372000","0.281289233211594","-0.14298646954803554","0.8556345443430945"
"1374000","0.25475886348985294","-0.15262887126982969","0.8305721103228753"
"1376000","0.2793605054980027","-0.14104727607398526","0.8938331270002525"
"1378000","0.25453298325992074","-0.17120727893064613","0.8974066483434988"
"1380000","0.2620383090832639","-0.1867229793376813","0.8808484800896376"
"1382000","0.23643334383614714","-0.18730933107325687","0.8384861719347072"
"1384000","0.27177609624601323","-0.18006965943944522","0.8565769987422509"
"1386000","0.26250888548369594","-0.20802328470655485","0.835400256212754"
"1388000","0.25862825961616637","-0.21722177837888598","0.8238010271468132"
"1390000","0.2510684917075945","-0.1887133791116707","0.785944601546687"
"1392000","0.2764565850363965","-0.141585011769383","0.7846083499227586"
"1394000","0.24980828419599344","-0.14875067908043862","0.7258340335803273"
"1396000","0.2262810301919814","-0.1377390433058667","0.693212732168909"
"1398000","0.21036770097481564","-0.11414544813684774","0.6264691322928461"
"1400000","0.20353249187291148","-0.09402198945568531","0.6410590586865488"
"1402000","0.2048447900095021","-0.06889747367409293","0.5870688043812458"
"1404000","0.21183728509912592","-0.03932379904043048","0.5895206853727045"
"1406000","0.2418865122628803","-0.020335411654115926","0.6400738369567486"
"1408000","0.3014430725595814","0.014330273067491342","0.7979741627684496"
"1410000","0.31472007408089875","0.026385526903293762","0.8280820107606058"
"1412000","0.3159670160055371","0.02596059618875731","0.8678772228860113"
"1414000","0.3279355796608685","0.04879715029601355","0.8462247611512312"
"1416000","0.34180708331812254","0.06686450053125735","0.8657400669832598"
"1418000","0.4111731767165194","0.07232760837518437","0.9259828919400345"
"1420000","0.46875880774592815","0.05108190105164251","1.0396066767176264"
"1422000","0.5032852620522134","0.07732860663517209","1.088623174586671"
"1424000","0.5053817880049435","0.10870962379757844","1.0853679186610157"
"1426000","0.5433038744268096","0.11078298292613187","1.1677920837087208"
"1428000","0.5328723075681938","0.11673205862326728","1.1305674626810127"
"1430000","0.562413886297986","0.07525504762858333","1.2120190675194957"
"1432000","0.5610802815533505","0.03281212787893315","1.1922640278521344"
"1434000","0.5733612908920108","0.04800112390016151","1.1467754324735493"
"1436000","0.5831435747899106","0.04414062240427305","1.1181565017500312"
"1438000","0.6256883137078907","0.034771388782057364","1.1503879033566686"
"1440000","0.6193702223844176","0.045774362206706457","1.151711097297934"
"1442000","0.6153348968624884","0.04319368231554109","1.089919212290016"
"1444000","0.5730643466963093","0.0162424556841288","1.0790589242995952"
"1446000","0.5484838480877076","0.005351808221166722","1.0511755981183224"
"1448000","0.5762524202581502","0.04754595966808846","1.0818999553696331"
"1450000","0.5862369314756406","0.03291888424483473","1.0770941721201952"
"1452000","0.6603096303489376","0.016083668760344106","1.1443767416638402"
"1454000","0.7008078978040416","0.03089131504981191","1.1925348189953324"
"1456000","0.7385517532537232","0.048396732913650285","1.1803457257659717"
"1458000","0.7453090682093061","0.1140928125657083","1.1206272544777565"
"1460000","0.7453338991616608","0.13251123675442072","1.0672848290500074"
"1462000","0.7609172105898407","0.14707745370245542","1.122050291079795"
"1464000","0.7385371776688056","0.16806792832864445","1.0942223986124155"
"1466000","0.826843481497964","0.20085836832053608","1.2876228376615328"
"1468000","0.8739849347961415","0.21399938727365225","1.4237842870969328"
"1470000","0.9248359394820763","0.21365141533067797","1.5305352813755162"
"1472000","0.941362490832562","0.22435409244647603","1.6257235887339343"
"1474000","0.9673824724664156","0.1839220007892873","1.738106656876393"
"1476000","0.9806838889436817","0.16005219504909476","1.8346535836397675"
"1478000","1.0008910457363138","0.13806600121254453","1.985608103432227"
"1480000","1.016553302061482","0.1386615551560244","2.1095320497439243"
"1482000","1.0103438589971532","0.13659351851782411","2.195905111307977"
"1484000","0.9887693133016292","0.13296750389403314","2.117545620119898"
"1486000","1.0531795464588019","0.09772646084171717","2.2690313635382338"
"1488000","1.1142819377428967","0.10245882521633753","2.3974295826058367"
"1490000","1.2228900263919205","0.08618256303496308","2.6124842817250173"
"1492000","1.2243802455960442","0.03385923264655863","2.7051470548722425"
"1494000","1.2854957239070888","0.060560057708207736","2.833899043084821"
"1496000","1.3604623753908769","0.08017978045265771","3.078559336529347"
"1498000","1.5160247226570016","0.10633093618441486","3.4961564260714226"
"1500000","1.544834699201849","0.14577221212863511","3.560176487307297"
"1502000","1.5823502215380045","0.17530639829405115","3.6801951982772443"
"1504000","1.6926636051014163","0.1827260761417273","3.8943646410203074"
"1506000","1.8299118534791248","0.17562028617551545","4.27966432489385"
"1508000","1.9426257589839129","0.15507942518428897","4.648687705361517"
"1510000","2.0230433050923557","0.12780005024583077","4.905942436067388"
"1512000","2.014911533561914","0.10824726677619034","4.932225606806577"
"1514000","2.0559824306537147","0.07233184250284098","5.142662561614067"
"1516000","2.0503599437111895","0.05948636953558888","5.265612794350833"
"1518000","2.0858716216756243","0.0417836879988026","5.373035343144089"
"1520000","2.071740290820745","-0.014230166947207206","5.517954750329258"
"1522000","2.0950582427947766","-0.07746534621538015","5.656130944125356"
"1524000","2.0593864461326645","-0.10062478843677676","5.652478659541114"
"1526000","2.0530678245933136","-0.16613277125540485","5.699574716592906"
"1528000","2.166048647799796","-0.22668071896648329","6.014582111233612"
"1530000","2.1782509124572877","-0.23804985367282647","6.076408533850919"
"1532000","2.035969511146502","-0.20307383179455066","5.736733564300696"
"1534000","2.0090275167205496","-0.22411102511033826","5.650276901792967"
"1536000","1.9751680079045304","-0.2980438117351878","5.678658333465441"
"1538000","2.063777866949803","-0.27457124296941765","5.805575181673266"
"1540000","2.1385588882104596","-0.2532922691068889","5.89420527669879"
"1542000","2.1188467669494866","-0.25601342196406773","5.884388840298154"
"1544000","1.9753920379922203","-0.23676275723258006","5.5036737027810725"
"1546000","1.9572726492911956","-0.21025400424794496","5.396795012735748"
"1548000","1.9833505574639332","-0.18696806060347448","5.402866150711648"
"1550000","2.062075574656008","-0.1889730871353458","5.568285580318639"
"1552000","2.0718028633322105","-0.18624406868369991","5.568471167769499"
"1554000","2.1311212682373983","-0.16432206583068915","5.744308964010545"
"1556000","2.211899378393156","-0.16228384900883977","5.994758403620668"
"1558000","2.298241237487761","-0.16357737198762337","6.22672158057893"
"1560000","2.4820586735102803","-0.1454165972780538","6.743728588799931"
"1562000","2.583361032913994","-0.09681909601912048","6.962645062721319"
"1564000","2.582505859833439","-0.04762644047515645","6.912930241410853"
"1566000","2.603502895198893","-0.06967761731932116","6.995540922316024"
"1568000","2.580050199748846","-0.07498241613914436","6.988058083541922"
"1570000","2.773070388218835","-0.06629180838729373","7.573176093355055"
"1572000","2.9520444696484867","-0.05215999058217857","7.978846940856658"
"1574000","3.1266847742596102","-0.04958859401868541","8.51983421165147"
"1576000","3.2017993355694916","-0.04723756731508186","8.787938666459404"
"1578000","3.2287692756326773","-0.040919845345517396","8.884888960510725"
"1580000","3.123735684796324","-0.06015400626612246","8.612270197324687"
"1582000","2.979775946100252","-0.03382750054585629","8.199326374819734"
"1584000","2.8601529376633406","-0.02699086171106318","7.7906810555486015"
"1586000","2.768057264502316","-0.05228315284207927","7.630665559720714"
"1588000","2.5301265857752493","-0.0934995135200443","7.011963450078387"
"1590000","2.3226826174979065","-0.1115690547030972","6.486174000330734"
"1592000","2.4464602221474485","-0.11906719749896728","6.948650743650737"
"1594000","2.462310455654326","-0.10501880053208147","7.095772060157266"
"1596000","2.3543517409230943","-0.09126551806063796","6.757677393235732"
"1598000","2.2244682364488644","-0.04733044320449698","6.328259776449297"
"1600000","2.0394124513271477","-0.07404631985412562","5.876491891554091"
"1602000","1.9841886825384574","-0.09509677964649745","5.75675364622986"
"1604000","1.9373006293994164","-0.0831643440045882","5.6095375068313444"
"1606000","1.9009983401022812","-0.0791622690302611","5.553168296867516"
"1608000","1.930950205859631","-0.07038529764351552","5.67902089305548"
"1610000","2.0713877225361284","-0.07046820057767764","6.121391817681025"
"1612000","2.1673597693436437","-0.02784939694444621","6.451528578376398"
"1614000","2.1755884566120147","-0.014905524045105279","6.4575938616354245"
"1616000","2.285265658549782","0.01792998986470774","6.7765499877851685"
"1618000","2.206204475292095","0.027023389869609657","6.5513978936445225"
"1620000","2.1212972370058227","0.017847480422475186","6.327497270326712"
"1622000","2.183359648411527","-0.00573608848691948","6.5545326660653815"
"1624000","2.1487851859897837","-0.030749785435741087","6.478839790687547"
"1626000","2.1229252529907834","-0.10856015062775119","6.497410525797518"
"1628000","2.066750308227168","-0.13525424066442657","6.334257606012864"
"1630000","2.023669633530911","-0.1777566017604317","6.218636086260086"
"1632000","1.8483935939912357","-0.2438912591614412","5.746185376706651"
"1634000","1.6533596495248901","-0.24447616867817712","5.161109099089285"
"1636000","1.6300134797610024","-0.2510360497404239","5.0951725811577635"
"1638000","1.5160142885353893","-0.26380228681213924","4.795705098739941"
"1640000","1.3675043167465573","-0.2551317197925877","4.323681986102951"
"1642000","1.3685347313583762","-0.24085955013530327","4.292659506287891"
"1644000","1.2529495225252751","-0.24740226118101277","3.9555787330237218"
"1646000","1.2557586954415985","-0.24063864326643525","3.956387780052145"
"1648000","1.1979114647838738","-0.21046485819522054","3.7382022906248467"
"1650000","1.099633328842044","-0.15311264624720203","3.393504752148408"
"1652000","1.0275004886328933","-0.1347721626128623","3.141967051510233"
"1654000","1.0597369612756022","-0.10554143184957496","3.210862877434585"
"1656000","0.9528776049893652","-0.08781864995461364","2.8605329219992273"
"1658000","1.0036046124167075","-0.05849273915679805","3.0144140560398798"
"1660000","0.9837175479733439","-0.07616458315597992","2.946705042663496"
"1662000","0.9416194546229453","-0.11265333004444988","2.8302649332559664"
"1664000","0.9639710848046236","-0.09714363832315581","2.859554677811917"
"1666000","0.9661726900404514","-0.03385750319998629","2.8116687013446353"
"1668000","0.8746311804260478","-0.04571470087607311","2.5634774486259557"
"1670000","0.8598468625797638","-0.0013540958956655648","2.498666677350644"
"1672000","0.840669975243344","0.03444730115593843","2.4013315071486865"
"1674000","0.8319488500291191","0.07160480586099631","2.349996225940529"
"1676000","0.7880713796664013","0.0750493556859806","2.1798469374277634"
"1678000","0.7600338367734706","0.04324160808213488","2.1603002126985227"
"1680000","0.7398046377689317","0.07569278935969483","2.061599243635777"
"1682000","0.6944916995554671","0.03592859316236761","1.9585438606715768"
"1684000","0.6793729427763054","0.0012934665972502363","1.9462556430748665"
"1686000","0.6858772769567273","-0.013284683426485127","1.9384809893066999"
"1688000","0.7200663081537572","-0.02904251071833234","1.9797423957488502"
"1690000","0.6525888673274421","-0.06416373636058055","1.801299484846648"
"1692000","0.662105269103186","-0.06977014952982065","1.829835452263709"
"1694000","0.6903912089715317","-0.06699209373307169","1.9468416996351448"
"1696000","0.7338423295747213","-0.07911314945539565","2.096606430211571"
"1698000","0.8014604933778281","-0.07328862356359242","2.2928989698230287"
"1700000","0.6952629012476064","-0.05980185714113397","2.0436778382253835"
"1702000","0.7539392092602322","-0.06467879919649205","2.2708026390378366"
"1704000","0.7419724520421891","-0.06875483586673727","2.222830881551374"
"1706000","0.7468724399082433","-0.09461439896875162","2.249285826622043"
"1708000","0.7438443344905984","-0.0892827500447711","2.271901909300126"
"1710000","0.7516488644623909","-0.03608769044355356","2.243548168019392"
"1712000","0.744612573408523","-0.02539439706020856","2.2151333784447056"
"1714000","0.7074666154901026","-0.037019404358285095","2.145167176169344"
"1716000","0.6990727288313018","-0.032241259477887044","2.1236515205381443"
"1718000","0.7499964710733816","-0.01054226846419622","2.251762805375271"
"1720000","0.8075245184085994","-0.010165282770263706","2.411533897145652"
"1722000","0.8026379859565448","-0.043016901625640445","2.455419963500463"
"1724000","0.7921449255371605","-0.05578592552593908","2.399240054457449"
"1726000","0.9070532194410824","-0.05820718503871466","2.7600412129163754"
"1728000","0.9370145231414645","-0.07541515530651668","2.882923136622645"
"1730000","1.0770701860298577","-0.06663317237485898","3.322721492343582"
"1732000","1.131795733092712","-0.06726681024351269","3.527420389319771"
"1734000","1.2116455648395936","-0.0701599405691959","3.7579506443059087"
"1736000","1.3113972445732993","-0.09464835811348163","4.106428072887473"
"1738000","1.427774347010894","-0.08085145104801629","4.430174249808306"
"1740000","1.5326985101555959","-0.1133307421694917","4.77315030283574"
"1742000","1.6115329589909717","-0.1234090959852037","5.027029256335459"
"1744000","1.6401371663964628","-0.11732957802005688","5.129522945708596"
"1746000","1.6864489373736433","-0.1484155843857734","5.328090309371241"
"1748000","1.8260379401960136","-0.14838534662677558","5.719456846424378"
"1750000","1.8535094555869973","-0.14861757000072973","5.792950176605956"
"1752000","1.8755478493063906","-0.1691526744349685","5.864573014765979"
"1754000","1.8822949267000755","-0.17091407632062328","5.905227417497895"
"1756000","1.985564773326109","-0.1686713255243667","6.226463542818092"
"1758000","1.9673270362686894","-0.16761985725772685","6.168194586074913"
"1760000","2.1339310205139577","-0.1387552145325171","6.653388570095412"
"1762000","2.1089798341663704","-0.1307271171615721","6.578414845408087"
"1764000","2.0935366505833275","-0.13986200006301808","6.5308587419165125"
"1766000","2.100538516789418","-0.15239540523650066","6.561069913412299"
"1768000","2.042204250162686","-0.15662201863429803","6.377129838528899"
"1770000","2.0900088649503457","-0.13921454682103648","6.5119998251580125"
"1772000","2.0253682972047002","-0.11578936759110368","6.294666523651075"
"1774000","2.0010966679283055","-0.13095677827860347","6.238707657835301"
"1776000","1.9417592030414337","-0.13273001872192253","6.03379526633522"
"1778000","1.9433865342016654","-0.118793315098068","6.025461552894529"
"1780000","1.966592141120399","-0.12842514272817063","6.124574235421461"
"1782000","1.9325430531714278","-0.12149097899711345","6.013675771747571"
"1784000","2.015364067069997","-0.11938642400447862","6.24482368656699"
"1786000","1.987737537494089","-0.11465522619234986","6.149626300732459"
"1788000","1.8245363609633836","-0.13894278467886037","5.675228553310677"
"1790000","1.9113801675288506","-0.1131297105409613","5.886471131267665"
"1792000","1.8762344732033192","-0.11492384628902075","5.786970210609028"
"1794000","1.7571857552247625","-0.10337185716719251","5.413867492984049"
"1796000","1.875912924587882","-0.09619795126843383","5.7634678135039294"
"1798000","1.8893941373471852","-0.07694132358377105","5.787015567850788"
"1800000","1.9473190806950729","-0.05588105521531546","5.9357144981781005"
"1802000","1.8813413562226247","-0.04698989781059208","5.721672285854352"
"1804000","1.9844254146318463","-0.07942999322227844","6.07053029717505"
"1806000","1.8565182070763597","-0.0682273318166117","5.686897400826216"
"1808000","1.9135673278502023","-0.07553560859571737","5.862089019147679"
"1810000","1.8583118805910301","-0.09266942786752771","5.689577157268302"
"1812000","1.809983766956619","-0.09202195284703339","5.570205119544758"
"1814000","1.9265282039132818","-0.11688777044054768","5.911194928268087"
"1816000","2.111661742043933","-0.12673635691538404","6.457032587206108"
"1818000","2.0572336758558927","-0.10853966183523335","6.3292192239008145"
"1820000","2.140604389522857","-0.10198847620174094","6.560361177487531"
"1822000","2.0827787826367152","-0.07715767610151125","6.365461991632591"
"1824000","2.026892271925497","-0.07272319591402812","6.203340344712371"
"1826000","1.907576878235749","-0.0846418593259532","5.888899612743176"
"1828000","2.0054009430004283","-0.08883609741401237","6.192209615987028"
"1830000","1.9714719930599396","-0.07481521002749286","6.059316327875714"
"1832000","2.0166918850232327","-0.09219168144824291","6.1891366221013016"
"1834000","1.9841688612505395","-0.10241972801582964","6.109428891183111"
"1836000","2.080625062417615","-0.12181633938360398","6.41374633432296"
"1838000","2.1883639977028246","-0.13388214183994937","6.7465331494429845"
"1840000","2.196779526952041","-0.12426663958118667","6.744412486641783"
"1842000","2.054469892977328","-0.11728206645581307","6.305802713063779"
"1844000","1.9554167180462763","-0.08126549568679552","5.996974157157585"
"1846000","1.9313684968319877","-0.08136798395961893","5.930944982052082"
"1848000","2.0822771941206453","-0.13822878316371143","6.460975435261729"
"1850000","2.163468074747296","-0.14628330390884373","6.716471937292372"
"1852000","2.303172685006762","-0.12351345983638026","7.0965159951736"
"1854000","2.3323605008736403","-0.08124950946612813","7.126911369078674"
"1856000","2.2532435686563814","-0.08741816119688162","6.897153369698556"
"1858000","2.3731709437699053","-0.08341893741711108","7.258888586247223"
"1860000","2.2279793983328924","-0.053129549010787765","6.782206532190436"
"1862000","2.0639325999005522","-0.03852906006784181","6.254198245302657"
"1864000","2.0421713873411664","-0.03184530859207739","6.175122255329856"
"1866000","1.954719418265723","-0.012308055911096787","5.8882523853593725"
"1868000","1.8528223899733975","-0.015481007794259862","5.580871263508801"
"1870000","1.8985966765081759","-0.006322350055474119","5.705973807017319"
"1872000","1.844507330950794","-0.020652219383773644","5.549406420649031"
"1874000","1.6409355006060193","0.0037945609809539728","4.90401017092634"
"1876000","1.5484862683764244","0.008633695471122669","4.609173022204078"
"1878000","1.533333416840253","0.004093062910971976","4.538413512191269"
"1880000","1.4062635998028155","0.010086066106007246","4.146375142046018"
"1882000","1.2254349396798379","-0.0005420211969103604","3.6193176491393246"
"1884000","1.3467171572664738","-0.0012443157877060115","3.9531994320985393"
"1886000","1.3633381550365036","-0.005826199004564852","3.9775636409048456"
"1888000","1.4490198377034995","-0.004742582941333247","4.220937404471681"
"1890000","1.4697319261554533","-0.009202067958096473","4.263158453603507"
"1892000","1.4506179230844813","-0.01045017916080543","4.181109770728275"
"1894000","1.4064860834096642","-0.0007720386197543283","4.051636159848422"
"1896000","1.5902173179900976","-0.003417230159298937","4.596562874584459"
"1898000","1.6391414830735336","0.009369620315563208","4.759204448433592"
"1900000","1.7427361355067925","0.02410788861133186","5.057717722112312"
"1902000","1.850975248314443","0.03554826135037728","5.349138296221381"
"1904000","1.7800001743084322","0.04063536818617287","5.138149504322558"
"1906000","1.7923524160285442","0.02313137399056723","5.208361681755167"
"1908000","1.9001952128657562","0.023909917194345334","5.490310258219483"
"1910000","1.9238237728876062","0.0323600318522149","5.5593795000207615"
"1912000","1.8843344472087287","0.0389920556502566","5.462253651847598"
"1914000","1.7092313287336098","0.03303893286406857","4.970933604148684"
"1916000","1.7910419026670226","0.04363162824148642","5.200531879320275"
"1918000","1.8790694669729124","0.06094737871373401","5.440323299843353"
"1920000","2.0415420654855407","0.05340598567645977","5.930899175787114"
"1922000","1.8822692707941286","0.06345174463108018","5.4447952594326345"
"1924000","1.863605522061427","0.053722305164295915","5.397919995985197"
"1926000","1.8566484857471568","0.07292697464599224","5.368004158845374"
"1928000","1.8942410469703717","0.06546846091502995","5.465035870944355"
"1930000","1.9607374179677697","0.12307431171206737","5.606506032941135"
"1932000","1.9793496197349283","0.1447301297369995","5.619831600588018"
"1934000","1.9315290391618845","0.14179105814595824","5.354351682276669"
"1936000","1.855623384788946","0.11143598887600818","4.870869556305669"
"1938000","1.890390968180478","0.10984526269105845","4.939799688931293"
"1940000","1.9058556071885906","0.10869645608411518","4.937908296038135"
"1942000","1.8332378667992693","0.12670799825325957","4.669604675982838"
"1944000","1.8671641830516554","0.08623433462457615","4.8061829021039815"
"1946000","1.7796418197982522","0.06842576637369352","4.534714848562836"
"1948000","1.9180870646309582","0.054660887953767105","4.942966946464491"
"1950000","1.982793969796034","0.0716283768172143","5.079392489643556"
"1952000","1.9400418338814198","0.0656962727826322","4.877147759025706"
"1954000","1.97660802171699","0.08022236826654995","4.914834606481506"
"1956000","1.8271762944647854","0.0688861709509511","4.485534099479927"
"1958000","1.7152492974702545","0.07013498013443317","4.253796189751963"
"1960000","1.5743098491458731","0.059569451301125884","3.99600406540979"
"1962000","1.5858837238601444","0.06040169091525609","4.076302804981846"
"1964000","1.4840848993092113","0.08009385098834178","4.007674304513282"
"1966000","1.3744764878239986","0.11871855526018776","3.725460732771629"
"1968000","1.3696830686791766","0.13820519084259292","3.6383389203220724"
"1970000","1.3764602896204792","0.16292518596907032","3.641247194446448"
"1972000","1.3071647018072785","0.17640452935500073","3.3650387211855843"
"1974000","1.3860141407056463","0.1656421001659182","3.407729072066432"
"1976000","1.450198611966566","0.17789125310920284","3.472995290190389"
"1978000","1.3956925582665753","0.15294664877985997","3.2565890592788342"
"1980000","1.3252667489895478","0.17055847051409004","2.95088486697548"
"1982000","1.3290387477464236","0.16702995601291698","2.900946695613442"
"1984000","1.4651673799996534","0.17249320550188352","3.103512011796352"
"1986000","1.5016654976101167","0.18680172751437563","3.0439992388867547"
"1988000","1.5248566251668612","0.16757300033264255","3.1686862679835177"
"1990000","1.5989035292622018","0.19122514026520002","3.3572222226517328"
"1992000","1.685766863599946","0.16548612264082116","3.6015448190946193"
"1994000","1.713748775946173","0.17565230741728374","3.762668195834238"
"1996000","1.6763148992852688","0.15651133512127496","3.677149218244275"
"1998000","1.7151982007884887","0.1714730102938301","3.8641025544348238"
"2000000","1.7132861837566538","0.17826841439476626","3.9564893897621953"