0,0.24050000309944153
1,0.31949999928474426
2,0.210999995470047
3,0.23499999940395355
4,0.16449999809265137
5,0.1835000067949295
6,0.16349999606609344
7,0.0925000011920929
8,0.15600000321865082
9,0.14100000262260437
10,0.1274999976158142
11,0.1145000010728836
12,0.09849999845027924
13,0.15199999511241913
14,0.11400000005960464
15,0.164000004529953
16,0.09449999779462814
17,0.2214999943971634
18,0.21050000190734863
19,0.2685000002384186
20,0.1469999998807907
21,0.25600001215934753
22,0.14499999582767487
23,0.12950000166893005
24,0.09300000220537186
25,0.17299999296665192
26,0.2529999911785126
27,0.13750000298023224
28,0.17249999940395355
29,0.12250000238418579
30,0.1679999977350235
31,0.22300000488758087
32,0.2004999965429306
33,0.0754999965429306
34,0.23000000417232513
35,0.13600000739097595
36,0.11599999666213989
37,0.17550000548362732
38,0.07100000232458115
39,0.20499999821186066
40,0.1420000046491623
41,0.13699999451637268
42,0.12999999523162842
43,0.23399999737739563
44,0.08699999749660492
45,0.13600000739097595
46,0.09650000184774399
47,0.05350000038743019
48,0.1704999953508377
49,0.1589999943971634
50,0.0885000005364418
51,0.09849999845027924
52,0.1899999976158142
53,0.06800000369548798
54,0.35100001096725464
55,0.10849999636411667
56,0.24549999833106995
57,0.16099999845027924
58,0.15700000524520874
59,0.11400000005960464
60,0.0754999965429306
61,0.08399999886751175
62,0.11649999767541885
63,0.11150000244379044
64,0.148499995470047
65,0.16699999570846558
66,0.2150000035762787
67,0.20350000262260437
68,0.23999999463558197
69,0.125
70,0.14800000190734863
71,0.11949999630451202
72,0.11500000208616257
73,0.14550000429153442
74,0.14749999344348907
75,0.13349999487400055
76,0.11949999630451202
77,0.1889999955892563
78,0.14399999380111694
79,0.1679999977350235
80,0.24899999797344208
81,0.11599999666213989
82,0.23999999463558197
83,0.20749999582767487
84,0.265500009059906
85,0.24549999833106995
86,0.1525000035762787
87,0.10649999976158142
88,0.23800000548362732
89,0.22050000727176666
90,0.11349999904632568
91,0.08900000154972076
92,0.09799999743700027
93,0.20749999582767487
94,0.13099999725818634
95,0.2175000011920929
96,0.11949999630451202
97,0.08100000023841858
98,0.10949999839067459
99,0.11550000309944153
100,0.03500000014901161
101,0.2224999964237213
102,0.06499999761581421
103,0.09049999713897705
104,0.10199999809265137
105,0.2849999964237213
106,0.15950000286102295
107,0.2160000056028366
108,0.20900000631809235
109,0.08550000190734863
110,0.2214999943971634
111,0.1965000033378601
112,0.21950000524520874
113,0.22300000488758087
114,0.20749999582767487
115,0.13850000500679016
116,0.33250001072883606
117,0.16249999403953552
118,0.16200000047683716
119,0.04699999839067459
120,0.2590000033378601
121,0.19099999964237213
122,0.29600000381469727
123,0.1340000033378601
124,0.15649999678134918
125,0.21250000596046448
126,0.3479999899864197
127,0.09650000184774399
128,0.04149999842047691
129,0.15700000524520874
130,0.20649999380111694
131,0.1185000017285347
132,0.20749999582767487
133,0.2549999952316284
134,0.12700000405311584
135,0.19699999690055847
136,0.15800000727176666
137,0.11900000274181366
138,0.09799999743700027
139,0.17900000512599945
140,0.2345000058412552
141,0.08649999648332596
142,0.14800000190734863
143,0.26100000739097595
144,0.0794999971985817
145,0.1459999978542328
146,0.23600000143051147
147,0.1509999930858612
148,0.10100000351667404
149,0.1809999942779541
150,0.20000000298023224
151,0.09449999779462814
152,0.05400000140070915
153,0.20000000298023224
154,0.12099999934434891
155,0.1080000028014183
156,0.27649998664855957
157,0.1315000057220459
158,0.304500013589859
159,0.21050000190734863
160,0.13050000369548798
161,0.18549999594688416
162,0.10199999809265137
163,0.16599999368190765
164,0.21400000154972076
165,0.17499999701976776
166,0.16449999809265137
167,0.15649999678134918
168,0.23849999904632568
169,0.15850000083446503
170,0.1965000033378601
171,0.1899999976158142
172,0.13750000298023224
173,0.23199999332427979
174,0.17499999701976776
175,0.125
176,0.17749999463558197
177,0.18000000715255737
178,0.10000000149011612
179,0.1315000057220459
180,0.14550000429153442
181,0.11500000208616257
182,0.14550000429153442
183,0.20800000429153442
184,0.23149999976158142
185,0.11400000005960464
186,0.1289999932050705
187,0.1080000028014183
188,0.22300000488758087
189,0.23100000619888306
190,0.16449999809265137
191,0.3714999854564667
192,0.13650000095367432
193,0.12200000137090683
194,0.11900000274181366
195,0.13750000298023224
196,0.09399999678134918
197,0.1469999998807907
198,0.18199999630451202
199,0.17800000309944153
200,0.1340000033378601
201,0.1665000021457672
202,0.16050000488758087
203,0.30250000953674316
204,0.08649999648332596
205,0.08550000190734863
206,0.1459999978542328
207,0.24449999630451202
208,0.2240000069141388
209,0.16449999809265137
210,0.3009999990463257
211,0.14949999749660492
212,0.09449999779462814
213,0.13899999856948853
214,0.14000000059604645
215,0.21649999916553497
216,0.2524999976158142
217,0.24950000643730164
218,0.060499999672174454
219,0.16899999976158142
220,0.19050000607967377
221,0.24699999392032623
222,0.35899999737739563
223,0.09200000017881393
224,0.20999999344348907
225,0.20649999380111694
226,0.164000004529953
227,0.18649999797344208
228,0.38600000739097595
229,0.10350000113248825
230,0.2029999941587448
231,0.18799999356269836
232,0.17649999260902405
233,0.19449999928474426
234,0.1784999966621399
235,0.15850000083446503
236,0.13500000536441803
237,0.0625
238,0.24699999392032623
239,0.13750000298023224
240,0.2150000035762787
241,0.19349999725818634
242,0.148499995470047
243,0.2160000056028366
244,0.1655000001192093
245,0.06400000303983688
246,0.20499999821186066
247,0.23849999904632568
248,0.1599999964237213
249,0.1080000028014183
250,0.07850000262260437
251,0.19599999487400055
252,0.0949999988079071
253,0.09449999779462814
254,0.29899999499320984
255,0.19949999451637268
256,0.14949999749660492
257,0.22300000488758087
258,0.10899999737739563
259,0.23350000381469727
260,0.1459999978542328
261,0.14100000262260437
262,0.12999999523162842
263,0.13600000739097595
264,0.1770000010728836
265,0.22949999570846558
266,0.3840000033378601
267,0.08950000256299973
268,0.2199999988079071
269,0.13349999487400055
270,0.1770000010728836
271,0.0989999994635582
272,0.19949999451637268
273,0.13099999725818634
274,0.1459999978542328
275,0.09300000220537186
276,0.12700000405311584
277,0.2985000014305115
278,0.11599999666213989
279,0.10249999910593033
280,0.23499999940395355
281,0.1899999976158142
282,0.125
283,0.3095000088214874
284,0.23149999976158142
285,0.0949999988079071
286,0.11699999868869781
287,0.11299999803304672
288,0.0560000017285347
289,0.15000000596046448
290,0.265500009059906
291,0.09700000286102295
292,0.148499995470047
293,0.14900000393390656
294,0.1379999965429306
295,0.24650000035762787
296,0.22949999570846558
297,0.1679999977350235
298,0.1679999977350235
299,0.20900000631809235
300,0.13699999451637268
301,0.1745000034570694
302,0.28450000286102295
303,0.10450000315904617
304,0.20499999821186066
305,0.2515000104904175
306,0.10050000250339508
307,0.09399999678134918
308,0.13349999487400055
309,0.1860000044107437
310,0.15399999916553497
311,0.164000004529953
312,0.2434999942779541
313,0.08500000089406967
314,0.09799999743700027
315,0.20149999856948853
316,0.18549999594688416
317,0.19949999451637268
318,0.11900000274181366
319,0.13500000536441803
320,0.06499999761581421
321,0.16899999976158142
322,0.16200000047683716
323,0.18250000476837158
324,0.15150000154972076
325,0.08449999988079071
326,0.0989999994635582
327,0.1459999978542328
328,0.17149999737739563
329,0.20250000059604645
330,0.09049999713897705
331,0.1459999978542328
332,0.13750000298023224
333,0.13249999284744263
334,0.17550000548362732
335,0.1145000010728836
336,0.14550000429153442
337,0.20149999856948853
338,0.20200000703334808
339,0.10350000113248825
340,0.028999999165534973
341,0.1274999976158142
342,0.20000000298023224
343,0.07400000095367432
344,0.1469999998807907
345,0.25850000977516174
346,0.19249999523162842
347,0.22949999570846558
348,0.07150000333786011
349,0.07150000333786011
350,0.21050000190734863
351,0.10899999737739563
352,0.15950000286102295
353,0.1615000069141388
354,0.1459999978542328
355,0.05299999937415123
356,0.12800000607967377
357,0.12849999964237213
358,0.11550000309944153
359,0.09300000220537186
360,0.31700000166893005
361,0.19699999690055847
362,0.11800000071525574
363,0.10100000351667404
364,0.21950000524520874
365,0.22349999845027924
366,0.1860000044107437
367,0.08649999648332596
368,0.21250000596046448
369,0.20149999856948853
370,0.18449999392032623
371,0.15950000286102295
372,0.1899999976158142
373,0.08299999684095383
374,0.11400000005960464
375,0.24300000071525574
376,0.10450000315904617
377,0.2784999907016754
378,0.13449999690055847
379,0.164000004529953
380,0.17399999499320984
381,0.25200000405311584
382,0.12250000238418579
383,0.25850000977516174
384,0.15000000596046448
385,0.16500000655651093
386,0.0989999994635582
387,0.18050000071525574
388,0.22949999570846558
389,0.0820000022649765
390,0.25049999356269836
391,0.18400000035762787
392,0.11299999803304672
393,0.2840000092983246
394,0.10949999839067459
395,0.21250000596046448
396,0.2029999941587448
397,0.05350000038743019
398,0.07699999958276749
399,0.13300000131130219
400,0.23350000381469727
401,0.057999998331069946
402,0.05900000035762787
403,0.06300000101327896
404,0.10199999809265137
405,0.15600000321865082
406,0.226500004529953
407,0.2644999921321869
408,0.1550000011920929
409,0.19550000131130219
410,0.34950000047683716
411,0.21250000596046448
412,0.1535000056028366
413,0.10000000149011612
414,0.2029999941587448
415,0.18649999797344208
416,0.11500000208616257
417,0.1120000034570694
418,0.18700000643730164
419,0.11649999767541885
420,0.1145000010728836
421,0.23399999737739563
422,0.17000000178813934
423,0.1655000001192093
424,0.2240000069141388
425,0.3334999978542328
426,0.05299999937415123
427,0.0820000022649765
428,0.1784999966621399
429,0.042500000447034836
430,0.11100000143051147
431,0.18150000274181366
432,0.13750000298023224
433,0.10949999839067459
434,0.21699999272823334
435,0.0860000029206276
436,0.14100000262260437
437,0.18199999630451202
438,0.2029999941587448
439,0.11400000005960464
440,0.03799999877810478
441,0.10400000214576721
442,0.08049999922513962
443,0.20900000631809235
444,0.09300000220537186
445,0.24449999630451202
446,0.14499999582767487
447,0.14100000262260437
448,0.2554999887943268
449,0.1599999964237213
450,0.07400000095367432
451,0.03700000047683716
452,0.1784999966621399
453,0.0949999988079071
454,0.12399999797344208
455,0.17749999463558197
456,0.08649999648332596
457,0.1445000022649765
458,0.26350000500679016
459,0.26499998569488525
460,0.12449999898672104
461,0.1315000057220459
462,0.18700000643730164
463,0.19900000095367432
464,0.13349999487400055
465,0.10700000077486038
466,0.26899999380111694
467,0.2240000069141388
468,0.20100000500679016
469,0.3540000021457672
470,0.15649999678134918
471,0.2800000011920929
472,0.2515000104904175
473,0.14249999821186066
474,0.24950000643730164
475,0.13449999690055847
476,0.13950000703334808
477,0.0560000017285347
478,0.10599999874830246
479,0.12449999898672104
480,0.10199999809265137
481,0.2240000069141388
482,0.2199999988079071
483,0.13050000369548798
484,0.1875
485,0.3050000071525574
486,0.18150000274181366
487,0.13300000131130219
488,0.13099999725818634
489,0.07999999821186066
490,0.1809999942779541
491,0.24500000476837158
492,0.18199999630451202
493,0.04349999874830246
494,0.18449999392032623
495,0.19499999284744263
496,0.13300000131130219
497,0.24300000071525574
498,0.14900000393390656
499,0.07750000059604645
500,0.11299999803304672
501,0.07400000095367432
502,0.2199999988079071
503,0.14100000262260437
504,0.0860000029206276
505,0.10700000077486038
506,0.09399999678134918
507,0.14749999344348907
508,0.1589999943971634
509,0.09700000286102295
510,0.1574999988079071
511,0.14900000393390656
512,0.18700000643730164
513,0.05000000074505806
514,0.3610000014305115
515,0.17949999868869781
516,0.2045000046491623
517,0.10750000178813934
518,0.13099999725818634
519,0.14900000393390656
520,0.22499999403953552
521,0.15150000154972076
522,0.0989999994635582
523,0.19599999487400055
524,0.10350000113248825
525,0.18150000274181366
526,0.09950000047683716
527,0.18199999630451202
528,0.18649999797344208
529,0.11050000041723251
530,0.14100000262260437
531,0.19099999964237213
532,0.2175000011920929
533,0.19499999284744263
534,0.16099999845027924
535,0.13099999725818634
536,0.14900000393390656
537,0.07649999856948853
538,0.1589999943971634
539,0.07750000059604645
540,0.22050000727176666
541,0.3434999883174896
542,0.16899999976158142
543,0.21950000524520874
544,0.11800000071525574
545,0.11400000005960464
546,0.1599999964237213
547,0.1965000033378601
548,0.1550000011920929
549,0.2915000021457672
550,0.1185000017285347
551,0.13750000298023224
552,0.25450000166893005
553,0.19949999451637268
554,0.07349999994039536
555,0.1679999977350235
556,0.12950000166893005
557,0.1889999955892563
558,0.09549999982118607
559,0.20749999582767487
560,0.1850000023841858
561,0.07800000160932541
562,0.1340000033378601
563,0.18299999833106995
564,0.3059999942779541
565,0.21850000321865082
566,0.1899999976158142
567,0.08100000023841858
568,0.04600000008940697
569,0.3125
570,0.16200000047683716
571,0.23499999940395355
572,0.3075000047683716
573,0.2685000002384186
574,0.2515000104904175
575,0.16750000417232513
576,0.14399999380111694
577,0.061500001698732376
578,0.10999999940395355
579,0.15600000321865082
580,0.08449999988079071
581,0.19200000166893005
582,0.210999995470047
583,0.1914999932050705
584,0.11999999731779099
585,0.16200000047683716
586,0.13099999725818634
587,0.14249999821186066
588,0.10949999839067459
589,0.226500004529953
590,0.12849999964237213
591,0.051500000059604645
592,0.1860000044107437
593,0.26600000262260437
594,0.08100000023841858
595,0.2879999876022339
596,0.16949999332427979
597,0.12950000166893005
598,0.0860000029206276
599,0.21449999511241913
600,0.11349999904632568
601,0.18449999392032623
602,0.12150000035762787
603,0.18299999833106995
604,0.23849999904632568
605,0.13699999451637268
606,0.12950000166893005
607,0.1860000044107437
608,0.19249999523162842
609,0.0494999997317791
610,0.17000000178813934
611,0.13199999928474426
612,0.10000000149011612
613,0.08299999684095383
614,0.10899999737739563
615,0.11550000309944153
616,0.13600000739097595
617,0.23499999940395355
618,0.052000001072883606
619,0.10050000250339508
620,0.1145000010728836
621,0.148499995470047
622,0.10450000315904617
623,0.12200000137090683
624,0.19349999725818634
625,0.11349999904632568
626,0.2045000046491623
627,0.26100000739097595
628,0.24300000071525574
629,0.12800000607967377
630,0.2680000066757202
631,0.03099999949336052
632,0.2199999988079071
633,0.06599999964237213
634,0.3384999930858612
635,0.1899999976158142
636,0.1704999953508377
637,0.1899999976158142
638,0.05249999836087227
639,0.17800000309944153
640,0.15649999678134918
641,0.1850000023841858
642,0.13699999451637268
643,0.14399999380111694
644,0.2529999911785126
645,0.15049999952316284
646,0.26499998569488525
647,0.17949999868869781
648,0.07900000363588333
649,0.11900000274181366
650,0.12449999898672104
651,0.1445000022649765
652,0.24250000715255737
653,0.1599999964237213
654,0.15000000596046448
655,0.1445000022649765
656,0.12099999934434891
657,0.1979999989271164
658,0.2240000069141388
659,0.14749999344348907
660,0.22599999606609344
661,0.22699999809265137
662,0.20900000631809235
663,0.06750000268220901
664,0.09650000184774399
665,0.18649999797344208
666,0.12999999523162842
667,0.09799999743700027
668,0.07000000029802322
669,0.17499999701976776
670,0.17900000512599945
671,0.23549999296665192
672,0.3179999887943268
673,0.1404999941587448
674,0.06700000166893005
675,0.057999998331069946
676,0.2460000067949295
677,0.14300000667572021
678,0.18950000405311584
679,0.2160000056028366
680,0.14550000429153442
681,0.14800000190734863
682,0.13750000298023224
683,0.24050000309944153
684,0.11699999868869781
685,0.37299999594688416
686,0.16750000417232513
687,0.12200000137090683
688,0.17800000309944153
689,0.210999995470047
690,0.18250000476837158
691,0.2535000145435333
692,0.12600000202655792
693,0.03999999910593033
694,0.16750000417232513
695,0.1274999976158142
696,0.1899999976158142
697,0.17299999296665192
698,0.17000000178813934
699,0.18549999594688416
700,0.17149999737739563
701,0.24549999833106995
702,0.13750000298023224
703,0.23499999940395355
704,0.13650000095367432
705,0.11500000208616257
706,0.11749999970197678
707,0.16899999976158142
708,0.23649999499320984
709,0.21299999952316284
710,0.24250000715255737
711,0.2549999952316284
712,0.20149999856948853
713,0.390500009059906
714,0.27250000834465027
715,0.19550000131130219
716,0.07900000363588333
717,0.17149999737739563
718,0.164000004529953
719,0.15800000727176666
720,0.3100000023841858
721,0.0885000005364418
722,0.1289999932050705
723,0.12250000238418579
724,0.14000000059604645
725,0.15800000727176666
726,0.22599999606609344
727,0.08250000327825546
728,0.20200000703334808
729,0.2094999998807907
730,0.14000000059604645
731,0.21899999678134918
732,0.15700000524520874
733,0.3319999873638153
734,0.17599999904632568
735,0.14650000631809235
736,0.14300000667572021
737,0.14900000393390656
738,0.34200000762939453
739,0.1940000057220459
740,0.10350000113248825
741,0.2395000010728836
742,0.25850000977516174
743,0.14300000667572021
744,0.24050000309944153
745,0.1589999943971634
746,0.13699999451637268
747,0.1599999964237213
748,0.12600000202655792
749,0.15649999678134918
750,0.12049999833106995
751,0.24199999868869781
752,0.17599999904632568
753,0.09099999815225601
754,0.20350000262260437
755,0.08900000154972076
756,0.12399999797344208
757,0.20200000703334808
758,0.0689999982714653
759,0.28600001335144043
760,0.017500000074505806
761,0.10199999809265137
762,0.11749999970197678
763,0.1080000028014183
764,0.2784999907016754
765,0.14000000059604645
766,0.24250000715255737
767,0.15850000083446503
768,0.21899999678134918
769,0.07450000196695328
770,0.16449999809265137
771,0.3659999966621399
772,0.25200000405311584
773,0.13850000500679016
774,0.17350000143051147
775,0.2084999978542328
776,0.3009999990463257
777,0.1979999989271164
778,0.06800000369548798
779,0.14100000262260437
780,0.048500001430511475
781,0.10350000113248825
782,0.19550000131130219
783,0.12349999696016312
784,0.23199999332427979
785,0.2304999977350235
786,0.15150000154972076
787,0.17299999296665192
788,0.09749999642372131
789,0.2720000147819519
790,0.16850000619888306
791,0.15950000286102295
792,0.04800000041723251
793,0.15950000286102295
794,0.148499995470047
795,0.19550000131130219
796,0.05700000002980232
797,0.06650000065565109
798,0.17949999868869781
799,0.15600000321865082
800,0.19349999725818634
801,0.22949999570846558
802,0.21899999678134918
803,0.1379999965429306
804,0.21449999511241913
805,0.054499998688697815
806,0.3059999942779541
807,0.0794999971985817
808,0.17399999499320984
809,0.24500000476837158
810,0.20999999344348907
811,0.1315000057220459
812,0.13199999928474426
813,0.08299999684095383
814,0.1525000035762787
815,0.2980000078678131
816,0.1315000057220459
817,0.18449999392032623
818,0.14499999582767487
819,0.08950000256299973
820,0.27799999713897705
821,0.2434999942779541
822,0.20399999618530273
823,0.09350000321865082
824,0.17249999940395355
825,0.2535000145435333
826,0.11400000005960464
827,0.22450000047683716
828,0.20350000262260437
829,0.1679999977350235
830,0.17800000309944153
831,0.16349999606609344
832,0.19249999523162842
833,0.2045000046491623
834,0.164000004529953
835,0.19900000095367432
836,0.08150000125169754
837,0.18850000202655792
838,0.07599999755620956
839,0.11900000274181366
840,0.09099999815225601
841,0.1940000057220459
842,0.22949999570846558
843,0.14000000059604645
844,0.11249999701976776
845,0.09849999845027924
846,0.17949999868869781
847,0.1615000069141388
848,0.0860000029206276
849,0.2304999977350235
850,0.24950000643730164
851,0.17249999940395355
852,0.1860000044107437
853,0.11500000208616257
854,0.1289999932050705
855,0.08500000089406967
856,0.19449999928474426
857,0.07599999755620956
858,0.27549999952316284
859,0.1615000069141388
860,0.14249999821186066
861,0.18799999356269836
862,0.16500000655651093
863,0.05000000074505806
864,0.13750000298023224
865,0.0560000017285347
866,0.13699999451637268
867,0.1340000033378601
868,0.08699999749660492
869,0.16750000417232513
870,0.2549999952316284
871,0.12049999833106995
872,0.20649999380111694
873,0.23800000548362732
874,0.13050000369548798
875,0.20800000429153442
876,0.1979999989271164
877,0.18050000071525574
878,0.20550000667572021
879,0.08500000089406967
880,0.04149999842047691
881,0.07400000095367432
882,0.2720000147819519
883,0.09300000220537186
884,0.15850000083446503
885,0.18150000274181366
886,0.15600000321865082
887,0.1404999941587448
888,0.13650000095367432
889,0.2134999930858612
890,0.10100000351667404
891,0.09000000357627869
892,0.1459999978542328
893,0.12999999523162842
894,0.17599999904632568
895,0.09449999779462814
896,0.1469999998807907
897,0.07699999958276749
898,0.13449999690055847
899,0.41999998688697815
900,0.05900000035762787
901,0.21150000393390656
902,0.0729999989271164
903,0.08950000256299973
904,0.16300000250339508
905,0.12600000202655792
906,0.25600001215934753
907,0.1185000017285347
908,0.16249999403953552
909,0.30649998784065247
910,0.1599999964237213
911,0.3009999990463257
912,0.19699999690055847
913,0.1550000011920929
914,0.10350000113248825
915,0.1679999977350235
916,0.08950000256299973
917,0.1704999953508377
918,0.14350000023841858
919,0.15549999475479126
920,0.09149999916553497
921,0.2529999911785126
922,0.09049999713897705
923,0.3555000126361847
924,0.2370000034570694
925,0.05849999934434891
926,0.1054999977350235
927,0.2070000022649765
928,0.2370000034570694
929,0.2150000035762787
930,0.15150000154972076
931,0.10899999737739563
932,0.12399999797344208
933,0.18799999356269836
934,0.3319999873638153
935,0.19099999964237213
936,0.21299999952316284
937,0.12950000166893005
938,0.2070000022649765
939,0.1599999964237213
940,0.09650000184774399
941,0.22849999368190765
942,0.14100000262260437
943,0.07249999791383743
944,0.17350000143051147
945,0.27799999713897705
946,0.1809999942779541
947,0.148499995470047
948,0.14650000631809235
949,0.21899999678134918
950,0.17900000512599945
951,0.0729999989271164
952,0.2094999998807907
953,0.05050000175833702
954,0.0860000029206276
955,0.19349999725818634
956,0.1835000067949295
957,0.18649999797344208
958,0.17649999260902405
959,0.17800000309944153
960,0.1185000017285347
961,0.1550000011920929
962,0.13699999451637268
963,0.22349999845027924
964,0.17499999701976776
965,0.2944999933242798
966,0.19949999451637268
967,0.17149999737739563
968,0.27250000834465027
969,0.13249999284744263
970,0.27250000834465027
971,0.16449999809265137
972,0.15299999713897705
973,0.10050000250339508
974,0.1809999942779541
975,0.17800000309944153
976,0.14749999344348907
977,0.14350000023841858
978,0.14149999618530273
979,0.2395000010728836
980,0.18549999594688416
981,0.13750000298023224
982,0.22450000047683716
983,0.27900001406669617
984,0.3619999885559082
985,0.24449999630451202
986,0.2515000104904175
987,0.07599999755620956
988,0.11999999731779099
989,0.34200000762939453
990,0.1784999966621399
991,0.1574999988079071
992,0.19699999690055847
993,0.10599999874830246
994,0.14100000262260437
995,0.23749999701976776
996,0.1054999977350235
997,0.13500000536441803
998,0.10050000250339508
999,0.15449999272823334
1000,0.15299999713897705
1001,0.13249999284744263
1002,0.14350000023841858
1003,0.3995000123977661
1004,0.060499999672174454
1005,0.0820000022649765
1006,0.14550000429153442
1007,0.09300000220537186
1008,0.14749999344348907
1009,0.17599999904632568
1010,0.14949999749660492
1011,0.1599999964237213
1012,0.0860000029206276
1013,0.12300000339746475
1014,0.18150000274181366
1015,0.09600000083446503
1016,0.16449999809265137
1017,0.31850001215934753
1018,0.10100000351667404
1019,0.20399999618530273
1020,0.12600000202655792
1021,0.16349999606609344
1022,0.27000001072883606
1023,0.2045000046491623
1024,0.21449999511241913
1025,0.1535000056028366
1026,0.15199999511241913
1027,0.13699999451637268
1028,0.14149999618530273
1029,0.20350000262260437
1030,0.06499999761581421
1031,0.2134999930858612
1032,0.0885000005364418
1033,0.12700000405311584
1034,0.14149999618530273
1035,0.0494999997317791
1036,0.1145000010728836
1037,0.1784999966621399
1038,0.2529999911785126
