0,0.8351648449897766
1,0.9041095972061157
2,0.8241758346557617
3,0.7527472376823425
4,0.8571428656578064
5,1.1699999570846558
6,1.076923131942749
7,0.7599999904632568
8,0.7799999713897705
9,0.6788991093635559
10,0.7155963182449341
11,0.752293586730957
12,0.9890109896659851
13,0.7802197933197021
14,0.9082568883895874
15,0.6697247624397278
16,0.7300000190734863
17,0.7599999904632568
18,1.0776255130767822
19,0.8219178318977356
20,1.0183485746383667
21,0.6697247624397278
22,0.692307710647583
23,0.6813187003135681
24,0.922374427318573
25,1.397260308265686
26,1.0219780206680298
27,0.9100000262260437
28,1.340000033378601
29,0.8799999952316284
30,0.8807339668273926
31,0.9082568883895874
32,0.9800000190734863
33,1.2087912559509277
34,1.0958904027938843
35,1.1299999952316284
36,0.8351648449897766
37,0.6373626589775085
38,0.8799999952316284
39,0.6813187003135681
40,0.7252747416496277
41,0.7981651425361633
42,0.8461538553237915
43,1.1100916862487793
44,0.8241758346557617
45,0.9800000190734863
46,0.8036529421806335
47,0.6263736486434937
48,0.6800000071525574
49,0.8131868243217468
50,0.901098906993866
51,0.791208803653717
52,0.6697247624397278
53,0.6800000071525574
54,1.399999976158142
55,0.8131868243217468
56,0.9340659379959106
57,0.692307710647583
58,0.6593406796455383
59,0.6972476840019226
60,0.8351648449897766
61,0.6299999952316284
62,0.9357798099517822
63,0.6373626589775085
64,0.8700000047683716
65,0.9200000166893005
66,0.9340659379959106
67,1.0989011526107788
68,0.9670329689979553
69,0.7699999809265137
70,0.8256880640983582
71,1.0800000429153442
72,0.8949771523475647
73,0.7214611768722534
74,0.7472527623176575
75,0.7305936217308044
76,0.6813187003135681
77,1.0549451112747192
78,0.9599999785423279
79,0.9800000190734863
80,0.8461538553237915
81,0.9200000166893005
82,1.2197802066802979
83,1.186813235282898
84,0.8351648449897766
85,1.0219780206680298
86,1.109890103340149
87,0.5600000023841858
88,0.9230769276618958
89,0.642201840877533
90,0.9357798099517822
91,1.0045661926269531
92,0.8241758346557617
93,1.0275229215621948
94,0.767123281955719
95,0.7900000214576721
96,0.8807339668273926
97,0.6575342416763306
98,0.8899999856948853
99,0.949999988079071
100,0.6373626589775085
101,0.9082568883895874
102,0.6513761281967163
103,0.7802197933197021
104,0.6499999761581421
105,1.149999976158142
106,0.8036529421806335
107,1.9560439586639404
108,0.8999999761581421
109,0.6043956279754639
110,1.9450548887252808
111,0.6849315166473389
112,1.1208791732788086
113,0.9599999785423279
114,0.7582417726516724
115,1.2307692766189575
116,0.8256880640983582
117,0.9890109896659851
118,1.0329670906066895
119,0.800000011920929
120,0.800000011920929
121,0.7300000190734863
122,1.0
123,0.8493150472640991
124,0.7300000190734863
125,0.8600000143051147
126,0.8021978139877319
127,0.7200000286102295
128,0.8600000143051147
129,0.8127853870391846
130,0.6263736486434937
131,0.9082568883895874
132,0.8100000023841858
133,1.0989011526107788
134,0.6605504751205444
135,0.8571428656578064
136,0.8999999761581421
137,0.6373626589775085
138,1.0825687646865845
139,0.9724770784378052
140,0.7400000095367432
141,0.7699999809265137
142,0.8131868243217468
143,0.7692307829856873
144,0.699999988079071
145,0.6100000143051147
146,0.9670329689979553
147,0.7692307829856873
148,0.6095890402793884
149,0.7798165082931519
150,0.7699999809265137
151,0.8036529421806335
152,0.6593406796455383
153,0.7599999904632568
154,1.2000000476837158
155,0.7472527623176575
156,1.076923131942749
157,0.7123287916183472
158,0.8310502171516418
159,0.8219178318977356
160,0.8791208863258362
161,0.7339449524879456
162,0.8715596199035645
163,0.8681318759918213
164,0.8901098966598511
165,0.6849315166473389
166,0.6153846383094788
167,0.800000011920929
168,1.1428571939468384
169,0.9700000286102295
170,0.8791208863258362
171,1.0879120826721191
172,0.60550457239151
173,1.2000000476837158
174,0.9100000262260437
175,0.7362637519836426
176,0.8100000023841858
177,0.9954338073730469
178,0.6757990717887878
179,1.2599999904632568
180,0.6788991093635559
181,0.6593406796455383
182,0.6593406796455383
183,0.7799999713897705
184,0.6513761281967163
185,1.274725317955017
186,0.9450549483299255
187,0.8348624110221863
188,0.9724770784378052
189,1.0439560413360596
190,0.6299999952316284
191,0.8199999928474426
192,0.6972476840019226
193,0.6483516693115234
194,0.8571428656578064
195,0.8199999928474426
196,0.8715596199035645
197,1.0989011526107788
198,0.5494505763053894
199,1.0989011526107788
200,0.7582417726516724
201,0.8791208863258362
202,1.1208791732788086
203,0.7397260069847107
204,0.7400000095367432
205,0.8999999761581421
206,0.699999988079071
207,1.0109890699386597
208,0.7252747416496277
209,0.922374427318573
210,1.0228310823440552
211,0.699999988079071
212,0.6849315166473389
213,0.8999999761581421
214,0.6800000071525574
215,0.7798165082931519
216,0.9670329689979553
217,0.8073394298553467
218,0.692307710647583
219,0.699999988079071
220,0.949999988079071
221,0.8131868243217468
222,0.8791208863258362
223,0.8571428656578064
224,1.4611872434616089
225,0.7853881120681763
226,0.8736263513565063
227,0.8999999761581421
228,1.3516483306884766
229,0.75
230,0.9680365324020386
231,0.6043956279754639
232,0.8807339668273926
233,0.7400000095367432
234,1.5504586696624756
235,0.8700000047683716
236,0.6301369667053223
237,0.6484017968177795
238,1.6699999570846558
239,0.931506872177124
240,0.7155963182449341
241,1.0825687646865845
242,0.6880733966827393
243,0.5824176073074341
244,1.0
245,0.6373626589775085
246,0.8165137767791748
247,0.8799999952316284
248,0.800000011920929
249,0.8791208863258362
250,0.7252747416496277
251,1.1050227880477905
252,1.2146118879318237
253,0.7032967209815979
254,1.0917431116104126
255,1.076923131942749
256,0.7032967209815979
257,0.949999988079071
258,0.6483516693115234
259,1.3119266033172607
260,1.109890103340149
261,0.949999988079071
262,0.9340659379959106
263,0.7339449524879456
264,0.913241982460022
265,0.9120879173278809
266,1.1009174585342407
267,0.7339449524879456
268,0.6484017968177795
269,0.8990825414657593
270,0.8571428656578064
271,0.8256880640983582
272,0.7305936217308044
273,0.9890109896659851
274,1.0879120826721191
275,0.6799450516700745
276,0.78899085521698
277,1.1100916862487793
278,1.0136985778808594
279,0.791208803653717
280,1.0219780206680298
281,0.9313187003135681
282,1.0
283,0.9541284441947937
284,0.8990825414657593
285,0.7599999904632568
286,0.8681318759918213
287,0.7247706651687622
288,0.9670329689979553
289,0.6000000238418579
290,0.6153846383094788
291,0.7400000095367432
292,1.2752293348312378
293,0.7582417726516724
294,0.75
295,0.9174311757087708
296,0.8901098966598511
297,0.8571428656578064
298,1.149999976158142
299,0.8791208863258362
300,0.7692307829856873
301,0.8021978139877319
302,1.1009174585342407
303,0.9120879173278809
304,0.7431192398071289
305,0.7599999904632568
306,0.8799999952316284
307,0.6392694115638733
308,0.5899999737739563
309,0.8440366983413696
310,0.9406392574310303
311,0.9800000190734863
312,0.7798165082931519
313,0.6593406796455383
314,0.7362637519836426
315,0.9340659379959106
316,1.1428571939468384
317,0.7945205569267273
318,0.6666666865348816
319,0.7472527623176575
320,0.7599999904632568
321,1.186813235282898
322,0.7472527623176575
323,1.045871615409851
324,0.7142857313156128
325,0.8351648449897766
326,0.699999988079071
327,0.9450549483299255
328,0.8584474921226501
329,0.8493150472640991
330,0.6483516693115234
331,0.9340659379959106
332,0.9174311757087708
333,0.6373626589775085
334,0.8500000238418579
335,0.49450549483299255
336,0.9174311757087708
337,0.6987500190734863
338,0.6499999761581421
339,0.642201840877533
340,0.6940639019012451
341,0.8219178318977356
342,1.076923131942749
343,0.5714285969734192
344,0.7853881120681763
345,0.9541284441947937
346,0.9041095972061157
347,1.2018349170684814
348,0.7798165082931519
349,0.6697247624397278
350,1.7798165082931519
351,0.7599999904632568
352,1.0275229215621948
353,1.2197802066802979
354,0.78899085521698
355,0.6697247624397278
356,0.8131868243217468
357,0.7305936217308044
358,0.8901098966598511
359,0.9670329689979553
360,1.1834862232208252
361,0.8256880640983582
362,1.0879120826721191
363,0.699999988079071
364,0.9340659379959106
365,0.8999999761581421
366,0.5899999737739563
367,0.7802197933197021
368,1.0329670906066895
369,1.0219780206680298
370,0.9800000190734863
371,0.8700000047683716
372,1.1100000143051147
373,0.6666666865348816
374,0.8021978139877319
375,0.9560439586639404
376,0.642201840877533
377,1.0299999713897705
378,0.8600000143051147
379,1.397260308265686
380,0.6373626589775085
381,1.0045661926269531
382,0.7853881120681763
383,0.9406392574310303
384,0.8791208863258362
385,0.8036529421806335
386,1.4835164546966553
387,0.8791208863258362
388,0.7155963182449341
389,1.1538461446762085
390,1.0593607425689697
391,1.1318681240081787
392,0.6940639019012451
393,0.8219178318977356
394,0.8949771523475647
395,0.8990825414657593
396,0.8584474921226501
397,0.5494505763053894
398,0.9599999785423279
399,0.6483516693115234
400,0.9890109896659851
401,0.8036529421806335
402,0.8461538553237915
403,1.0642201900482178
404,0.7582417726516724
405,0.8131868243217468
406,0.6483516693115234
407,1.2087912559509277
408,0.9599999785423279
409,0.6929223537445068
410,1.2699999809265137
411,0.7247706651687622
412,0.9599999785423279
413,0.7844036817550659
414,0.6997717022895813
415,0.6238532066345215
416,0.8310502171516418
417,0.8999999761581421
418,0.7362637519836426
419,1.1428571939468384
420,0.8901098966598511
421,0.9900000095367432
422,0.6153846383094788
423,0.800000011920929
424,0.7123287916183472
425,0.8858447670936584
426,0.5388127565383911
427,1.1428571939468384
428,0.8600000143051147
429,0.7305936217308044
430,0.6800000071525574
431,1.2087912559509277
432,0.8241758346557617
433,1.2999999523162842
434,1.1399999856948853
435,0.8791208863258362
436,1.2967033386230469
437,0.8990825414657593
438,1.073394536972046
439,0.8036529421806335
440,0.7692307829856873
441,0.8073394298553467
442,0.913241982460022
443,0.7692307829856873
444,0.9230769276618958
445,0.7099999785423279
446,0.7155963182449341
447,0.8256880640983582
448,0.78899085521698
449,0.7692307829856873
450,0.6373626589775085
451,0.7900000214576721
452,0.7064220309257507
453,0.800000011920929
454,0.9449541568756104
455,0.6593406796455383
456,0.7692307829856873
457,1.25
458,0.7853881120681763
459,0.8256880640983582
460,0.7945205569267273
461,0.7142857313156128
462,0.913241982460022
463,1.0099999904632568
464,1.1963469982147217
465,0.8990825414657593
466,0.9670329689979553
467,0.7799999713897705
468,0.75
469,1.0439560413360596
470,0.5799999833106995
471,0.8791208863258362
472,0.8021978139877319
473,0.9780219793319702
474,0.949999988079071
475,0.8623853325843811
476,0.8299999833106995
477,0.692307710647583
478,0.949999988079071
479,1.174311876296997
480,0.7945205569267273
481,0.7699999809265137
482,0.8791208863258362
483,0.9780219793319702
484,0.7699999809265137
485,1.2087912559509277
486,0.692307710647583
487,0.6972476840019226
488,0.611872136592865
489,0.7339449524879456
490,0.9100000262260437
491,1.5384615659713745
492,0.7472527623176575
493,1.1299999952316284
494,0.7142857313156128
495,1.0593607425689697
496,0.77625572681427
497,1.076923131942749
498,1.100000023841858
499,0.9082568883895874
500,0.7252747416496277
501,0.7031963467597961
502,1.0989011526107788
503,0.800000011920929
504,0.8600000143051147
505,0.9890109896659851
506,0.9724770784378052
507,0.7252747416496277
508,1.2527472972869873
509,0.949999988079071
510,0.6373626589775085
511,0.6593406796455383
512,0.8681318759918213
513,0.8351648449897766
514,1.1428571939468384
515,0.8700000047683716
516,0.901098906993866
517,1.0
518,1.076923131942749
519,0.8949771523475647
520,0.7064220309257507
521,1.0099999904632568
522,0.7900000214576721
523,0.8310502171516418
524,0.8100000023841858
525,0.7472527623176575
526,0.6813187003135681
527,0.9780219793319702
528,0.8073394298553467
529,0.8767123222351074
530,0.9300000071525574
531,0.8165137767791748
532,0.6392694115638733
533,0.9230769276618958
534,0.7252747416496277
535,1.0183485746383667
536,0.7142857313156128
537,0.7579908967018127
538,0.78899085521698
539,0.6330274939537048
540,0.791208803653717
541,1.813186764717102
542,0.8500000238418579
543,1.0091743469238281
544,0.7431192398071289
545,0.6000000238418579
546,0.7900000214576721
547,0.7958715558052063
548,0.7799999713897705
549,0.9120879173278809
550,1.4337899684906006
551,0.6043956279754639
552,0.7799999713897705
553,1.100000023841858
554,0.7799999713897705
555,0.7300000190734863
556,0.75
557,0.9399999976158142
558,0.8219178318977356
559,0.8700000047683716
560,1.0
561,0.7472527623176575
562,0.6392694115638733
563,0.7799999713897705
564,1.076923131942749
565,1.2087912559509277
566,0.7599999904632568
567,0.8021978139877319
568,0.8440366983413696
569,0.6593406796455383
570,0.8571428656578064
571,0.8623853325843811
572,0.6392694115638733
573,0.8021978139877319
574,1.0045661926269531
575,0.7472527623176575
576,0.6788991093635559
577,0.7400000095367432
578,0.7032967209815979
579,0.7692307829856873
580,0.6849315166473389
581,0.791208803653717
582,0.8571428656578064
583,0.642201840877533
584,0.5274725556373596
585,0.8461538553237915
586,0.6373626589775085
587,0.8899082541465759
588,0.8807339668273926
589,0.6697247624397278
590,0.7200000286102295
591,0.7798165082931519
592,1.0989011526107788
593,0.7582417726516724
594,0.8949771523475647
595,1.131250023841858
596,1.2511415481567383
597,0.8351648449897766
598,0.9890109896659851
599,1.0549451112747192
600,0.9890109896659851
601,0.7692307829856873
602,1.5299999713897705
603,0.692307710647583
604,0.7853881120681763
605,0.9357798099517822
606,0.9908257126808167
607,0.9041095972061157
608,0.6153846383094788
609,0.7305936217308044
610,0.6593406796455383
611,0.6697247624397278
612,0.6593406796455383
613,0.7799999713897705
614,0.8799999952316284
615,0.8500000238418579
616,0.8681318759918213
617,1.0499999523162842
618,0.7706422209739685
619,0.699999988079071
620,0.8571428656578064
621,0.6940639019012451
622,0.901098906993866
623,0.7798165082931519
624,0.8351648449897766
625,0.6263736486434937
626,1.0549451112747192
627,0.7802197933197021
628,0.8990825414657593
629,0.699999988079071
630,0.9041095972061157
631,0.7099999785423279
632,0.7300000190734863
633,0.9670329689979553
634,0.8131868243217468
635,0.791208803653717
636,0.75
637,1.0228310823440552
638,0.8990825414657593
639,0.78899085521698
640,0.6000000238418579
641,0.692307710647583
642,0.8990825414657593
643,0.8351648449897766
644,0.9230769276618958
645,1.0199999809265137
646,1.2417582273483276
647,0.6899999976158142
648,0.7692307829856873
649,1.2899999618530273
650,0.931506872177124
651,0.8021978139877319
652,0.9800000190734863
653,0.8351648449897766
654,0.6788991093635559
655,0.7252747416496277
656,1.350000023841858
657,0.9230769276618958
658,0.78899085521698
659,0.8299999833106995
660,0.8990825414657593
661,1.100000023841858
662,0.6972476840019226
663,0.8199999928474426
664,0.7099999785423279
665,0.8131868243217468
666,0.7362637519836426
667,1.0439560413360596
668,1.0
669,0.6593406796455383
670,0.7945205569267273
671,0.8901098966598511
672,0.9780219793319702
673,0.7699999809265137
674,0.7052752375602722
675,0.7142857313156128
676,1.0550458431243896
677,0.8675799369812012
678,1.1963469982147217
679,0.9450549483299255
680,0.7582417726516724
681,0.791208803653717
682,0.8241758346557617
683,0.7431192398071289
684,0.913241982460022
685,0.8791208863258362
686,0.8241758346557617
687,0.7488584518432617
688,0.9340659379959106
689,0.8351648449897766
690,0.9450549483299255
691,1.1428571939468384
692,0.6800000071525574
693,0.7252747416496277
694,0.7853881120681763
695,0.7300000190734863
696,0.6940639019012451
697,0.8127853870391846
698,0.7397260069847107
699,0.77625572681427
700,0.767123281955719
701,1.5604395866394043
702,0.8299999833106995
703,0.8241758346557617
704,0.7599999904632568
705,0.7247706651687622
706,0.7692307829856873
707,0.8399999737739563
708,0.8256880640983582
709,0.8351648449897766
710,0.7692307829856873
711,0.8036529421806335
712,1.0800000429153442
713,0.7252747416496277
714,0.9340659379959106
715,0.800000011920929
716,0.9340659379959106
717,1.0989011526107788
718,0.9230769276618958
719,0.8791208863258362
720,0.9780219793319702
721,0.752293586730957
722,0.7431192398071289
723,0.7020547986030579
724,1.0099999904632568
725,0.9230769276618958
726,0.913241982460022
727,0.9230769276618958
728,0.7699999809265137
729,1.0275229215621948
730,0.7692307829856873
731,0.800000011920929
732,0.7799999713897705
733,1.1689497232437134
734,1.715596318244934
735,0.6593406796455383
736,0.8131868243217468
737,0.7339449524879456
738,0.6593406796455383
739,1.0879120826721191
740,0.7123287916183472
741,1.0099999904632568
742,1.0549451112747192
743,1.0099999904632568
744,1.0399999618530273
745,0.8073394298553467
746,0.913241982460022
747,1.068493127822876
748,1.0329670906066895
749,0.8600000143051147
750,0.8999999761581421
751,0.8901098966598511
752,0.6777523159980774
753,0.791208803653717
754,0.7802197933197021
755,0.800000011920929
756,0.8990825414657593
757,0.7802197933197021
758,0.692307710647583
759,0.8256880640983582
760,0.5699999928474426
761,0.9670329689979553
762,0.8256880640983582
763,1.0958904027938843
764,0.9200000166893005
765,0.7155963182449341
766,0.791208803653717
767,0.621004581451416
768,0.7431192398071289
769,0.8949771523475647
770,0.7692307829856873
771,1.1648352146148682
772,1.0879120826721191
773,0.9450549483299255
774,0.9599999785423279
775,0.9120879173278809
776,0.77625572681427
777,0.8791208863258362
778,0.7339449524879456
779,0.7155963182449341
780,0.9406392574310303
781,0.6800000071525574
782,0.7614678740501404
783,0.6593406796455383
784,0.7200000286102295
785,1.0
786,0.800000011920929
787,0.7853881120681763
788,0.7582417726516724
789,1.0228310823440552
790,0.8199999928474426
791,0.6788991093635559
792,0.9340659379959106
793,0.800000011920929
794,0.7031963467597961
795,0.8127853870391846
796,0.7155963182449341
797,0.7305936217308044
798,1.0410958528518677
799,0.7692307829856873
800,0.60550457239151
801,0.7699999809265137
802,0.8999999761581421
803,0.6399999856948853
804,0.6392694115638733
805,0.8021978139877319
806,0.9120879173278809
807,0.6153846383094788
808,1.0550458431243896
809,1.1208791732788086
810,1.0439560413360596
811,0.6972476840019226
812,1.0045661926269531
813,1.0045661926269531
814,0.8791208863258362
815,1.3669724464416504
816,0.7798165082931519
817,1.3516483306884766
818,0.5600000023841858
819,0.8241758346557617
820,1.690000057220459
821,0.8219178318977356
822,0.699999988079071
823,1.0549451112747192
824,1.2599999904632568
825,0.8399999737739563
826,0.6697247624397278
827,0.6972476840019226
828,0.6484017968177795
829,0.8799999952316284
830,0.7981651425361633
831,0.9800000190734863
832,1.076923131942749
833,0.9908257126808167
834,0.6880733966827393
835,0.7099999785423279
836,0.6373626589775085
837,0.9230769276618958
838,0.7142857313156128
839,0.6392694115638733
840,0.6593406796455383
841,0.791208803653717
842,0.7431192398071289
843,0.7305936217308044
844,0.7247706651687622
845,0.699999988079071
846,0.9174311757087708
847,0.8351648449897766
848,0.8299999833106995
849,0.8021978139877319
850,0.7252747416496277
851,0.699999988079071
852,0.8461538553237915
853,0.7032967209815979
854,1.0099999904632568
855,0.6200000047683716
856,0.7032967209815979
857,0.7853881120681763
858,1.2637362480163574
859,0.7648401856422424
860,0.7692307829856873
861,0.8500000238418579
862,0.78899085521698
863,0.6484017968177795
864,0.9908257126808167
865,0.9450549483299255
866,0.7853881120681763
867,0.8573059439659119
868,1.2857142686843872
869,0.8219178318977356
870,0.8100000023841858
871,0.6600000262260437
872,0.8791208863258362
873,0.6600000262260437
874,0.8351648449897766
875,0.9900000095367432
876,0.9560439586639404
877,0.7247706651687622
878,0.6940639019012451
879,0.7142857313156128
880,0.7064220309257507
881,0.8584474921226501
882,0.8310502171516418
883,0.7798165082931519
884,0.6373626589775085
885,0.8219178318977356
886,0.6800000071525574
887,0.8131868243217468
888,0.7472527623176575
889,0.7472527623176575
890,0.9670329689979553
891,0.7287499904632568
892,1.0410958528518677
893,0.8999999761581421
894,1.6422017812728882
895,0.7445054650306702
896,1.1284403800964355
897,0.7339449524879456
898,0.6972476840019226
899,1.0091743469238281
900,0.8999999761581421
901,0.8600000143051147
902,1.0550458431243896
903,1.923076868057251
904,1.307692289352417
905,0.8799999952316284
906,1.0091743469238281
907,0.8858447670936584
908,1.121004581451416
909,0.7339449524879456
910,0.621004581451416
911,0.9120879173278809
912,1.0
913,0.8571428656578064
914,0.7799999713897705
915,0.6027397513389587
916,0.642201840877533
917,1.1799999475479126
918,0.8036529421806335
919,0.767123281955719
920,0.9340659379959106
921,0.6697247624397278
922,1.0642201900482178
923,0.9800000190734863
924,1.0439560413360596
925,0.8100000023841858
926,0.8351648449897766
927,1.0399999618530273
928,1.0
929,0.9497717022895813
930,1.1284403800964355
931,0.9399999976158142
932,0.59375
933,0.6483516693115234
934,0.8241758346557617
935,1.4495413303375244
936,1.1699999570846558
937,0.7252747416496277
938,0.7200000286102295
939,0.7099999785423279
940,0.8310502171516418
941,0.8899999856948853
942,1.2599999904632568
943,0.7799999713897705
944,1.940000057220459
945,0.9541284441947937
946,0.9908257126808167
947,0.6800000071525574
948,0.7156593203544617
949,0.7339449524879456
950,0.8351648449897766
951,0.8500000238418579
952,0.6373626589775085
953,0.593406617641449
954,0.7032967209815979
955,0.7898351550102234
956,0.7599999904632568
957,0.9541284441947937
958,0.6499999761581421
959,0.9954338073730469
960,0.7305936217308044
961,0.9082568883895874
962,0.800000011920929
963,0.9230769276618958
964,0.6703296899795532
965,0.7142857313156128
966,1.0
967,0.8681318759918213
968,1.1009174585342407
969,1.2087912559509277
970,1.0502283573150635
971,0.7400000095367432
972,0.8351648449897766
973,1.1100916862487793
974,0.692307710647583
975,1.1538461446762085
976,0.7400000095367432
977,0.9120879173278809
978,0.9100000262260437
979,0.8571428656578064
980,0.8131868243217468
981,1.1428571939468384
982,0.9340659379959106
983,1.0228310823440552
984,1.0642201900482178
985,0.8675799369812012
986,0.6700000166893005
987,0.7300000190734863
988,0.7981651425361633
989,0.9560439586639404
990,0.9230769276618958
991,0.593406617641449
992,0.8299999833106995
993,1.1648352146148682
994,0.8791208863258362
995,1.1559633016586304
996,0.752293586730957
997,0.6666666865348816
998,0.913241982460022
999,0.9200000166893005
1000,0.7155963182449341
1001,0.7305936217308044
1002,0.7142857313156128
1003,1.1200000047683716
1004,0.642201840877533
1005,0.7853881120681763
1006,0.8791208863258362
1007,0.8999999761581421
1008,0.8949771523475647
1009,0.7798165082931519
1010,0.9230769276618958
1011,0.6153846383094788
1012,0.5299999713897705
1013,0.6666666865348816
1014,0.7579908967018127
1015,0.75
1016,0.7339449524879456
1017,1.0549451112747192
1018,0.8767123222351074
1019,1.5164835453033447
1020,0.6674311757087708
1021,0.9560439586639404
1022,0.8219178318977356
1023,0.6483516693115234
1024,0.8990825414657593
1025,0.9230769276618958
1026,0.9340659379959106
1027,1.0642201900482178
1028,0.6153846383094788
1029,0.8500000238418579
1030,0.6972476840019226
1031,0.7802197933197021
1032,0.8700000047683716
1033,0.7799999713897705
1034,0.8799999952316284
1035,0.7400000095367432
1036,0.7472527623176575
1037,0.9670329689979553
1038,0.8256880640983582
