0,0.9567038416862488
1,1.0206043720245361
2,0.8818681836128235
3,0.9189189076423645
4,1.2398648262023926
5,0.9909909963607788
6,1.0123627185821533
7,1.1671347618103027
8,1.1981981992721558
9,1.1441441774368286
10,0.46153849363327026
11,0.6486486196517944
12,0.9797297716140747
13,0.7533783912658691
14,0.9459459185600281
15,1.1587837934494019
16,1.0810811519622803
17,0.8457207679748535
18,1.2053072452545166
19,1.0360361337661743
20,1.2609889507293701
21,1.099099040031433
22,0.7032967209815979
23,0.6368715167045593
24,1.0090090036392212
25,1.1351351737976074
26,0.5810055732727051
27,1.0168918371200562
28,0.38461539149284363
29,0.9020270109176636
30,0.8365920782089233
31,0.5893855094909668
32,1.3423423767089844
33,0.9101122617721558
34,1.202247142791748
35,1.144144058227539
36,1.023648738861084
37,0.9819820523262024
38,1.0540540218353271
39,0.882681667804718
40,0.6632882952690125
41,0.9497206807136536
42,0.8569820523262024
43,1.0614525079727173
44,1.2247189283370972
45,0.8826815485954285
46,0.7513736486434937
47,0.7927928566932678
48,0.8108108639717102
49,0.5405405163764954
50,1.095720648765564
51,0.7533783912658691
52,0.791208803653717
53,1.261261224746704
54,0.8435754776000977
55,0.8089886903762817
56,0.9898648262023926
57,0.7376126646995544
58,1.023648738861084
59,1.0983145236968994
60,0.9819819331169128
61,1.2849161624908447
62,0.43435755372047424
63,0.7821229100227356
64,0.902234673500061
65,0.9550560712814331
66,0.7297297120094299
67,0.8044692277908325
68,1.1123594045639038
69,0.9101123809814453
70,1.2527472972869873
71,1.0090090036392212
72,0.7567567229270935
73,1.2162160873413086
74,0.7162162065505981
75,0.8085585832595825
76,0.7545045614242554
77,0.9720670580863953
78,1.0112359523773193
79,1.2162160873413086
80,0.6036036014556885
81,0.8502747416496277
82,0.630630612373352
83,0.7094594836235046
84,0.8074323534965515
85,1.2432432174682617
86,1.153846263885498
87,0.6067415475845337
88,0.9459459185600281
89,0.8575418591499329
90,0.6554053425788879
91,1.109890103340149
92,1.0449438095092773
93,0.954954981803894
94,0.9050279855728149
95,1.1208791732788086
96,1.2162163257598877
97,1.1768018007278442
98,1.0168919563293457
99,0.8918918371200562
100,1.2995495796203613
101,0.6565315127372742
102,1.045045018196106
103,1.0608108043670654
104,0.9729729890823364
105,0.9466291666030884
106,1.0293296575546265
107,1.471909999847412
108,0.9729729890823364
109,0.6745495200157166
110,1.0237430334091187
111,1.1621620655059814
112,0.9273742437362671
113,1.1731843948364258
114,1.3406593799591064
115,1.082402229309082
116,0.889639675617218
117,0.9999998807907104
118,1.1061452627182007
119,1.1284916400909424
120,1.0879120826721191
121,1.090090036392212
122,0.6328828930854797
123,1.1002252101898193
124,1.085585594177246
125,1.1936936378479004
126,1.0989011526107788
127,1.0302197933197021
128,1.1428571939468384
129,0.0
130,0.9369369745254517
131,1.2500001192092896
132,0.9944133758544922
133,0.8826815485954285
134,0.8533519506454468
135,1.0067567825317383
136,1.16853928565979
137,0.9189189672470093
138,1.0906593799591064
139,0.7567567825317383
140,0.9670330286026001
141,1.3296704292297363
142,0.7710673809051514
143,0.9459459185600281
144,0.9845504760742188
145,1.1955307722091675
146,1.16853928565979
147,0.6824324727058411
148,1.0391061305999756
149,0.8648649454116821
150,0.948198139667511
151,0.9999998807907104
152,1.16853928565979
153,0.8108108639717102
154,1.2668538093566895
155,1.257882833480835
156,1.4846367835998535
157,0.692307710647583
158,1.1531530618667603
159,1.1741571426391602
160,1.0837912559509277
161,1.0360360145568848
162,0.9670330286026001
163,1.305866003036499
164,0.6666666269302368
165,0.7348901033401489
166,0.7977527976036072
167,0.7511261701583862
168,1.1620111465454102
169,1.2290502786636353
170,1.0101351737976074
171,0.8021978139877319
172,0.8378378748893738
173,1.1418919563293457
174,0.47206705808639526
175,0.6756756901741028
176,1.1396647691726685
177,1.2584269046783447
178,1.0879120826721191
179,0.8536035418510437
180,1.175675630569458
181,0.7747747302055359
182,1.1797752380371094
183,0.9410112500190735
184,0.954954981803894
185,0.3956044018268585
186,1.2696627378463745
187,0.990990936756134
188,1.4132884740829468
189,0.7567567229270935
190,1.0210673809051514
191,1.3997749090194702
192,0.9560440182685852
193,1.090090036392212
194,1.0168919563293457
195,1.1098902225494385
196,0.8715084195137024
197,1.0167598724365234
198,1.1193819046020508
199,1.3128491640090942
200,1.2120786905288696
201,0.7117116451263428
202,1.3378379344940186
203,1.0731981992721558
204,0.6368715167045593
205,1.004120945930481
206,1.281531572341919
207,1.123626470565796
208,0.8918918371200562
209,1.2094595432281494
210,0.9340659379959106
211,0.8938547372817993
212,1.2432433366775513
213,0.9695945978164673
214,1.094972014427185
215,0.8491619825363159
216,0.8128491640090942
217,1.269144058227539
218,0.9944134950637817
219,0.9155405163764954
220,0.37988826632499695
221,1.1538461446762085
222,1.0112359523773193
223,0.8089887499809265
224,1.0349098443984985
225,0.954954981803894
226,0.7027027606964111
227,1.0777026414871216
228,0.9775280952453613
229,0.9550560712814331
230,0.5078828930854797
231,1.0279330015182495
232,1.0068681240081787
233,0.9050279855728149
234,1.2247189283370972
235,1.0224719047546387
236,0.7032967209815979
237,1.1711711883544922
238,1.0146394968032837
239,0.912162184715271
240,1.109890103340149
241,1.0281531810760498
242,1.0180180072784424
243,1.1340090036392212
244,0.7142857313156128
245,0.7150838375091553
246,1.117117166519165
247,1.0
248,1.2275280952453613
249,1.4189943075180054
250,0.8044692873954773
251,0.7207207083702087
252,0.8868714570999146
253,1.539414644241333
254,0.630630612373352
255,1.0224719047546387
256,0.8828828930854797
257,1.1284916400909424
258,1.2849161624908447
259,0.2921348214149475
260,1.269662857055664
261,0.7567567825317383
262,1.037162184715271
263,0.9988738298416138
264,0.9354395866394043
265,1.2821229696273804
266,0.818435788154602
267,1.1123595237731934
268,0.6593406796455383
269,0.8828828930854797
270,0.522522509098053
271,1.1351350545883179
272,1.3063063621520996
273,1.120786428451538
274,1.0561796426773071
275,1.2218468189239502
276,1.5589886903762817
277,0.6846846342086792
278,1.2567566633224487
279,0.3963963985443115
280,1.1292134523391724
281,1.3243242502212524
282,1.0224719047546387
283,1.1480447053909302
284,0.9720670580863953
285,1.0233516693115234
286,1.1938201189041138
287,0.8513513803482056
288,0.869369387626648
289,1.1351351737976074
290,1.0660111904144287
291,0.8044692277908325
292,0.8918919563293457
293,1.1428571939468384
294,1.2545044422149658
295,0.846846878528595
296,1.085585594177246
297,0.8626373410224915
298,0.8828829526901245
299,1.1340090036392212
300,0.902234673500061
301,1.144144058227539
302,1.0461711883544922
303,1.1235954761505127
304,1.0439560413360596
305,1.1717877388000488
306,1.0055866241455078
307,1.2637362480163574
308,1.0112359523773193
309,1.0337836742401123
310,0.6610360145568848
311,0.8513513803482056
312,1.3423423767089844
313,0.6936936974525452
314,0.3956044018268585
315,0.8876404762268066
316,1.0167597532272339
317,0.8423422574996948
318,0.8268157243728638
319,0.5135135054588318
320,0.8108108639717102
321,1.1351351737976074
322,0.9560440182685852
323,1.0219780206680298
324,0.9999998807907104
325,0.6936936378479004
326,1.0292792320251465
327,0.9775280952453613
328,0.7788461446762085
329,1.3423423767089844
330,0.5892857313156128
331,0.9766483306884766
332,0.8145605325698853
333,0.7747747302055359
334,1.5920330286026
335,0.8085585832595825
336,1.0219780206680298
337,1.132882833480835
338,0.7802197933197021
339,1.2176966667175293
340,1.2678571939468384
341,1.3412163257598877
342,1.3420330286026
343,1.1978023052215576
344,1.0810810327529907
345,0.9819820523262024
346,0.617977499961853
347,0.9279278516769409
348,1.0090090036392212
349,0.8687151074409485
350,1.076923131942749
351,0.7582417726516724
352,1.177927851676941
353,1.0326576232910156
354,1.1671347618103027
355,0.9560440182685852
356,0.5921787619590759
357,0.45945948362350464
358,0.7680180072784424
359,1.0109890699386597
360,0.8738738298416138
361,0.9395604133605957
362,1.083798885345459
363,0.880630612373352
364,1.0467033386230469
365,1.2680180072784424
366,1.3567415475845337
367,0.6385135054588318
368,0.9944134950637817
369,0.9725275039672852
370,1.0281531810760498
371,1.1318681240081787
372,0.675675630569458
373,0.8571428060531616
374,0.8254190683364868
375,1.1081080436706543
376,1.2522523403167725
377,0.7027027010917664
378,1.2821228504180908
379,0.9367977380752563
380,0.9831081628799438
381,0.990990936756134
382,1.2882884740829468
383,1.4504504203796387
384,1.2432432174682617
385,1.1284916400909424
386,1.252252221107483
387,1.1531531810760498
388,0.9459459185600281
389,0.43243247270584106
390,0.9099098443984985
391,0.9436813592910767
392,1.1428571939468384
393,0.718468427658081
394,0.8648649454116821
395,1.1587837934494019
396,1.0549451112747192
397,1.1126126050949097
398,1.0209497213363647
399,1.1081081628799438
400,1.1351351737976074
401,0.9944134950637817
402,0.9608938097953796
403,0.7802197933197021
404,1.0453296899795532
405,0.6703296899795532
406,0.5765765905380249
407,0.7759009003639221
408,0.9409340620040894
409,0.7387387752532959
410,0.7905405759811401
411,0.8356741666793823
412,0.8558557629585266
413,1.3963961601257324
414,1.0154494047164917
415,1.0720720291137695
416,0.8834268450737
417,0.9290539622306824
418,1.2398649454116821
419,0.7927927374839783
420,1.077247142791748
421,0.9536516070365906
422,1.1731843948364258
423,1.0934065580368042
424,0.46846848726272583
425,0.7262569665908813
426,1.0659340620040894
427,1.1891891956329346
428,0.8918918371200562
429,1.1261260509490967
430,1.0741758346557617
431,0.5824176073074341
432,0.8108108639717102
433,1.162162184715271
434,0.7398648858070374
435,1.0405404567718506
436,0.5384615659713745
437,1.0898874998092651
438,1.0
439,0.9450548887252808
440,0.994369387626648
441,1.0889638662338257
442,1.0630630254745483
443,0.9369369745254517
444,0.7657657861709595
445,1.6418920755386353
446,0.9695945978164673
447,1.3806307315826416
448,1.2702702283859253
449,1.1632883548736572
450,0.9887388348579407
451,0.7927927374839783
452,0.8096846342086792
453,1.0990991592407227
454,0.8074323534965515
455,0.7837837338447571
456,0.8457207679748535
457,1.2804055213928223
458,1.3483144044876099
459,1.015363097190857
460,1.1538461446762085
461,1.4525140523910522
462,1.2570223808288574
463,1.0288461446762085
464,0.791208803653717
465,1.2353605031967163
466,0.9399441480636597
467,0.9101122617721558
468,1.2197802066802979
469,1.090090036392212
470,0.5726256966590881
471,0.8490990400314331
472,1.1351350545883179
473,0.5164835453033447
474,1.0432960987091064
475,0.985360324382782
476,0.7752808332443237
477,1.0898876190185547
478,1.05630624294281
479,1.3820223808288574
480,1.25
481,1.1171170473098755
482,1.0884830951690674
483,0.44144144654273987
484,0.7905027866363525
485,0.8623595237731934
486,1.0900901556015015
487,1.0508241653442383
488,1.0935754776000977
489,1.2252252101898193
490,1.0540540218353271
491,0.7105855941772461
492,0.779279351234436
493,1.052197813987732
494,0.7514045238494873
495,0.7142857313156128
496,1.2359548807144165
497,1.0
498,1.2060811519622803
499,0.8288288116455078
500,0.9729729890823364
501,1.1208791732788086
502,1.340659499168396
503,1.0945945978164673
504,0.9775280952453613
505,1.135135293006897
506,1.2774726152420044
507,1.1261260509490967
508,1.3164416551589966
509,0.9459459185600281
510,0.9185393452644348
511,0.8075841665267944
512,1.1261262893676758
513,1.2402234077453613
514,0.7657657861709595
515,0.5765765309333801
516,1.3243244886398315
517,0.8738738894462585
518,1.1261261701583862
519,0.0
520,0.9862637519836426
521,0.8738738298416138
522,0.8828828930854797
523,0.9774774312973022
524,0.9031532406806946
525,1.4448198080062866
526,0.8513513803482056
527,0.870879054069519
528,1.2178771495819092
529,0.845720648765564
530,1.0439560413360596
531,0.9729729890823364
532,1.4010988473892212
533,0.9009008407592773
534,0.7646396160125732
535,1.186813235282898
536,0.6396396160125732
537,1.1657302379608154
538,0.8792134523391724
539,1.0495495796203613
540,1.109234094619751
541,0.9497206807136536
542,1.1081080436706543
543,0.9890109896659851
544,0.7567567229270935
545,1.1173185110092163
546,0.6666666865348816
547,0.8648649454116821
548,1.0561797618865967
549,0.7747747302055359
550,0.9734636545181274
551,1.113128423690796
552,1.0744380950927734
553,0.6666666269302368
554,0.9999998807907104
555,0.8988763093948364
556,0.9369369745254517
557,1.2702702283859253
558,0.8536036610603333
559,1.1891891956329346
560,0.7871621251106262
561,1.324324369430542
562,0.7597765922546387
563,1.0561797618865967
564,1.002252221107483
565,0.8130630254745483
566,0.617977499961853
567,0.8108107447624207
568,1.2702703475952148
569,0.9189189672470093
570,0.7626404166221619
571,1.0
572,0.9101122617721558
573,0.8571428060531616
574,1.0090090036392212
575,1.0112358331680298
576,1.1261262893676758
577,1.0090090036392212
578,1.2025140523910522
579,1.2319819927215576
580,0.837837815284729
581,0.8715084195137024
582,0.6486486196517944
583,0.7195945382118225
584,1.2821229696273804
585,0.6666666269302368
586,0.6486486196517944
587,1.0879120826721191
588,0.6373873949050903
589,1.259831428527832
590,0.47747746109962463
591,1.0323033332824707
592,1.1238739490509033
593,1.0449438095092773
594,1.1891891956329346
595,0.8407820463180542
596,1.0810810327529907
597,1.1456043720245361
598,1.076923131942749
599,0.8738738298416138
600,1.2623873949050903
601,1.2522523403167725
602,0.6404494047164917
603,1.238738775253296
604,1.1648352146148682
605,1.1208791732788086
606,0.8828828930854797
607,1.3693695068359375
608,1.244505524635315
609,1.1261260509490967
610,0.8061798214912415
611,0.8108108639717102
612,0.8901098966598511
613,0.7752808332443237
614,1.1002252101898193
615,1.0281531810760498
616,1.0900901556015015
617,0.8558557629585266
618,1.0337837934494019
619,0.9385474920272827
620,1.0810811519622803
621,1.2932960987091064
622,1.242977499961853
623,0.9909909963607788
624,0.8214285969734192
625,0.798076868057251
626,1.0879120826721191
627,0.6263736486434937
628,0.9944133758544922
629,0.8901098966598511
630,0.9887639880180359
631,0.9697802662849426
632,1.3063063621520996
633,0.9469272494316101
634,0.610360324382782
635,0.8581080436706543
636,0.7567567229270935
637,0.9944134950637817
638,1.0
639,0.7229729890823364
640,1.109890103340149
641,0.9478021860122681
642,0.9733145833015442
643,0.8764044046401978
644,0.4954954981803894
645,1.1779279708862305
646,0.7219101190567017
647,0.8918918371200562
648,1.4143258333206177
649,0.0
650,0.5865384936332703
651,0.7871621251106262
652,1.0090090036392212
653,0.7364864945411682
654,0.5585585236549377
655,0.9222972989082336
656,0.9497206807136536
657,1.0219780206680298
658,1.0879120826721191
659,1.261261224746704
660,1.0535714626312256
661,1.1938202381134033
662,0.6216216087341309
663,1.1126126050949097
664,0.9775280952453613
665,1.23423433303833
666,1.2849161624908447
667,0.46846848726272583
668,1.0540541410446167
669,1.1634615659713745
670,0.8128491640090942
671,0.9538288116455078
672,1.4290541410446167
673,1.0
674,0.8044692873954773
675,1.0540541410446167
676,1.2877094745635986
677,1.2802197933197021
678,1.083798885345459
679,0.8738738894462585
680,1.269662857055664
681,0.7597765326499939
682,0.8975225687026978
683,1.150838017463684
684,1.0900901556015015
685,1.1648352146148682
686,1.009831428527832
687,1.190934181213379
688,1.0879120826721191
689,1.093468427658081
690,1.082207202911377
691,0.9943820238113403
692,1.2106741666793823
693,0.9587911367416382
694,1.2527934312820435
695,1.0279330015182495
696,0.8764044642448425
697,1.1474719047546387
698,1.1441441774368286
699,0.783707857131958
700,0.9819820523262024
701,0.9211711883544922
702,1.1994380950927734
703,1.140109896659851
704,1.2921347618103027
705,1.5772470235824585
706,1.039414405822754
707,1.0949721336364746
708,1.0270270109176636
709,1.303370714187622
710,1.0439560413360596
711,1.1606144905090332
712,0.9808558225631714
713,0.46846848726272583
714,1.1648352146148682
715,0.8131868243217468
716,1.0439189672470093
717,0.9538286924362183
718,0.9527027010917664
719,0.8918918371200562
720,1.0033783912658691
721,1.0236486196517944
722,1.2233145236968994
723,0.8626374006271362
724,1.0686936378479004
725,0.9859550595283508
726,1.067039132118225
727,1.0109890699386597
728,0.8983516693115234
729,0.7747748494148254
730,0.6666666269302368
731,1.2725224494934082
732,1.1744505167007446
733,1.0889639854431152
734,0.9009009599685669
735,1.0224717855453491
736,1.2654492855072021
737,0.7695530652999878
738,1.0393258333206177
739,0.8119369745254517
740,1.0926965475082397
741,0.7466216087341309
742,0.9279279708862305
743,1.149725317955017
744,0.9148351550102234
745,0.6216216087341309
746,1.1112637519836426
747,1.1880630254745483
748,0.7737430334091187
749,1.1579670906066895
750,1.0343406200408936
751,1.2857143878936768
752,1.1829609870910645
753,0.9099099040031433
754,0.9427374005317688
755,0.19780220091342926
756,0.8716217279434204
757,0.9831080436706543
758,1.2932960987091064
759,0.4673423171043396
760,0.7297297120094299
761,1.605769395828247
762,1.2849162817001343
763,1.3738739490509033
764,0.8536035418510437
765,0.792792797088623
766,1.1123595237731934
767,0.5855855941772461
768,1.1304945945739746
769,1.1261260509490967
770,1.384615421295166
771,0.7826576232910156
772,1.3186813592910767
773,1.0686813592910767
774,0.8648648262023926
775,0.7747747898101807
776,1.1328829526901245
777,0.9909909963607788
778,0.719101071357727
779,0.0
780,1.1768019199371338
781,0.8963963389396667
782,0.5125698447227478
783,0.8378378748893738
784,0.962837815284729
785,0.865168571472168
786,1.3296704292297363
787,1.0720720291137695
788,0.9450548887252808
789,0.8558559417724609
790,1.1179773807525635
791,0.7946927547454834
792,0.9786036610603333
793,1.0590659379959106
794,0.9076576232910156
795,1.4211711883544922
796,1.3310811519622803
797,0.7582417726516724
798,1.3524774312973022
799,1.0090090036392212
800,1.2590091228485107
801,0.9780219793319702
802,1.0659340620040894
803,0.5714285969734192
804,1.2307692766189575
805,1.1843576431274414
806,1.2025139331817627
807,0.9819819331169128
808,0.6629213094711304
809,1.0898876190185547
810,0.9639638662338257
811,0.9790502786636353
812,0.9120879173278809
813,1.042792797088623
814,0.9642857313156128
815,1.181564211845398
816,0.9459458589553833
817,0.6703296899795532
818,0.7752808928489685
819,0.7252747416496277
820,0.9459459185600281
821,0.9650901556015015
822,0.901098906993866
823,1.1272523403167725
824,1.1644145250320435
825,1.199324369430542
826,0.792792797088623
827,0.7472527623176575
828,0.9720670580863953
829,0.630630612373352
830,0.9290540814399719
831,1.0167598724365234
832,1.1758241653442383
833,0.9898648262023926
834,1.076923131942749
835,1.0112358331680298
836,1.2485954761505127
837,0.8288286924362183
838,0.7657657861709595
839,0.7995495796203613
840,0.8828829526901245
841,1.3141891956329346
842,1.0069832801818848
843,0.8777473568916321
844,0.9213482737541199
845,1.0698323249816895
846,0.6306306719779968
847,0.9549549221992493
848,0.9977476000785828
849,0.7747747302055359
850,1.18130624294281
851,0.5698323845863342
852,1.0279330015182495
853,1.3804945945739746
854,0.4357542097568512
855,0.7780898809432983
856,0.880630612373352
857,1.1587837934494019
858,0.9425675272941589
859,0.9729729890823364
860,0.9230769276618958
861,1.1460673809051514
862,1.0123873949050903
863,1.2195947170257568
864,0.9605854749679565
865,0.8426965475082397
866,0.8539325594902039
867,1.2247190475463867
868,1.2808988094329834
869,0.8044692873954773
870,1.1858108043670654
871,0.8589385151863098
872,0.8491619825363159
873,0.7542134523391724
874,0.8018018007278442
875,0.9729729890823364
876,0.7150838375091553
877,1.1689560413360596
878,1.1227476596832275
879,0.8715084195137024
880,1.0758426189422607
881,0.8569820523262024
882,0.8412162065505981
883,0.6396396160125732
884,1.226351261138916
885,1.3063064813613892
886,0.8547296524047852
887,1.0604395866394043
888,0.7826576828956604
889,0.8806306719779968
890,1.1261260509490967
891,1.3156424760818481
892,0.6067415475845337
893,1.1769663095474243
894,0.7905405163764954
895,0.7015765309333801
896,1.3186936378479004
897,0.9459459185600281
898,0.949720561504364
899,0.9438201785087585
900,1.266853928565979
901,1.396396279335022
902,1.134831428527832
903,0.9775280952453613
904,0.495495468378067
905,1.4395604133605957
906,0.8243242502212524
907,1.5013965368270874
908,1.0270270109176636
909,0.3258426785469055
910,0.9887639880180359
911,0.9954954981803894
912,0.9859550595283508
913,1.054775357246399
914,0.8156424760818481
915,0.9832402467727661
916,0.7692307829856873
917,0.7195945978164673
918,0.8018018007278442
919,0.8254190683364868
920,0.9396066665649414
921,0.7533783316612244
922,1.0335195064544678
923,1.0237430334091187
924,1.0377094745635986
925,1.262569785118103
926,1.0614525079727173
927,0.6002252101898193
928,1.3727476596832275
929,1.1790540218353271
930,0.9450548887252808
931,1.1530897617340088
932,1.2390109300613403
933,0.9326923489570618
934,1.197802186012268
935,1.196428656578064
936,0.9887639880180359
937,1.1013513803482056
938,0.8681318163871765
939,0.7409909963607788
940,1.105855941772461
941,0.7477477192878723
942,0.7252252101898193
943,0.5955055952072144
944,1.0898876190185547
945,0.8749998807907104
946,0.9776536226272583
947,1.122191071510315
948,1.1531530618667603
949,0.8901098966598511
950,1.3736263513565063
951,0.7297297120094299
952,0.7837837338447571
953,0.9718467593193054
954,0.675675630569458
955,1.1181319952011108
956,0.987430214881897
957,0.9343575239181519
958,1.0800561904907227
959,1.2409908771514893
960,0.7747747898101807
961,0.7939188480377197
962,1.0416666269302368
963,0.9842341542243958
964,1.1685391664505005
965,1.0810811519622803
966,1.119369387626648
967,0.40449437499046326
968,1.0279330015182495
969,1.0892857313156128
970,0.5405405163764954
971,1.0844594240188599
972,0.8156424760818481
973,1.1966291666030884
974,0.9780219793319702
975,0.9369369745254517
976,0.7709497213363647
977,0.727477490901947
978,1.163407802581787
979,1.1648352146148682
980,0.9211711883544922
981,0.9099098443984985
982,0.9230769276618958
983,1.0549451112747192
984,0.9459459185600281
985,1.2723464965820312
986,1.2319819927215576
987,1.119505524635315
988,0.901098906993866
989,0.7612612247467041
990,0.7657657861709595
991,0.8156424760818481
992,0.8764044642448425
993,0.9099099040031433
994,1.2049548625946045
995,0.6480446457862854
996,1.2623873949050903
997,1.633241891860962
998,0.8598901033401489
999,1.1418919563293457
1000,1.134615421295166
1001,1.1460673809051514
1002,0.6486486196517944
1003,0.46846848726272583
1004,0.9594971537590027
1005,1.0308988094329834
1006,0.8228021860122681
1007,0.8941441774368286
1008,0.9797297716140747
1009,1.1351350545883179
1010,1.2995494604110718
1011,1.0308988094329834
1012,0.5506756901741028
1013,0.9483240246772766
1014,0.9009008407592773
1015,1.4107142686843872
1016,0.7134830951690674
1017,1.1441441774368286
1018,1.0879120826721191
1019,1.1717033386230469
1020,0.6981981992721558
1021,0.9684684872627258
1022,0.837837815284729
1023,0.6711711287498474
1024,1.0365169048309326
1025,0.8681318163871765
1026,1.263736367225647
1027,1.024725317955017
1028,0.9335585832595825
1029,1.3887362480163574
1030,1.2843406200408936
1031,1.3153153657913208
1032,0.9189189076423645
1033,1.0055866241455078
1034,0.9279278516769409
1035,1.1621623039245605
1036,0.9832402467727661
1037,0.7752808928489685
1038,1.0502793788909912
1039,0.20224718749523163
1040,0.7105855941772461
1041,1.3333333730697632
1042,0.8983516693115234
1043,0.9009009599685669
1044,0.9639639854431152
1045,0.8873874545097351
1046,0.9560440182685852
1047,1.134831428527832
1048,0.8061798214912415
1049,1.0293296575546265
1050,1.048423409461975
1051,1.2290502786636353
1052,1.2972973585128784
1053,0.7894144058227539
1054,0.9999998807907104
1055,0.8288286924362183
1056,1.0337077379226685
1057,0.8738738894462585
1058,1.3186813592910767
