0,2000.0
1,2000.0
2,2000.0
3,2000.0
4,2000.0
5,2000.0
6,2000.0
7,2000.0
8,2000.0
9,2000.0
10,2000.0
11,2000.0
12,2000.0
13,2000.0
14,2000.0
15,2000.0
16,2000.0
17,2000.0
18,2000.0
19,2000.0
20,2000.0
21,2000.0
22,2000.0
23,2000.0
24,2000.0
25,2000.0
26,2000.0
27,2000.0
28,2000.0
29,2000.0
30,2000.0
31,2000.0
32,2000.0
33,2000.0
34,2000.0
35,2000.0
36,2000.0
37,2000.0
38,2000.0
39,2000.0
40,2000.0
41,2000.0
42,2000.0
43,2000.0
44,2000.0
45,2000.0
46,2000.0
47,2000.0
48,2000.0
49,2000.0
50,2000.0
51,2000.0
52,2000.0
53,2000.0
54,2000.0
55,2000.0
56,2000.0
57,2000.0
58,2000.0
59,2000.0
60,2000.0
61,2000.0
62,2000.0
63,2000.0
64,2000.0
65,2000.0
66,2000.0
67,2000.0
68,2000.0
69,2000.0
70,2000.0
71,2000.0
72,2000.0
73,2000.0
74,2000.0
75,2000.0
76,2000.0
77,2000.0
78,2000.0
79,2000.0
80,2000.0
81,2000.0
82,2000.0
83,2000.0
84,2000.0
85,2000.0
86,2000.0
87,2000.0
88,2000.0
89,2000.0
90,2000.0
91,2000.0
92,2000.0
93,2000.0
94,2000.0
95,2000.0
96,2000.0
97,2000.0
98,2000.0
99,2000.0
100,2000.0
101,2000.0
102,2000.0
103,2000.0
104,2000.0
105,2000.0
106,2000.0
107,2000.0
108,2000.0
109,2000.0
110,2000.0
111,2000.0
112,2000.0
113,2000.0
114,2000.0
115,2000.0
116,2000.0
117,2000.0
118,2000.0
119,2000.0
120,2000.0
121,2000.0
122,2000.0
123,2000.0
124,2000.0
125,2000.0
126,2000.0
127,2000.0
128,2000.0
129,2000.0
130,2000.0
131,2000.0
132,2000.0
133,2000.0
134,2000.0
135,2000.0
136,2000.0
137,2000.0
138,2000.0
139,2000.0
140,2000.0
141,2000.0
142,2000.0
143,2000.0
144,2000.0
145,2000.0
146,2000.0
147,2000.0
148,2000.0
149,2000.0
150,2000.0
151,2000.0
152,2000.0
153,2000.0
154,2000.0
155,2000.0
156,2000.0
157,2000.0
158,2000.0
159,2000.0
160,2000.0
161,2000.0
162,2000.0
163,2000.0
164,2000.0
165,2000.0
166,2000.0
167,2000.0
168,2000.0
169,2000.0
170,2000.0
171,2000.0
172,2000.0
173,2000.0
174,2000.0
175,2000.0
176,2000.0
177,2000.0
178,2000.0
179,2000.0
180,2000.0
181,2000.0
182,2000.0
183,2000.0
184,2000.0
185,2000.0
186,2000.0
187,2000.0
188,2000.0
189,2000.0
190,2000.0
191,2000.0
192,2000.0
193,2000.0
194,2000.0
195,2000.0
196,2000.0
197,2000.0
198,2000.0
199,2000.0
200,2000.0
201,2000.0
202,2000.0
203,2000.0
204,2000.0
205,2000.0
206,2000.0
207,2000.0
208,2000.0
209,2000.0
210,2000.0
211,2000.0
212,2000.0
213,2000.0
214,2000.0
215,2000.0
216,2000.0
217,2000.0
218,2000.0
219,2000.0
220,2000.0
221,2000.0
222,2000.0
223,2000.0
224,2000.0
225,2000.0
226,2000.0
227,2000.0
228,2000.0
229,2000.0
230,2000.0
231,2000.0
232,2000.0
233,2000.0
234,2000.0
235,2000.0
236,2000.0
237,2000.0
238,2000.0
239,2000.0
240,2000.0
241,2000.0
242,2000.0
243,2000.0
244,2000.0
245,2000.0
246,2000.0
247,2000.0
248,2000.0
249,2000.0
250,2000.0
251,2000.0
252,2000.0
253,2000.0
254,2000.0
255,2000.0
256,2000.0
257,2000.0
258,2000.0
259,2000.0
260,2000.0
261,2000.0
262,2000.0
263,2000.0
264,2000.0
265,2000.0
266,2000.0
267,2000.0
268,2000.0
269,2000.0
270,2000.0
271,2000.0
272,2000.0
273,2000.0
274,2000.0
275,2000.0
276,2000.0
277,2000.0
278,2000.0
279,2000.0
280,2000.0
281,2000.0
282,2000.0
283,2000.0
284,2000.0
285,2000.0
286,2000.0
287,2000.0
288,2000.0
289,2000.0
290,2000.0
291,2000.0
292,2000.0
293,2000.0
294,2000.0
295,2000.0
296,2000.0
297,2000.0
298,2000.0
299,2000.0
300,2000.0
301,2000.0
302,2000.0
303,2000.0
304,2000.0
305,2000.0
306,2000.0
307,2000.0
308,2000.0
309,2000.0
310,2000.0
311,2000.0
312,2000.0
313,2000.0
314,2000.0
315,2000.0
316,2000.0
317,2000.0
318,2000.0
319,2000.0
320,2000.0
321,2000.0
322,2000.0
323,2000.0
324,2000.0
325,2000.0
326,2000.0
327,2000.0
328,2000.0
329,2000.0
330,2000.0
331,2000.0
332,2000.0
333,2000.0
334,2000.0
335,2000.0
336,2000.0
337,2000.0
338,2000.0
339,2000.0
340,2000.0
341,2000.0
342,2000.0
343,2000.0
344,2000.0
345,2000.0
346,2000.0
347,2000.0
348,2000.0
349,2000.0
350,2000.0
351,2000.0
352,2000.0
353,2000.0
354,2000.0
355,2000.0
356,2000.0
357,2000.0
358,2000.0
359,2000.0
360,2000.0
361,2000.0
362,2000.0
363,2000.0
364,2000.0
365,2000.0
366,2000.0
367,2000.0
368,2000.0
369,2000.0
370,2000.0
371,2000.0
372,2000.0
373,2000.0
374,2000.0
375,2000.0
376,2000.0
377,2000.0
378,2000.0
379,2000.0
380,2000.0
381,2000.0
382,2000.0
383,2000.0
384,2000.0
385,2000.0
386,2000.0
387,2000.0
388,2000.0
389,2000.0
390,2000.0
391,2000.0
392,2000.0
393,2000.0
394,2000.0
395,2000.0
396,2000.0
397,2000.0
398,2000.0
399,2000.0
400,2000.0
401,2000.0
402,2000.0
403,2000.0
404,2000.0
405,2000.0
406,2000.0
407,2000.0
408,2000.0
409,2000.0
410,2000.0
411,2000.0
412,2000.0
413,2000.0
414,2000.0
415,2000.0
416,2000.0
417,2000.0
418,2000.0
419,2000.0
420,2000.0
421,2000.0
422,2000.0
423,2000.0
424,2000.0
425,2000.0
426,2000.0
427,2000.0
428,2000.0
429,2000.0
430,2000.0
431,2000.0
432,2000.0
433,2000.0
434,2000.0
435,2000.0
436,2000.0
437,2000.0
438,2000.0
439,2000.0
440,2000.0
441,2000.0
442,2000.0
443,2000.0
444,2000.0
445,2000.0
446,2000.0
447,2000.0
448,2000.0
449,2000.0
450,2000.0
451,2000.0
452,2000.0
453,2000.0
454,2000.0
455,2000.0
456,2000.0
457,2000.0
458,2000.0
459,2000.0
460,2000.0
461,2000.0
462,2000.0
463,2000.0
464,2000.0
465,2000.0
466,2000.0
467,2000.0
468,2000.0
469,2000.0
470,2000.0
471,2000.0
472,2000.0
473,2000.0
474,2000.0
475,2000.0
476,2000.0
477,2000.0
478,2000.0
479,2000.0
480,2000.0
481,2000.0
482,2000.0
483,2000.0
484,2000.0
485,2000.0
486,2000.0
487,2000.0
488,2000.0
489,2000.0
490,2000.0
491,2000.0
492,2000.0
493,2000.0
494,2000.0
495,2000.0
496,2000.0
497,2000.0
498,2000.0
499,2000.0
500,2000.0
501,2000.0
502,2000.0
503,2000.0
504,2000.0
505,2000.0
506,2000.0
507,2000.0
508,2000.0
509,2000.0
510,2000.0
511,2000.0
512,2000.0
513,2000.0
514,2000.0
515,2000.0
516,2000.0
517,2000.0
518,2000.0
519,2000.0
520,2000.0
521,2000.0
522,2000.0
523,2000.0
524,2000.0
525,2000.0
526,2000.0
527,2000.0
528,2000.0
529,2000.0
530,2000.0
531,2000.0
532,2000.0
533,2000.0
534,2000.0
535,2000.0
536,2000.0
537,2000.0
538,2000.0
539,2000.0
540,2000.0
541,2000.0
542,2000.0
543,2000.0
544,2000.0
545,2000.0
546,2000.0
547,2000.0
548,2000.0
549,2000.0
550,2000.0
551,2000.0
552,2000.0
553,2000.0
554,2000.0
555,2000.0
556,2000.0
557,2000.0
558,2000.0
559,2000.0
560,2000.0
561,2000.0
562,2000.0
563,2000.0
564,2000.0
565,2000.0
566,2000.0
567,2000.0
568,2000.0
569,2000.0
570,2000.0
571,2000.0
572,2000.0
573,2000.0
574,2000.0
575,2000.0
576,2000.0
577,2000.0
578,2000.0
579,2000.0
580,2000.0
581,2000.0
582,2000.0
583,2000.0
584,2000.0
585,2000.0
586,2000.0
587,2000.0
588,2000.0
589,2000.0
590,2000.0
591,2000.0
592,2000.0
593,2000.0
594,2000.0
595,2000.0
570,2000.0
571,2000.0
572,2000.0
573,2000.0
574,2000.0
575,2000.0
576,2000.0
577,2000.0
578,2000.0
579,2000.0
580,2000.0
581,2000.0
582,2000.0
583,2000.0
584,2000.0
585,2000.0
586,2000.0
587,2000.0
588,2000.0
589,2000.0
590,2000.0
591,2000.0
592,2000.0
593,2000.0
594,2000.0
595,2000.0
596,2000.0
597,2000.0
598,2000.0
599,2000.0
600,2000.0
601,2000.0
602,2000.0
603,2000.0
604,2000.0
605,2000.0
606,2000.0
607,2000.0
608,2000.0
609,2000.0
610,2000.0
611,2000.0
612,2000.0
613,2000.0
614,2000.0
615,2000.0
616,2000.0
617,2000.0
618,2000.0
619,2000.0
620,2000.0
621,2000.0
622,2000.0
623,2000.0
624,2000.0
625,2000.0
626,2000.0
627,2000.0
628,2000.0
629,2000.0
630,2000.0
631,2000.0
632,2000.0
633,2000.0
634,2000.0
635,2000.0
636,2000.0
637,2000.0
638,2000.0
639,2000.0
640,2000.0
641,2000.0
642,2000.0
643,2000.0
644,2000.0
645,2000.0
646,2000.0
647,2000.0
648,2000.0
649,2000.0
650,2000.0
651,2000.0
652,2000.0
653,2000.0
654,2000.0
655,2000.0
656,2000.0
657,2000.0
658,2000.0
659,2000.0
660,2000.0
661,2000.0
662,2000.0
663,2000.0
664,2000.0
665,2000.0
666,2000.0
667,2000.0
668,2000.0
669,2000.0
670,2000.0
671,2000.0
672,2000.0
673,2000.0
674,2000.0
675,2000.0
676,2000.0
677,2000.0
678,2000.0
679,2000.0
680,2000.0
681,2000.0
682,2000.0
683,2000.0
684,2000.0
685,2000.0
686,2000.0
687,2000.0
688,2000.0
689,2000.0
690,2000.0
691,2000.0
692,2000.0
693,2000.0
694,2000.0
695,2000.0
696,2000.0
697,2000.0
698,2000.0
699,2000.0
700,2000.0
701,2000.0
702,2000.0
703,2000.0
704,2000.0
705,2000.0
706,2000.0
707,2000.0
708,2000.0
709,2000.0
710,2000.0
711,2000.0
712,2000.0
713,2000.0
714,2000.0
715,2000.0
716,2000.0
717,2000.0
718,2000.0
719,2000.0
720,2000.0
721,2000.0
722,2000.0
723,2000.0
724,2000.0
725,2000.0
726,2000.0
727,2000.0
728,2000.0
729,2000.0
730,2000.0
731,2000.0
732,2000.0
733,2000.0
734,2000.0
735,2000.0
736,2000.0
737,2000.0
738,2000.0
739,2000.0
740,2000.0
741,2000.0
742,2000.0
743,2000.0
744,2000.0
745,2000.0
746,2000.0
747,2000.0
748,2000.0
749,2000.0
750,2000.0
751,2000.0
752,2000.0
753,2000.0
754,2000.0
755,2000.0
756,2000.0
757,2000.0
758,2000.0
759,2000.0
760,2000.0
761,2000.0
762,2000.0
763,2000.0
764,2000.0
765,2000.0
766,2000.0
767,2000.0
768,2000.0
769,2000.0
770,2000.0
771,2000.0
772,2000.0
773,2000.0
774,2000.0
775,2000.0
776,2000.0
777,2000.0
778,2000.0
779,2000.0
780,2000.0
781,2000.0
782,2000.0
783,2000.0
784,2000.0
785,2000.0
786,2000.0
787,2000.0
788,2000.0
789,2000.0
790,2000.0
791,2000.0
792,2000.0
793,2000.0
794,2000.0
795,2000.0
796,2000.0
797,2000.0
798,2000.0
799,2000.0
800,2000.0
801,2000.0
802,2000.0
803,2000.0
804,2000.0
805,2000.0
806,2000.0
807,2000.0
808,2000.0
809,2000.0
810,2000.0
811,2000.0
812,2000.0
813,2000.0
814,2000.0
815,2000.0
816,2000.0
817,2000.0
818,2000.0
819,2000.0
820,2000.0
821,2000.0
822,2000.0
823,2000.0
824,2000.0
825,2000.0
826,2000.0
827,2000.0
828,2000.0
829,2000.0
830,2000.0
831,2000.0
832,2000.0
833,2000.0
834,2000.0
835,2000.0
836,2000.0
837,2000.0
838,2000.0
839,2000.0
840,2000.0
841,2000.0
842,2000.0
843,2000.0
844,2000.0
845,2000.0
846,2000.0
847,2000.0
848,2000.0
849,2000.0
850,2000.0
851,2000.0
852,2000.0
853,2000.0
854,2000.0
855,2000.0
856,2000.0
857,2000.0
858,2000.0
859,2000.0
860,2000.0
861,2000.0
862,2000.0
863,2000.0
864,2000.0
865,2000.0
866,2000.0
867,2000.0
868,2000.0
869,2000.0
870,2000.0
871,2000.0
872,2000.0
873,2000.0
874,2000.0
875,2000.0
876,2000.0
877,2000.0
878,2000.0
879,2000.0
880,2000.0
881,2000.0
882,2000.0
883,2000.0
884,2000.0
885,2000.0
886,2000.0
887,2000.0
888,2000.0
889,2000.0
890,2000.0
891,2000.0
892,2000.0
893,2000.0
894,2000.0
895,2000.0
896,2000.0
897,2000.0
898,2000.0
899,2000.0
900,2000.0
901,2000.0
902,2000.0
903,2000.0
904,2000.0
905,2000.0
906,2000.0
907,2000.0
908,2000.0
909,2000.0
910,2000.0
911,2000.0
912,2000.0
913,2000.0
914,2000.0
915,2000.0
916,2000.0
917,2000.0
918,2000.0
919,2000.0
920,2000.0
921,2000.0
922,2000.0
923,2000.0
924,2000.0
925,2000.0
926,2000.0
927,2000.0
928,2000.0
929,2000.0
930,2000.0
931,2000.0
932,2000.0
933,2000.0
934,2000.0
935,2000.0
936,2000.0
937,2000.0
938,2000.0
939,2000.0
940,2000.0
941,2000.0
942,2000.0
943,2000.0
944,2000.0
945,2000.0
946,2000.0
947,2000.0
948,2000.0
949,2000.0
950,2000.0
951,2000.0
952,2000.0
953,2000.0
954,2000.0
955,2000.0
956,2000.0
957,2000.0
958,2000.0
959,2000.0
960,2000.0
961,2000.0
962,2000.0
963,2000.0
964,2000.0
965,2000.0
966,2000.0
967,2000.0
968,2000.0
969,2000.0
970,2000.0
971,2000.0
972,2000.0
973,2000.0
974,2000.0
975,2000.0
976,2000.0
977,2000.0
978,2000.0
979,2000.0
980,2000.0
981,2000.0
982,2000.0
983,2000.0
984,2000.0
985,2000.0
986,2000.0
987,2000.0
988,2000.0
989,2000.0
990,2000.0
991,2000.0
992,2000.0
993,2000.0
994,2000.0
995,2000.0
996,2000.0
997,2000.0
998,2000.0
999,2000.0
1000,2000.0
1001,2000.0
1002,2000.0
1003,2000.0
1004,2000.0
1005,2000.0
1006,2000.0
1007,2000.0
1008,2000.0
1009,2000.0
1010,2000.0
1011,2000.0
1012,2000.0
1013,2000.0
1014,2000.0
1015,2000.0
1016,2000.0
1017,2000.0
1018,2000.0
1019,2000.0
1020,2000.0
1021,2000.0
1022,2000.0
1023,2000.0
1024,2000.0
1025,2000.0
1026,2000.0
1027,2000.0
1028,2000.0
1029,2000.0
1030,2000.0
1031,2000.0
1032,2000.0
1033,2000.0
1034,2000.0
1035,2000.0
1036,2000.0
1037,2000.0
1038,2000.0
1039,2000.0
1040,2000.0
1041,2000.0
1042,2000.0
1043,2000.0
1044,2000.0
1045,2000.0
1046,2000.0
1047,2000.0
1048,2000.0
1049,2000.0
1050,2000.0
1051,2000.0
1052,2000.0
1053,2000.0
1054,2000.0
1055,2000.0
1056,2000.0
1057,2000.0
1058,2000.0
1059,2000.0
1060,2000.0
1061,2000.0
1062,2000.0
1063,2000.0
1064,2000.0
1065,2000.0
1066,2000.0
1067,2000.0
1068,2000.0
1069,2000.0
1070,2000.0
1071,2000.0
1072,2000.0
1073,2000.0
1074,2000.0
1075,2000.0
1076,2000.0
1077,2000.0
1078,2000.0
1079,2000.0
1080,2000.0
1081,2000.0
1082,2000.0
1083,2000.0
1084,2000.0
1085,2000.0
1086,2000.0
1087,2000.0
1088,2000.0
1089,2000.0
1090,2000.0
1091,2000.0
1092,2000.0
1093,2000.0
1094,2000.0
1095,2000.0
1096,2000.0
1097,2000.0
1098,2000.0
1099,2000.0
1100,2000.0
1101,2000.0
1102,2000.0
1103,2000.0
1104,2000.0
1105,2000.0
1106,2000.0
1107,2000.0
1108,2000.0
1109,2000.0
1110,2000.0
1111,2000.0
1112,2000.0
1113,2000.0
1114,2000.0
1115,2000.0
1116,2000.0
1117,2000.0
1118,2000.0
1119,2000.0
1120,2000.0
1121,2000.0
1122,2000.0
1123,2000.0
1124,2000.0
1125,2000.0
1126,2000.0
1127,2000.0
1128,2000.0
1129,2000.0
1130,2000.0
1131,2000.0
1132,2000.0
1133,2000.0
1134,2000.0
1135,2000.0
1136,2000.0
1137,2000.0
1138,2000.0
1139,2000.0
1140,2000.0
1141,2000.0
1142,2000.0
1143,2000.0
1144,2000.0
1145,2000.0
1146,2000.0
1147,2000.0
1148,2000.0
1149,2000.0
1150,2000.0
1151,2000.0
1152,2000.0
1153,2000.0
1154,2000.0
1155,2000.0
1156,2000.0
1157,2000.0
1158,2000.0
1159,2000.0
1160,2000.0
1161,2000.0
1162,2000.0
1163,2000.0
1164,2000.0
1165,2000.0
1166,2000.0
1167,2000.0
1168,2000.0
1169,2000.0
1170,2000.0
1171,2000.0
1172,2000.0
1173,2000.0
1174,2000.0
1175,2000.0
1176,2000.0
1177,2000.0
1178,2000.0
1179,2000.0
1180,2000.0
1181,2000.0
1182,2000.0
1183,2000.0
1184,2000.0
1185,2000.0
1186,2000.0
1187,2000.0
1188,2000.0
1189,2000.0
1190,2000.0
1191,2000.0
1192,2000.0
1193,2000.0
1194,2000.0
1195,2000.0
1196,2000.0
1197,2000.0
1198,2000.0
1199,2000.0
1200,2000.0
1201,2000.0
1202,2000.0
1203,2000.0
1204,2000.0
1205,2000.0
1206,2000.0
1207,2000.0
1208,2000.0
1209,2000.0
1210,2000.0
1211,2000.0
1212,2000.0
1213,2000.0
1214,2000.0
1215,2000.0
1216,2000.0
1217,2000.0
1218,2000.0
1219,2000.0
1220,2000.0
1221,2000.0
1222,2000.0
1223,2000.0
1224,2000.0
1225,2000.0
1226,2000.0
1227,2000.0
1228,2000.0
1229,2000.0
1230,2000.0
1231,2000.0
1232,2000.0
1233,2000.0
1234,2000.0
1235,2000.0
1236,2000.0
1237,2000.0
1238,2000.0
1239,2000.0
1240,2000.0
1241,2000.0
1242,2000.0
1243,2000.0
1244,2000.0
1245,2000.0
1246,2000.0
1247,2000.0
1248,2000.0
1249,2000.0
1250,2000.0
1251,2000.0
1252,2000.0
1253,2000.0
1254,2000.0
1255,2000.0
1256,2000.0
1257,2000.0
1258,2000.0
1259,2000.0
1260,2000.0
1261,2000.0
1262,2000.0
1263,2000.0
1264,2000.0
1265,2000.0
1266,2000.0
1267,2000.0
1268,2000.0
1269,2000.0
1270,2000.0
1271,2000.0
1272,2000.0
1273,2000.0
1274,2000.0
1275,2000.0
1276,2000.0
1277,2000.0
1278,2000.0
1279,2000.0
1280,2000.0
1281,2000.0
1282,2000.0
1283,2000.0
1284,2000.0
1285,2000.0
1286,2000.0
1287,2000.0
1288,2000.0
1289,2000.0
1290,2000.0
1291,2000.0
1292,2000.0
1293,2000.0
1294,2000.0
1295,2000.0
1296,2000.0
1297,2000.0
1298,2000.0
1299,2000.0
1300,2000.0
1301,2000.0
1302,2000.0
1303,2000.0
1304,2000.0
1305,2000.0
1306,2000.0
1307,2000.0
1308,2000.0
1309,2000.0
1310,2000.0
1311,2000.0
1312,2000.0
1313,2000.0
1314,2000.0
1315,2000.0
1316,2000.0
1317,2000.0
1318,2000.0
1319,2000.0
1320,2000.0
1321,2000.0
1322,2000.0
1323,2000.0
1324,2000.0
1325,2000.0
1326,2000.0
1327,2000.0
1328,2000.0
1329,2000.0
1330,2000.0
1331,2000.0
1332,2000.0
1333,2000.0
1334,2000.0
1335,2000.0
1336,2000.0
1337,2000.0
1338,2000.0
1339,2000.0
1340,2000.0
1341,2000.0
1342,2000.0
1343,2000.0
1344,2000.0
1345,2000.0
1346,2000.0
1347,2000.0
1348,2000.0
1349,2000.0
1350,2000.0
1351,2000.0
1352,2000.0
1353,2000.0
1354,2000.0
1355,2000.0
1356,2000.0
1357,2000.0
1358,2000.0
1359,2000.0
1360,2000.0
1361,2000.0
1362,2000.0
1363,2000.0
1364,2000.0
1365,2000.0
1366,2000.0
1367,2000.0
1368,2000.0
1369,2000.0
1370,2000.0
1371,2000.0
1372,2000.0
1373,2000.0
1374,2000.0
1375,2000.0
1376,2000.0
1377,2000.0
1378,2000.0
1379,2000.0
1380,2000.0
1381,2000.0
1382,2000.0
1383,2000.0
1384,2000.0
1385,2000.0
1386,2000.0
1387,2000.0
1388,2000.0
1389,2000.0
1390,2000.0
1391,2000.0
1392,2000.0
1393,2000.0
1394,2000.0
1395,2000.0
1396,2000.0
1397,2000.0
1398,2000.0
1399,2000.0
1400,2000.0
1401,2000.0
1402,2000.0
1403,2000.0
1404,2000.0
1405,2000.0
1406,2000.0
1407,2000.0
1408,2000.0
1409,2000.0
1410,2000.0
1411,2000.0
1412,2000.0
1413,2000.0
1414,2000.0
1415,2000.0
1416,2000.0
1417,2000.0
1418,2000.0
1419,2000.0
1420,2000.0
1421,2000.0
1422,2000.0
1423,2000.0
1424,2000.0
1425,2000.0
1426,2000.0
1427,2000.0
1428,2000.0
1429,2000.0
1430,2000.0
1431,2000.0
1432,2000.0
1433,2000.0
1434,2000.0
1435,2000.0
1436,2000.0
1437,2000.0
1438,2000.0
1439,2000.0
1440,2000.0
1441,2000.0
1442,2000.0
1443,2000.0
1444,2000.0
1445,2000.0
1446,2000.0
1447,2000.0
1448,2000.0
1449,2000.0
1450,2000.0
1451,2000.0
1452,2000.0
1453,2000.0
1454,2000.0
1455,2000.0
1456,2000.0
1457,2000.0
1458,2000.0
1459,2000.0
1460,2000.0
1461,2000.0
1462,2000.0
1463,2000.0
1464,2000.0
1465,2000.0
1466,2000.0
1467,2000.0
1468,2000.0
1469,2000.0
1470,2000.0
1471,2000.0
1472,2000.0
1473,2000.0
1474,2000.0
1475,2000.0
1476,2000.0
1477,2000.0
1478,2000.0
1479,2000.0
1480,2000.0
1481,2000.0
1482,2000.0
1483,2000.0
1484,2000.0
1485,2000.0
1486,2000.0
1487,2000.0
1488,2000.0
1489,2000.0
1490,2000.0
1491,2000.0
1492,2000.0
1493,2000.0
1494,2000.0
1495,2000.0
1496,2000.0
1497,2000.0
1498,2000.0
1499,2000.0
1500,2000.0
1501,2000.0
1502,2000.0
1503,2000.0
1504,2000.0
1505,2000.0
1506,2000.0
1507,2000.0
1508,2000.0
1509,2000.0
1510,2000.0
1511,2000.0
1512,2000.0
1513,2000.0
1514,2000.0
1515,2000.0
1516,2000.0
1517,2000.0
1518,2000.0
1519,2000.0
1520,2000.0
1521,2000.0
1522,2000.0
1523,2000.0
1524,2000.0
1525,2000.0
1526,2000.0
1527,2000.0
1528,2000.0
1529,2000.0
1530,2000.0
1531,2000.0
1532,2000.0
1533,2000.0
1534,2000.0
1535,2000.0
1536,2000.0
1537,2000.0
1538,2000.0
1539,2000.0
1540,2000.0
1541,2000.0
1542,2000.0
1543,2000.0
1544,2000.0
1545,2000.0
1546,2000.0
1547,2000.0
1548,2000.0
1549,2000.0
1550,2000.0
1551,2000.0
1552,2000.0
1553,2000.0
1554,2000.0
1555,2000.0
1556,2000.0
1557,2000.0
1558,2000.0
1559,2000.0
1560,2000.0
1561,2000.0
1562,2000.0
1563,2000.0
1564,2000.0
1565,2000.0
1566,2000.0
1567,2000.0
1568,2000.0
1569,2000.0
1570,2000.0
1571,2000.0
1572,2000.0
1573,2000.0
1574,2000.0
1575,2000.0
1576,2000.0
1577,2000.0
1578,2000.0
1579,2000.0
1580,2000.0
1581,2000.0
1582,2000.0
1583,2000.0
1584,2000.0
1585,2000.0
1586,2000.0
1587,2000.0
1588,2000.0
1589,2000.0
1590,2000.0
1591,2000.0
1592,2000.0
1593,2000.0
1594,2000.0
1595,2000.0
1596,2000.0
1597,2000.0
1598,2000.0
1599,2000.0
1600,2000.0
1601,2000.0
1602,2000.0
1603,2000.0
1604,2000.0
1605,2000.0
1606,2000.0
1607,2000.0
1608,2000.0
1609,2000.0
1610,2000.0
1611,2000.0
1612,2000.0
1613,2000.0
1614,2000.0
1615,2000.0
1616,2000.0
1617,2000.0
1618,2000.0
1619,2000.0
1620,2000.0
1621,2000.0
1622,2000.0
1623,2000.0
1624,2000.0
1625,2000.0
1626,2000.0
1627,2000.0
1628,2000.0
1629,2000.0
1630,2000.0
1631,2000.0
1632,2000.0
1633,2000.0
1634,2000.0
1635,2000.0
1636,2000.0
1637,2000.0
1638,2000.0
1639,2000.0
1640,2000.0
1641,2000.0
1642,2000.0
1643,2000.0
1644,2000.0
1645,2000.0
1646,2000.0
1647,2000.0
1648,2000.0
1649,2000.0
1650,2000.0
1651,2000.0
1652,2000.0
1653,2000.0
1654,2000.0
1655,2000.0
1656,2000.0
1657,2000.0
1658,2000.0
1659,2000.0
1660,2000.0
1661,2000.0
1662,2000.0
1663,2000.0
1664,2000.0
1665,2000.0
1666,2000.0
1667,2000.0
1668,2000.0
1669,2000.0
1670,2000.0
1671,2000.0
1672,2000.0
1673,2000.0
1674,2000.0
1675,2000.0
1676,2000.0
1677,2000.0
1678,2000.0
1679,2000.0
1680,2000.0
1681,2000.0
1682,2000.0
1683,2000.0
1684,2000.0
1685,2000.0
1686,2000.0
1687,2000.0
1688,2000.0
1689,2000.0
1690,2000.0
1691,2000.0
1692,2000.0
1693,2000.0
1694,2000.0
1695,2000.0
1696,2000.0
1697,2000.0
1698,2000.0
1699,2000.0
1700,2000.0
1701,2000.0
1702,2000.0
1703,2000.0
1704,2000.0
1705,2000.0
1706,2000.0
1707,2000.0
1708,2000.0
1709,2000.0
1710,2000.0
1711,2000.0
1712,2000.0
1713,2000.0
1714,2000.0
1715,2000.0
1716,2000.0
1717,2000.0
1718,2000.0
1719,2000.0
1720,2000.0
1721,2000.0
1722,2000.0
1723,2000.0
1724,2000.0
1725,2000.0
1726,2000.0
1727,2000.0
1728,2000.0
1729,2000.0
1730,2000.0
1731,2000.0
1732,2000.0
1733,2000.0
1734,2000.0
1735,2000.0
1736,2000.0
1737,2000.0
1738,2000.0
1739,2000.0
1740,2000.0
1741,2000.0
1742,2000.0
1743,2000.0
1744,2000.0
1745,2000.0
1746,2000.0
1747,2000.0
1748,2000.0
1749,2000.0
1750,2000.0
1751,2000.0
1752,2000.0
1753,2000.0
1754,2000.0
1755,2000.0
1756,2000.0
1757,2000.0
1758,2000.0
1759,2000.0
1760,2000.0
1761,2000.0
1762,2000.0
1763,2000.0
1764,2000.0
1765,2000.0
1766,2000.0
1767,2000.0
1768,2000.0
1769,2000.0
1770,2000.0
1771,2000.0
1772,2000.0
1773,2000.0
1774,2000.0
1775,2000.0
1776,2000.0
1777,2000.0
1778,2000.0
1779,2000.0
1780,2000.0
1781,2000.0
1782,2000.0
1783,2000.0
1784,2000.0
1785,2000.0
1786,2000.0
1787,2000.0
1788,2000.0
1789,2000.0
1790,2000.0
1791,2000.0
1792,2000.0
1793,2000.0
1794,2000.0
1795,2000.0
1796,2000.0
1797,2000.0
1798,2000.0
1799,2000.0
1800,2000.0
1801,2000.0
1802,2000.0
1803,2000.0
1804,2000.0
1805,2000.0
1806,2000.0
1807,2000.0
1808,2000.0
1809,2000.0
1810,2000.0
1811,2000.0
1812,2000.0
1813,2000.0
1814,2000.0
1815,2000.0
1816,2000.0
1817,2000.0
1818,2000.0
1819,2000.0
1820,2000.0
1821,2000.0
1822,2000.0
1823,2000.0
1824,2000.0
1825,2000.0
1826,2000.0
1827,2000.0
1828,2000.0
1829,2000.0
1830,2000.0
1831,2000.0
1832,2000.0
1833,2000.0
1834,2000.0
1835,2000.0
1836,2000.0
1837,2000.0
1838,2000.0
1839,2000.0
1840,2000.0
1841,2000.0
1842,2000.0
1843,2000.0
1844,2000.0
1845,2000.0
1846,2000.0
1847,2000.0
1848,2000.0
1849,2000.0
1850,2000.0
1851,2000.0
1852,2000.0
1853,2000.0
1854,2000.0
1855,2000.0
1856,2000.0
1857,2000.0
1858,2000.0
1859,2000.0
1860,2000.0
1861,2000.0
1862,2000.0
1863,2000.0
1864,2000.0
1865,2000.0
1866,2000.0
1867,2000.0
1868,2000.0
1869,2000.0
1870,2000.0
1871,2000.0
1872,2000.0
1873,2000.0
1874,2000.0
1875,2000.0
1876,2000.0
1877,2000.0
1878,2000.0
1879,2000.0
1880,2000.0
1881,2000.0
1882,2000.0
1883,2000.0
1884,2000.0
1885,2000.0
1886,2000.0
1887,2000.0
1888,2000.0
1889,2000.0
1890,2000.0
1891,2000.0
1892,2000.0
1893,2000.0
1894,2000.0
1895,2000.0
1896,2000.0
1897,2000.0
1898,2000.0
1899,2000.0
1900,2000.0
1901,2000.0
1902,2000.0
1903,2000.0
1904,2000.0
1905,2000.0
1906,2000.0
1907,2000.0
1908,2000.0
1909,2000.0
1910,2000.0
1911,2000.0
1912,2000.0
1913,2000.0
1914,2000.0
1915,2000.0
1916,2000.0
1917,2000.0
1918,2000.0
1919,2000.0
1920,2000.0
1921,2000.0
1922,2000.0
1923,2000.0
1924,2000.0
1925,2000.0
1926,2000.0
1927,2000.0
1928,2000.0
1929,2000.0
1930,2000.0
1931,2000.0
1932,2000.0
1933,2000.0
1934,2000.0
1935,2000.0
1936,2000.0
1937,2000.0
1938,2000.0
1939,2000.0
1940,2000.0
1941,2000.0
1942,2000.0
1943,2000.0
1944,2000.0
1945,2000.0
1946,2000.0
1947,2000.0
1948,2000.0
1949,2000.0
1950,2000.0
1951,2000.0
1952,2000.0
1953,2000.0
1954,2000.0
1955,2000.0
1956,2000.0
1957,2000.0
1958,2000.0
1959,2000.0
1960,2000.0
1961,2000.0
1962,2000.0
1963,2000.0
1964,2000.0
1965,2000.0
1966,2000.0
1967,2000.0
1968,2000.0
1969,2000.0
1970,2000.0
1971,2000.0
1972,2000.0
1973,2000.0
1974,2000.0
1975,2000.0
1976,2000.0
1977,2000.0
1978,2000.0
1979,2000.0
1980,2000.0
1981,2000.0
1982,2000.0
1983,2000.0
1984,2000.0
1985,2000.0
1986,2000.0
1987,2000.0
1988,2000.0
1989,2000.0
1990,2000.0
1991,2000.0
1992,2000.0
1993,2000.0
1994,2000.0
1995,2000.0
1996,2000.0
1997,2000.0
1998,2000.0
1999,2000.0
2000,2000.0
2001,2000.0
2002,2000.0
2003,2000.0
2004,2000.0
2005,2000.0
2006,2000.0
2007,2000.0
2008,2000.0
2009,2000.0
2010,2000.0
2011,2000.0
2012,2000.0
2013,2000.0
2014,2000.0
2015,2000.0
2016,2000.0
2017,2000.0
2018,2000.0
2019,2000.0
2020,2000.0
2021,2000.0
2022,2000.0
2023,2000.0
2024,2000.0
2025,2000.0
2026,2000.0
2027,2000.0
2028,2000.0
2029,2000.0
2030,2000.0
2031,2000.0
2032,2000.0
2033,2000.0
2034,2000.0
2035,2000.0
2036,2000.0
2037,2000.0
2038,2000.0
2039,2000.0
2040,2000.0
2041,2000.0
2042,2000.0
2043,2000.0
2044,2000.0
2045,2000.0
2046,2000.0
2047,2000.0
2048,2000.0
2049,2000.0
2050,2000.0
2051,2000.0
2052,2000.0
2053,2000.0
2054,2000.0
2055,2000.0
2056,2000.0
2057,2000.0
2058,2000.0
2059,2000.0
2060,2000.0
2061,2000.0
2062,2000.0
2063,2000.0
2064,2000.0
2065,2000.0
2066,2000.0
2067,2000.0
2068,2000.0
2069,2000.0
2070,2000.0
2071,2000.0
2072,2000.0
2073,2000.0
2074,2000.0
2075,2000.0
2076,2000.0
2077,2000.0
2078,2000.0
2079,2000.0
2080,2000.0
2081,2000.0
2082,2000.0
2083,2000.0
2084,2000.0
2085,2000.0
2086,2000.0
2087,2000.0
2088,2000.0
2089,2000.0
2090,2000.0
2091,2000.0
2092,2000.0
2093,2000.0
2094,2000.0
2095,2000.0
2096,2000.0
2097,2000.0
2098,2000.0
2099,2000.0
2100,2000.0
2101,2000.0
2102,2000.0
2103,2000.0
2104,2000.0
2105,2000.0
2106,2000.0
2107,2000.0
2108,2000.0
2109,2000.0
2110,2000.0
2111,2000.0
2112,2000.0
2113,2000.0
2114,2000.0
2115,2000.0
2116,2000.0
2117,2000.0
2118,2000.0
2119,2000.0
2120,2000.0
2121,2000.0
2122,2000.0
2123,2000.0
2124,2000.0
2125,2000.0
2126,2000.0
2127,2000.0
2128,2000.0
2129,2000.0
2130,2000.0
2131,2000.0
2132,2000.0
2133,2000.0
2134,2000.0
2135,2000.0
2136,2000.0
2137,2000.0
2138,2000.0
2139,2000.0
2140,2000.0
2141,2000.0
2142,2000.0
2143,2000.0
2144,2000.0
2145,2000.0
2146,2000.0
2147,2000.0
2148,2000.0
2149,2000.0
2150,2000.0
2151,2000.0
2152,2000.0
2153,2000.0
2154,2000.0
2155,2000.0
2156,2000.0
2157,2000.0
2158,2000.0
2159,2000.0
2160,2000.0
2161,2000.0
2162,2000.0
2163,2000.0
2164,2000.0
2165,2000.0
2166,2000.0
2167,2000.0
2168,2000.0
2169,2000.0
2170,2000.0
2171,2000.0
2172,2000.0
2173,2000.0
2174,2000.0
2175,2000.0
2176,2000.0
2177,2000.0
2178,2000.0
2179,2000.0
2180,2000.0
2181,2000.0
2182,2000.0
2183,2000.0
2184,2000.0
2185,2000.0
2186,2000.0
2187,2000.0
2188,2000.0
2189,2000.0
2190,2000.0
2191,2000.0
2192,2000.0
2193,2000.0
2194,2000.0
2195,2000.0
2196,2000.0
2197,2000.0
2198,2000.0
2199,2000.0
2200,2000.0
2201,2000.0
2202,2000.0
2203,2000.0
2204,2000.0
2205,2000.0
2206,2000.0
2207,2000.0
2208,2000.0
2209,2000.0
2210,2000.0
2211,2000.0
2212,2000.0
2213,2000.0
2214,2000.0
2215,2000.0
2216,2000.0
2217,2000.0
2218,2000.0
2219,2000.0
2220,2000.0
2221,2000.0
2222,2000.0
2223,2000.0
2224,2000.0
2225,2000.0
2226,2000.0
2227,2000.0
2228,2000.0
2229,2000.0
2230,2000.0
2231,2000.0
2232,2000.0
2233,2000.0
2234,2000.0
2235,2000.0
2236,2000.0
2237,2000.0
2238,2000.0
2239,2000.0
2240,2000.0
2241,2000.0
2242,2000.0
2243,2000.0
2244,2000.0
2245,2000.0
2246,2000.0
2247,2000.0
2248,2000.0
2249,2000.0
2250,2000.0
2251,2000.0
2252,2000.0
2253,2000.0
2254,2000.0
2255,2000.0
2256,2000.0
2257,2000.0
2258,2000.0
2259,2000.0
2260,2000.0
2261,2000.0
2262,2000.0
2263,2000.0
2264,2000.0
2265,2000.0
2266,2000.0
2267,2000.0
2268,2000.0
2269,2000.0
2270,2000.0
2271,2000.0
2272,2000.0
2273,2000.0
2274,2000.0
2275,2000.0
2276,2000.0
2277,2000.0
2278,2000.0
2279,2000.0
2280,2000.0
2281,2000.0
2282,2000.0
2283,2000.0
2284,2000.0
2285,2000.0
2286,2000.0
2287,2000.0
2288,2000.0
2289,2000.0
2290,2000.0
2291,2000.0
2292,2000.0
2293,2000.0
2294,2000.0
2295,2000.0
2296,2000.0
2297,2000.0
2298,2000.0
2299,2000.0
2300,2000.0
2301,2000.0
2302,2000.0
2303,2000.0
2304,2000.0
2305,2000.0
2306,2000.0
2307,2000.0
2308,2000.0
2309,2000.0
2310,2000.0
2311,2000.0
2312,2000.0
2313,2000.0
2314,2000.0
2315,2000.0
2316,2000.0
2317,2000.0
2318,2000.0
2319,2000.0
2320,2000.0
2321,2000.0
2322,2000.0
2323,2000.0
2324,2000.0
2325,2000.0
2326,2000.0
2327,2000.0
2328,2000.0
2329,2000.0
2330,2000.0
2331,2000.0
2332,2000.0
2333,2000.0
2334,2000.0
2335,2000.0
2336,2000.0
2337,2000.0
2338,2000.0
2339,2000.0
2340,2000.0
2341,2000.0
2342,2000.0
2343,2000.0
2344,2000.0
2345,2000.0
2346,2000.0
2347,2000.0
2348,2000.0
2349,2000.0
2350,2000.0
2351,2000.0
2352,2000.0
2353,2000.0
2354,2000.0
2355,2000.0
2356,2000.0
2357,2000.0
2358,2000.0
2359,2000.0
2360,2000.0
2361,2000.0
2362,2000.0
2363,2000.0
2364,2000.0
2365,2000.0
2366,2000.0
2367,2000.0
2368,2000.0
2369,2000.0
2370,2000.0
2371,2000.0
2372,2000.0
2373,2000.0
2374,2000.0
2375,2000.0
2376,2000.0
2377,2000.0
2378,2000.0
2379,2000.0
2380,2000.0
2381,2000.0
2382,2000.0
2383,2000.0
2384,2000.0
2385,2000.0
2386,2000.0
2387,2000.0
2388,2000.0
2389,2000.0
2390,2000.0
2391,2000.0
2392,2000.0
2393,2000.0
2394,2000.0
2395,2000.0
2396,2000.0
2397,2000.0
2398,2000.0
2399,2000.0
2400,2000.0
2401,2000.0
2402,2000.0
2403,2000.0
2404,2000.0
2405,2000.0
2406,2000.0
2407,2000.0
2408,2000.0
2409,2000.0
2410,2000.0
2411,2000.0
2412,2000.0
2413,2000.0
2414,2000.0
2415,2000.0
2416,2000.0
2417,2000.0
2418,2000.0
2419,2000.0
2420,2000.0
2421,2000.0
2422,2000.0
2423,2000.0
2424,2000.0
2425,2000.0
2426,2000.0
2427,2000.0
2428,2000.0
2429,2000.0
2430,2000.0
2431,2000.0
2432,2000.0
2433,2000.0
2434,2000.0
2435,2000.0
2436,2000.0
2437,2000.0
2438,2000.0
2439,2000.0
2440,2000.0
2441,2000.0
2442,2000.0
2443,2000.0
2444,2000.0
2445,2000.0
2446,2000.0
2447,2000.0
2448,2000.0
2449,2000.0
2450,2000.0
2451,2000.0
2452,2000.0
2453,2000.0
2454,2000.0
2455,2000.0
2456,2000.0
2457,2000.0
2458,2000.0
2459,2000.0
2460,2000.0
2461,2000.0
2462,2000.0
2463,2000.0
2464,2000.0
2465,2000.0
2466,2000.0
2467,2000.0
2468,2000.0
2469,2000.0
2470,2000.0
2471,2000.0
2472,2000.0
2473,2000.0
2474,2000.0
2475,2000.0
2476,2000.0
2477,2000.0
2478,2000.0
2479,2000.0
2480,2000.0
2481,2000.0
2482,2000.0
2483,2000.0
2484,2000.0
2485,2000.0
2486,2000.0
2487,2000.0
2488,2000.0
2489,2000.0
2490,2000.0
2491,2000.0
2492,2000.0
2493,2000.0
2494,2000.0
2495,2000.0
2496,2000.0
2497,2000.0
2498,2000.0
2499,2000.0
2500,2000.0
2501,2000.0
2502,2000.0
2503,2000.0
2504,2000.0
2505,2000.0
2506,2000.0
2507,2000.0
2508,2000.0
2509,2000.0
2510,2000.0
2511,2000.0
2512,2000.0
2513,2000.0
2514,2000.0
2515,2000.0
2516,2000.0
2517,2000.0
2518,2000.0
2519,2000.0
2520,2000.0
2521,2000.0
2522,2000.0
2523,2000.0
2524,2000.0
2525,2000.0
2526,2000.0
2527,2000.0
2528,2000.0
2529,2000.0
2530,2000.0
2531,2000.0
2532,2000.0
2533,2000.0
2534,2000.0
2535,2000.0
2536,2000.0
2537,2000.0
2538,2000.0
2539,2000.0
2540,2000.0
2541,2000.0
2542,2000.0
2543,2000.0
2544,2000.0
2545,2000.0
2546,2000.0
2547,2000.0
2548,2000.0
2549,2000.0
2550,2000.0
2551,2000.0
2552,2000.0
2553,2000.0
2554,2000.0
2555,2000.0
2556,2000.0
2557,2000.0
2558,2000.0
2559,2000.0
2560,2000.0
2561,2000.0
2562,2000.0
2563,2000.0
2564,2000.0
2565,2000.0
2566,2000.0
2567,2000.0
2568,2000.0
2569,2000.0
2570,2000.0
2571,2000.0
2572,2000.0
2573,2000.0
2574,2000.0
2575,2000.0
2576,2000.0
2577,2000.0
2578,2000.0
2579,2000.0
2580,2000.0
2581,2000.0
2582,2000.0
2583,2000.0
2584,2000.0
2585,2000.0
2586,2000.0
2587,2000.0
2588,2000.0
2589,2000.0
2590,2000.0
2591,2000.0
2592,2000.0
2593,2000.0
2594,2000.0
2595,2000.0
2596,2000.0
2597,2000.0
2598,2000.0
2599,2000.0
2600,2000.0
2601,2000.0
2602,2000.0
2603,2000.0
2604,2000.0
2605,2000.0
2606,2000.0
2607,2000.0
2608,2000.0
2609,2000.0
2610,2000.0
2611,2000.0
2612,2000.0
2613,2000.0
2614,2000.0
2615,2000.0
2616,2000.0
2617,2000.0
2618,2000.0
2619,2000.0
2620,2000.0
2621,2000.0
2622,2000.0
2623,2000.0
2624,2000.0
2625,2000.0
2626,2000.0
2627,2000.0
2628,2000.0
2629,2000.0
2630,2000.0
2631,2000.0
2632,2000.0
2633,2000.0
2634,2000.0
2635,2000.0
2636,2000.0
2637,2000.0
2638,2000.0
2639,2000.0
2640,2000.0
2641,2000.0
2642,2000.0
2643,2000.0
2644,2000.0
2645,2000.0
2646,2000.0
2647,2000.0
2648,2000.0
2649,2000.0
2650,2000.0
2651,2000.0
2652,2000.0
2653,2000.0
2654,2000.0
2655,2000.0
2656,2000.0
2657,2000.0
2658,2000.0
2659,2000.0
2660,2000.0
2661,2000.0
2662,2000.0
2663,2000.0
2664,2000.0
2665,2000.0
2666,2000.0
2667,2000.0
2668,2000.0
2669,2000.0
2670,2000.0
2671,2000.0
2672,2000.0
2673,2000.0
2674,2000.0
2675,2000.0
2676,2000.0
2677,2000.0
2678,2000.0
2679,2000.0
2680,2000.0
2681,2000.0
2682,2000.0
2683,2000.0
2684,2000.0
2685,2000.0
2686,2000.0
2687,2000.0
2688,2000.0
2689,2000.0
2690,2000.0
2691,2000.0
2692,2000.0
2693,2000.0
2694,2000.0
2695,2000.0
2696,2000.0
2697,2000.0
2698,2000.0
2699,2000.0
2700,2000.0
2701,2000.0
2702,2000.0
2703,2000.0
2704,2000.0
2705,2000.0
2706,2000.0
2707,2000.0
2708,2000.0
2709,2000.0
2710,2000.0
2711,2000.0
2712,2000.0
2713,2000.0
2714,2000.0
2715,2000.0
2716,2000.0
2717,2000.0
2718,2000.0
2719,2000.0
2720,2000.0
2721,2000.0
2722,2000.0
2723,2000.0
2724,2000.0
2725,2000.0
2726,2000.0
2727,2000.0
2728,2000.0
2729,2000.0
2730,2000.0
2731,2000.0
2732,2000.0
2733,2000.0
2734,2000.0
2735,2000.0
2736,2000.0
2737,2000.0
2738,2000.0
2739,2000.0
2740,2000.0
2741,2000.0
2742,2000.0
2743,2000.0
2744,2000.0
2745,2000.0
2746,2000.0
2747,2000.0
2748,2000.0
2749,2000.0
2750,2000.0
2751,2000.0
2752,2000.0
2753,2000.0
2754,2000.0
2755,2000.0
2756,2000.0
2757,2000.0
2758,2000.0
2759,2000.0
2760,2000.0
2761,2000.0
2762,2000.0
2763,2000.0
2764,2000.0
2765,2000.0
2766,2000.0
2767,2000.0
2768,2000.0
2769,2000.0
2770,2000.0
2771,2000.0
2772,2000.0
2773,2000.0
2774,2000.0
2775,2000.0
2776,2000.0
2777,2000.0
2778,2000.0
2779,2000.0
2780,2000.0
2781,2000.0
2782,2000.0
2783,2000.0
2784,2000.0
2785,2000.0
2786,2000.0
2787,2000.0
2788,2000.0
2789,2000.0
2790,2000.0
2791,2000.0
2792,2000.0
2793,2000.0
2794,2000.0
2795,2000.0
2796,2000.0
2797,2000.0
2798,2000.0
2799,2000.0
2800,2000.0
2801,2000.0
2802,2000.0
2803,2000.0
2804,2000.0
2805,2000.0
2806,2000.0
2807,2000.0
2808,2000.0
2809,2000.0
2810,2000.0
2811,2000.0
2812,2000.0
2813,2000.0
2814,2000.0
2815,2000.0
2816,2000.0
2817,2000.0
2818,2000.0
2819,2000.0
2820,2000.0
2821,2000.0
2822,2000.0
2823,2000.0
2824,2000.0
2825,2000.0
2826,2000.0
2827,2000.0
2828,2000.0
2829,2000.0
2830,2000.0
2831,2000.0
2832,2000.0
2833,2000.0
2834,2000.0
2835,2000.0
2836,2000.0
2837,2000.0
2838,2000.0
2839,2000.0
2840,2000.0
2841,2000.0
2842,2000.0
2843,2000.0
2844,2000.0
2845,2000.0
2846,2000.0
2847,2000.0
2848,2000.0
2849,2000.0
2850,2000.0
2851,2000.0
2852,2000.0
2853,2000.0
2854,2000.0
2855,2000.0
2856,2000.0
2857,2000.0
2858,2000.0
2859,2000.0
2860,2000.0
2861,2000.0
2862,2000.0
2863,2000.0
2864,2000.0
2865,2000.0
2866,2000.0
2867,2000.0
2868,2000.0
2869,2000.0
2870,2000.0
2871,2000.0
2872,2000.0
2873,2000.0
2874,2000.0
2875,2000.0
2876,2000.0
2877,2000.0
2878,2000.0
2879,2000.0
2880,2000.0
2881,2000.0
2882,2000.0
2883,2000.0
2884,2000.0
2885,2000.0
2886,2000.0
2887,2000.0
2888,2000.0
2889,2000.0
2890,2000.0
2891,2000.0
2892,2000.0
2893,2000.0
2894,2000.0
2895,2000.0
2896,2000.0
2897,2000.0
2898,2000.0
2899,2000.0
2900,2000.0
2901,2000.0
2902,2000.0
2903,2000.0
2904,2000.0
2905,2000.0
2906,2000.0
2907,2000.0
2908,2000.0
2909,2000.0
2910,2000.0
2911,2000.0
2912,2000.0
2913,2000.0
2914,2000.0
2915,2000.0
2916,2000.0
2917,2000.0
2918,2000.0
2919,2000.0
2920,2000.0
2921,2000.0
2922,2000.0
2923,2000.0
2924,2000.0
2925,2000.0
2926,2000.0
2927,2000.0
2928,2000.0
2929,2000.0
2930,2000.0
2931,2000.0
2932,2000.0
2933,2000.0
2934,2000.0
2935,2000.0
2936,2000.0
2937,2000.0
2938,2000.0
2939,2000.0
2940,2000.0
2941,2000.0
2942,2000.0
2943,2000.0
2944,2000.0
2945,2000.0
2946,2000.0
2947,2000.0
2948,2000.0
2949,2000.0
2950,2000.0
2951,2000.0
2952,2000.0
2953,2000.0
2954,2000.0
2955,2000.0
2956,2000.0
2957,2000.0
2958,2000.0
2959,2000.0
2960,2000.0
2961,2000.0
2962,2000.0
2963,2000.0
2964,2000.0
2965,2000.0
2966,2000.0
2967,2000.0
2968,2000.0
2969,2000.0
2970,2000.0
2971,2000.0
2972,2000.0
2973,2000.0
2974,2000.0
2975,2000.0
2976,2000.0
2977,2000.0
2978,2000.0
2979,2000.0
2980,2000.0
2981,2000.0
2982,2000.0
2983,2000.0
2984,2000.0
2985,2000.0
2986,2000.0
2987,2000.0
2988,2000.0
2989,2000.0
2990,2000.0
2991,2000.0
2992,2000.0
2993,2000.0
2994,2000.0
2995,2000.0
2996,2000.0
2997,2000.0
2998,2000.0
2999,2000.0
3000,2000.0
3001,2000.0
3002,2000.0
3003,2000.0
3004,2000.0
3005,2000.0
3006,2000.0
3007,2000.0
3008,2000.0
3009,2000.0
3010,2000.0
3011,2000.0
3012,2000.0
3013,2000.0
3014,2000.0
3015,2000.0
3016,2000.0
3017,2000.0
3018,2000.0
3019,2000.0
3020,2000.0
3021,2000.0
3022,2000.0
3023,2000.0
3024,2000.0
3025,2000.0
3026,2000.0
3027,2000.0
3028,2000.0
3029,2000.0
3030,2000.0
3031,2000.0
3032,2000.0
3033,2000.0
3034,2000.0
3035,2000.0
3036,2000.0
3037,2000.0
3038,2000.0
3039,2000.0
3040,2000.0
3041,2000.0
3042,2000.0
3043,2000.0
3044,2000.0
3045,2000.0
3046,2000.0
3047,2000.0
3048,2000.0
3049,2000.0
3050,2000.0
3051,2000.0
3052,2000.0
3053,2000.0
3054,2000.0
3055,2000.0
3056,2000.0
3057,2000.0
3058,2000.0
3059,2000.0
3060,2000.0
3061,2000.0
3062,2000.0
3063,2000.0
3064,2000.0
3065,2000.0
3066,2000.0
3067,2000.0
3068,2000.0
3069,2000.0
3070,2000.0
3071,2000.0
3072,2000.0
3073,2000.0
3074,2000.0
3075,2000.0
3076,2000.0
3077,2000.0
3078,2000.0
3079,2000.0
3080,2000.0
3081,2000.0
3082,2000.0
3083,2000.0
3084,2000.0
3085,2000.0
3086,2000.0
3087,2000.0
3088,2000.0
3089,2000.0
3090,2000.0
3091,2000.0
3092,2000.0
3093,2000.0
3094,2000.0
3095,2000.0
3096,2000.0
3097,2000.0
3098,2000.0
3099,2000.0
3100,2000.0
3101,2000.0
3102,2000.0
3103,2000.0
3104,2000.0
3105,2000.0
3106,2000.0
3107,2000.0
3108,2000.0
3109,2000.0
3110,2000.0
3111,2000.0
3112,2000.0
3113,2000.0
3114,2000.0
3115,2000.0
3116,2000.0
3117,2000.0
3118,2000.0
3119,2000.0
3120,2000.0
3121,2000.0
3122,2000.0
3123,2000.0
3124,2000.0
3125,2000.0
3126,2000.0
3127,2000.0
3128,2000.0
3129,2000.0
3130,2000.0
3131,2000.0
3132,2000.0
3133,2000.0
3134,2000.0
3135,2000.0
3136,2000.0
3137,2000.0
3138,2000.0
3139,2000.0
3140,2000.0
3141,2000.0
3142,2000.0
3143,2000.0
3144,2000.0
3145,2000.0
3146,2000.0
3147,2000.0
3148,2000.0
3149,2000.0
3150,2000.0
3151,2000.0
3152,2000.0
3153,2000.0
3154,2000.0
3155,2000.0
3156,2000.0
3157,2000.0
3158,2000.0
3159,2000.0
3160,2000.0
3161,2000.0
3162,2000.0
3163,2000.0
3164,2000.0
3165,2000.0
3166,2000.0
3167,2000.0
3168,2000.0
3169,2000.0
3170,2000.0
3171,2000.0
3172,2000.0
3173,2000.0
3174,2000.0
3175,2000.0
3176,2000.0
3177,2000.0
3178,2000.0
3179,2000.0
3180,2000.0
3181,2000.0
3182,2000.0
3183,2000.0
3184,2000.0
3185,2000.0
3186,2000.0
3187,2000.0
3188,2000.0
3189,2000.0
3190,2000.0
3191,2000.0
3192,2000.0
3193,2000.0
3194,2000.0
3195,2000.0
3196,2000.0
3197,2000.0
3198,2000.0
3199,2000.0
3200,2000.0
3201,2000.0
3202,2000.0
3203,2000.0
3204,2000.0
3205,2000.0
3206,2000.0
3207,2000.0
3208,2000.0
3209,2000.0
3210,2000.0
3211,2000.0
3212,2000.0
3213,2000.0
3214,2000.0
3215,2000.0
3216,2000.0
3217,2000.0
3218,2000.0
3219,2000.0
3220,2000.0
3221,2000.0
3222,2000.0
3223,2000.0
3224,2000.0
3225,2000.0
3226,2000.0
3227,2000.0
3228,2000.0
3229,2000.0
3230,2000.0
3231,2000.0
3232,2000.0
3233,2000.0
3234,2000.0
3235,2000.0
3236,2000.0
3237,2000.0
3238,2000.0
3239,2000.0
3240,2000.0
3241,2000.0
3242,2000.0
3243,2000.0
3244,2000.0
3245,2000.0
3246,2000.0
3247,2000.0
3248,2000.0
3249,2000.0
3250,2000.0
3251,2000.0
3252,2000.0
3253,2000.0
3254,2000.0
3255,2000.0
3256,2000.0
3257,2000.0
3258,2000.0
3259,2000.0
3260,2000.0
3261,2000.0
3262,2000.0
3263,2000.0
3264,2000.0
3265,2000.0
3266,2000.0
3267,2000.0
3268,2000.0
3269,2000.0
3270,2000.0
3271,2000.0
3272,2000.0
3273,2000.0
3274,2000.0
3275,2000.0
3276,2000.0
3277,2000.0
3278,2000.0
3279,2000.0
3280,2000.0
3281,2000.0
3282,2000.0
3283,2000.0
3284,2000.0
3285,2000.0
3286,2000.0
3287,2000.0
3288,2000.0
3289,2000.0
3290,2000.0
3291,2000.0
3292,2000.0
3293,2000.0
3294,2000.0
3295,2000.0
3296,2000.0
3297,2000.0
3298,2000.0
3299,2000.0
3300,2000.0
3301,2000.0
3302,2000.0
3303,2000.0
3304,2000.0
3305,2000.0
3306,2000.0
3307,2000.0
3308,2000.0
3309,2000.0
3310,2000.0
3311,2000.0
3312,2000.0
3313,2000.0
3314,2000.0
3315,2000.0
3316,2000.0
3317,2000.0
3318,2000.0
3319,2000.0
3320,2000.0
3321,2000.0
3322,2000.0
3323,2000.0
3324,2000.0
3325,2000.0
3326,2000.0
3327,2000.0
3328,2000.0
3329,2000.0
3330,2000.0
3331,2000.0
3332,2000.0
3333,2000.0
3334,2000.0
3335,2000.0
3336,2000.0
3337,2000.0
3338,2000.0
3339,2000.0
3340,2000.0
3341,2000.0
3342,2000.0
3343,2000.0
3344,2000.0
3345,2000.0
3346,2000.0
3347,2000.0
3348,2000.0
3349,2000.0
3350,2000.0
3351,2000.0
3352,2000.0
3353,2000.0
3354,2000.0
3355,2000.0
3356,2000.0
3357,2000.0
3358,2000.0
3359,2000.0
3360,2000.0
3361,2000.0
3362,2000.0
3363,2000.0
3364,2000.0
3365,2000.0
3366,2000.0
3367,2000.0
3368,2000.0
3369,2000.0
3370,2000.0
3371,2000.0
3372,2000.0
3373,2000.0
3374,2000.0
3375,2000.0
3376,2000.0
3377,2000.0
3378,2000.0
3379,2000.0
3380,2000.0
3381,2000.0
3382,2000.0
3383,2000.0
3384,2000.0
3385,2000.0
3386,2000.0
3387,2000.0
3388,2000.0
3389,2000.0
3390,2000.0
3391,2000.0
3392,2000.0
3393,2000.0
3394,2000.0
3395,2000.0
3396,2000.0
3397,2000.0
3398,2000.0
3399,2000.0
3400,2000.0
3401,2000.0
3402,2000.0
3403,2000.0
3404,2000.0
3405,2000.0
3406,2000.0
3407,2000.0
3408,2000.0
3409,2000.0
3410,2000.0
3411,2000.0
3412,2000.0
3413,2000.0
3414,2000.0
3415,2000.0
3416,2000.0
3417,2000.0
3418,2000.0
3419,2000.0
3420,2000.0
3421,2000.0
3422,2000.0
3423,2000.0
3424,2000.0
3425,2000.0
3426,2000.0
3427,2000.0
3428,2000.0
3429,2000.0
3430,2000.0
3431,2000.0
3432,2000.0
3433,2000.0
3434,2000.0
3435,2000.0
3436,2000.0
3437,2000.0
3438,2000.0
3439,2000.0
3440,2000.0
3441,2000.0
3442,2000.0
3443,2000.0
3444,2000.0
3445,2000.0
3446,2000.0
3447,2000.0
3448,2000.0
3449,2000.0
3450,2000.0
3451,2000.0
3452,2000.0
3453,2000.0
3454,2000.0
3455,2000.0
3456,2000.0
3457,2000.0
3458,2000.0
3459,2000.0
3460,2000.0
3461,2000.0
3462,2000.0
3463,2000.0
3464,2000.0
3465,2000.0
3466,2000.0
3467,2000.0
3468,2000.0
3469,2000.0
3470,2000.0
3471,2000.0
3472,2000.0
3473,2000.0
3474,2000.0
3475,2000.0
3476,2000.0
3477,2000.0
3478,2000.0
3479,2000.0
3480,2000.0
3481,2000.0
3482,2000.0
3483,2000.0
3484,2000.0
3485,2000.0
3486,2000.0
3487,2000.0
3488,2000.0
3489,2000.0
3490,2000.0
3491,2000.0
3492,2000.0
3493,2000.0
3494,2000.0
3495,2000.0
3496,2000.0
3497,2000.0
3498,2000.0
3499,2000.0
3500,2000.0
3501,2000.0
3502,2000.0
3503,2000.0
3504,2000.0
3505,2000.0
3506,2000.0
3507,2000.0
3508,2000.0
3509,2000.0
3510,2000.0
3511,2000.0
3512,2000.0
3513,2000.0
3514,2000.0
3515,2000.0
3516,2000.0
3517,2000.0
3518,2000.0
3519,2000.0
3520,2000.0
3521,2000.0
3522,2000.0
3523,2000.0
3524,2000.0
3525,2000.0
3526,2000.0
3527,2000.0
3528,2000.0
3529,2000.0
3530,2000.0
3531,2000.0
3532,2000.0
3533,2000.0
3534,2000.0
3535,2000.0
3536,2000.0
3537,2000.0
3538,2000.0
3539,2000.0
3540,2000.0
3541,2000.0
3542,2000.0
3543,2000.0
3544,2000.0
3545,2000.0
3546,2000.0
3547,2000.0
3548,2000.0
3549,2000.0
3550,2000.0
3551,2000.0
3552,2000.0
3553,2000.0
3554,2000.0
3555,2000.0
3556,2000.0
3557,2000.0
3558,2000.0
3559,2000.0
3560,2000.0
3561,2000.0
3562,2000.0
3563,2000.0
3564,2000.0
3565,2000.0
3566,2000.0
3567,2000.0
3568,2000.0
3569,2000.0
3570,2000.0
3571,2000.0
3572,2000.0
3573,2000.0
3574,2000.0
3575,2000.0
3576,2000.0
3577,2000.0
3578,2000.0
3579,2000.0
3580,2000.0
3581,2000.0
3582,2000.0
3583,2000.0
3584,2000.0
3585,2000.0
3586,2000.0
3587,2000.0
3588,2000.0
3589,2000.0
3590,2000.0
3591,2000.0
3592,2000.0
3593,2000.0
3594,2000.0
3595,2000.0
3596,2000.0
3597,2000.0
3598,2000.0
3599,2000.0
3600,2000.0
3601,2000.0
3602,2000.0
3603,2000.0
3604,2000.0
3605,2000.0
3606,2000.0
3607,2000.0
3608,2000.0
3609,2000.0
3610,2000.0
3611,2000.0
3612,2000.0
3613,2000.0
3614,2000.0
3615,2000.0
3616,2000.0
3617,2000.0
3618,2000.0
3619,2000.0
3620,2000.0
3621,2000.0
3622,2000.0
3623,2000.0
3624,2000.0
3625,2000.0
3626,2000.0
3627,2000.0
3628,2000.0
3629,2000.0
3630,2000.0
3631,2000.0
3632,2000.0
3633,2000.0
3634,2000.0
3635,2000.0
3636,2000.0
3637,2000.0
3638,2000.0
3639,2000.0
3640,2000.0
3641,2000.0
3642,2000.0
3643,2000.0
3644,2000.0
3645,2000.0
3646,2000.0
3647,2000.0
3648,2000.0
3649,2000.0
3650,2000.0
3651,2000.0
3652,2000.0
3653,2000.0
3654,2000.0
3655,2000.0
3656,2000.0
3657,2000.0
3658,2000.0
3659,2000.0
3660,2000.0
3661,2000.0
3662,2000.0
3663,2000.0
3664,2000.0
3665,2000.0
3666,2000.0
3667,2000.0
3668,2000.0
3669,2000.0
3670,2000.0
3671,2000.0
3672,2000.0
3673,2000.0
3674,2000.0
3675,2000.0
3676,2000.0
3677,2000.0
3678,2000.0
3679,2000.0
3680,2000.0
3681,2000.0
3682,2000.0
3683,2000.0
3684,2000.0
3685,2000.0
3686,2000.0
3687,2000.0
3688,2000.0
3689,2000.0
3690,2000.0
3691,2000.0
3692,2000.0
3693,2000.0
3694,2000.0
3695,2000.0
3696,2000.0
3697,2000.0
3698,2000.0
3699,2000.0
3700,2000.0
3701,2000.0
3702,2000.0
3703,2000.0
3704,2000.0
3705,2000.0
3706,2000.0
3707,2000.0
3708,2000.0
3709,2000.0
3710,2000.0
3711,2000.0
3712,2000.0
3713,2000.0
3714,2000.0
3715,2000.0
3716,2000.0
3717,2000.0
3718,2000.0
3719,2000.0
3720,2000.0
3721,2000.0
3722,2000.0
3723,2000.0
3724,2000.0
3725,2000.0
3726,2000.0
3727,2000.0
3728,2000.0
3729,2000.0
3730,2000.0
3731,2000.0
3732,2000.0
3733,2000.0
3734,2000.0
3735,2000.0
3736,2000.0
3737,2000.0
3738,2000.0
3739,2000.0
3740,2000.0
3741,2000.0
3742,2000.0
3743,2000.0
3744,2000.0
3745,2000.0
3746,2000.0
3747,2000.0
3748,2000.0
3749,2000.0
3750,2000.0
3751,2000.0
3752,2000.0
3753,2000.0
3754,2000.0
3755,2000.0
3756,2000.0
3757,2000.0
3758,2000.0
3759,2000.0
3760,2000.0
3761,2000.0
3762,2000.0
3763,2000.0
3764,2000.0
3765,2000.0
3766,2000.0
3767,2000.0
3768,2000.0
3769,2000.0
3770,2000.0
3771,2000.0
3772,2000.0
3773,2000.0
3774,2000.0
3775,2000.0
3776,2000.0
3777,2000.0
3778,2000.0
3779,2000.0
3780,2000.0
3781,2000.0
3782,2000.0
3783,2000.0
3784,2000.0
3785,2000.0
3786,2000.0
3787,2000.0
3788,2000.0
3789,2000.0
3790,2000.0
3791,2000.0
3792,2000.0
3793,2000.0
3794,2000.0
3795,2000.0
3796,2000.0
3797,2000.0
3798,2000.0
3799,2000.0
3800,2000.0
3801,2000.0
3802,2000.0
3803,2000.0
3804,2000.0
3805,2000.0
3806,2000.0
3807,2000.0
3808,2000.0
3809,2000.0
3810,2000.0
3811,2000.0
3812,2000.0
3813,2000.0
3814,2000.0
3815,2000.0
3816,2000.0
3817,2000.0
3818,2000.0
3819,2000.0
3820,2000.0
3821,2000.0
3822,2000.0
3823,2000.0
3824,2000.0
3825,2000.0
3826,2000.0
3827,2000.0
3828,2000.0
3829,2000.0
3830,2000.0
3831,2000.0
3832,2000.0
3833,2000.0
3834,2000.0
3835,2000.0
3836,2000.0
3837,2000.0
3838,2000.0
3839,2000.0
3840,2000.0
3841,2000.0
3842,2000.0
3843,2000.0
3844,2000.0
3845,2000.0
3846,2000.0
3847,2000.0
3848,2000.0
3849,2000.0
3850,2000.0
3851,2000.0
3852,2000.0
3853,2000.0
3854,2000.0
3855,2000.0
3856,2000.0
3857,2000.0
3858,2000.0
3859,2000.0
3860,2000.0
3861,2000.0
3862,2000.0
3863,2000.0
3864,2000.0
3865,2000.0
3866,2000.0
3867,2000.0
3868,2000.0
3869,2000.0
3870,2000.0
3871,2000.0
3872,2000.0
3873,2000.0
3874,2000.0
3875,2000.0
3876,2000.0
3877,2000.0
3878,2000.0
3879,2000.0
3880,2000.0
3881,2000.0
3882,2000.0
3883,2000.0
3884,2000.0
3885,2000.0
3886,2000.0
3887,2000.0
3888,2000.0
3889,2000.0
3890,2000.0
3891,2000.0
3892,2000.0
3893,2000.0
3894,2000.0
3895,2000.0
3896,2000.0
3897,2000.0
3898,2000.0
3899,2000.0
3900,2000.0
3901,2000.0
3902,2000.0
3903,2000.0
3904,2000.0
3905,2000.0
3906,2000.0
3907,2000.0
3908,2000.0
3909,2000.0
3910,2000.0
3911,2000.0
3912,2000.0
3913,2000.0
3914,2000.0
3915,2000.0
3916,2000.0
3917,2000.0
3918,2000.0
3919,2000.0
3920,2000.0
3921,2000.0
3922,2000.0
3923,2000.0
3924,2000.0
3925,2000.0
3926,2000.0
3927,2000.0
3928,2000.0
3929,2000.0
3930,2000.0
3931,2000.0
3932,2000.0
3933,2000.0
3934,2000.0
3935,2000.0
3936,2000.0
3937,2000.0
3938,2000.0
3939,2000.0
3940,2000.0
3941,2000.0
3942,2000.0
3943,2000.0
3944,2000.0
3945,2000.0
3946,2000.0
3947,2000.0
3948,2000.0
3949,2000.0
3950,2000.0
3951,2000.0
3952,2000.0
3953,2000.0
3954,2000.0
3955,2000.0
3956,2000.0
3957,2000.0
3958,2000.0
3959,2000.0
3960,2000.0
3961,2000.0
3962,2000.0
3963,2000.0
3964,2000.0
3965,2000.0
3966,2000.0
3967,2000.0
3968,2000.0
3969,2000.0
3970,2000.0
3971,2000.0
3972,2000.0
3973,2000.0
3974,2000.0
3975,2000.0
3976,2000.0
3977,2000.0
3978,2000.0
3979,2000.0
3980,2000.0
3981,2000.0
3982,2000.0
3983,2000.0
3984,2000.0
3985,2000.0
3986,2000.0
3987,2000.0
3988,2000.0
3989,2000.0
3990,2000.0
3991,2000.0
3992,2000.0
3993,2000.0
3994,2000.0
3995,2000.0
3996,2000.0
3997,2000.0
3998,2000.0
3999,2000.0
4000,2000.0
4001,2000.0
4002,2000.0
4003,2000.0
4004,2000.0
4005,2000.0
4006,2000.0
4007,2000.0
4008,2000.0
4009,2000.0
4010,2000.0
4011,2000.0
4012,2000.0
4013,2000.0
4014,2000.0
4015,2000.0
4016,2000.0
4017,2000.0
4018,2000.0
4019,2000.0
4020,2000.0
4021,2000.0
4022,2000.0
4023,2000.0
4024,2000.0
4025,2000.0
4026,2000.0
4027,2000.0
4028,2000.0
4029,2000.0
4030,2000.0
4031,2000.0
4032,2000.0
4033,2000.0
4034,2000.0
4035,2000.0
4036,2000.0
4037,2000.0
4038,2000.0
4039,2000.0
4040,2000.0
4041,2000.0
4042,2000.0
4043,2000.0
4044,2000.0
4045,2000.0
4046,2000.0
4047,2000.0
4048,2000.0
4049,2000.0
4050,2000.0
4051,2000.0
4052,2000.0
4053,2000.0
4054,2000.0
4055,2000.0
4056,2000.0
4057,2000.0
4058,2000.0
4059,2000.0
4060,2000.0
4061,2000.0
4062,2000.0
4063,2000.0
4064,2000.0
4065,2000.0
4066,2000.0
4067,2000.0
4068,2000.0
4069,2000.0
4070,2000.0
4071,2000.0
4072,2000.0
4073,2000.0
4074,2000.0
4075,2000.0
4076,2000.0
4077,2000.0
4078,2000.0
4079,2000.0
4080,2000.0
4081,2000.0
4082,2000.0
4083,2000.0
4084,2000.0
4085,2000.0
4086,2000.0
4087,2000.0
4088,2000.0
4089,2000.0
4090,2000.0
4091,2000.0
4092,2000.0
4093,2000.0
4094,2000.0
4095,2000.0
4096,2000.0
4097,2000.0
4098,2000.0
4099,2000.0
4100,2000.0
4101,2000.0
4102,2000.0
4103,2000.0
4104,2000.0
4105,2000.0
4106,2000.0
4107,2000.0
4108,2000.0
4109,2000.0
4110,2000.0
4111,2000.0
4112,2000.0
4113,2000.0
4114,2000.0
4115,2000.0
4116,2000.0
4117,2000.0
4118,2000.0
4119,2000.0
4120,2000.0
4121,2000.0
4122,2000.0
4123,2000.0
4124,2000.0
4125,2000.0
4126,2000.0
4127,2000.0
4128,2000.0
4129,2000.0
4130,2000.0
4131,2000.0
4132,2000.0
4133,2000.0
4134,2000.0
4135,2000.0
4136,2000.0
4137,2000.0
4138,2000.0
4139,2000.0
4140,2000.0
4141,2000.0
4142,2000.0
4143,2000.0
4144,2000.0
4145,2000.0
4146,2000.0
4147,2000.0
4148,2000.0
4149,2000.0
4150,2000.0
4151,2000.0
4152,2000.0
4153,2000.0
4154,2000.0
4155,2000.0
4156,2000.0
4157,2000.0
4158,2000.0
4159,2000.0
4160,2000.0
4161,2000.0
4162,2000.0
4163,2000.0
4164,2000.0
4165,2000.0
4166,2000.0
4167,2000.0
4168,2000.0
4169,2000.0
4170,2000.0
4171,2000.0
4172,2000.0
4173,2000.0
4174,2000.0
4175,2000.0
4176,2000.0
4177,2000.0
4178,2000.0
4179,2000.0
4180,2000.0
4181,2000.0
4182,2000.0
4183,2000.0
4184,2000.0
4185,2000.0
4186,2000.0
4187,2000.0
4188,2000.0
4189,2000.0
4190,2000.0
4191,2000.0
4192,2000.0
4193,2000.0
4194,2000.0
4195,2000.0
4196,2000.0
4197,2000.0
4198,2000.0
4199,2000.0
4200,2000.0
4201,2000.0
4202,2000.0
4203,2000.0
4204,2000.0
4205,2000.0
4206,2000.0
4207,2000.0
4208,2000.0
4209,2000.0
4210,2000.0
4211,2000.0
4212,2000.0
4213,2000.0
4214,2000.0
4215,2000.0
4216,2000.0
4217,2000.0
4218,2000.0
4219,2000.0
4220,2000.0
4221,2000.0
4222,2000.0
4223,2000.0
4224,2000.0
4225,2000.0
4226,2000.0
4227,2000.0
4228,2000.0
4229,2000.0
4230,2000.0
4231,2000.0
4232,2000.0
4233,2000.0
4234,2000.0
4235,2000.0
4236,2000.0
4237,2000.0
4238,2000.0
4239,2000.0
4240,2000.0
4241,2000.0
4242,2000.0
4243,2000.0
4244,2000.0
4245,2000.0
4246,2000.0
4247,2000.0
4248,2000.0
4249,2000.0
4250,2000.0
4251,2000.0
4252,2000.0
4253,2000.0
4254,2000.0
4255,2000.0
4256,2000.0
4257,2000.0
4258,2000.0
4259,2000.0
4260,2000.0
4261,2000.0
4262,2000.0
4263,2000.0
4264,2000.0
4265,2000.0
4266,2000.0
4267,2000.0
4268,2000.0
4269,2000.0
4270,2000.0
4271,2000.0
4272,2000.0
4273,2000.0
4274,2000.0
4275,2000.0
4276,2000.0
4277,2000.0
4278,2000.0
4279,2000.0
4280,2000.0
4281,2000.0
4282,2000.0
4283,2000.0
4284,2000.0
4285,2000.0
4286,2000.0
4287,2000.0
4288,2000.0
4289,2000.0
4290,2000.0
4291,2000.0
4292,2000.0
4293,2000.0
4294,2000.0
4295,2000.0
4296,2000.0
4297,2000.0
4298,2000.0
4299,2000.0
4300,2000.0
4301,2000.0
4302,2000.0
4303,2000.0
4304,2000.0
4305,2000.0
4306,2000.0
4307,2000.0
4308,2000.0
4309,2000.0
4310,2000.0
4311,2000.0
4312,2000.0
4313,2000.0
4314,2000.0
4315,2000.0
4316,2000.0
4317,2000.0
4318,2000.0
4319,2000.0
4320,2000.0
4321,2000.0
4322,2000.0
4323,2000.0
4324,2000.0
4325,2000.0
4326,2000.0
4327,2000.0
4328,2000.0
4329,2000.0
4330,2000.0
4331,2000.0
4332,2000.0
4333,2000.0
4334,2000.0
4335,2000.0
4336,2000.0
4337,2000.0
4338,2000.0
4339,2000.0
4340,2000.0
4341,2000.0
4342,2000.0
4343,2000.0
4344,2000.0
4345,2000.0
4346,2000.0
4347,2000.0
4348,2000.0
4349,2000.0
4350,2000.0
4351,2000.0
4352,2000.0
4353,2000.0
4354,2000.0
4355,2000.0
4356,2000.0
4357,2000.0
4358,2000.0
4359,2000.0
4360,2000.0
4361,2000.0
4362,2000.0
4363,2000.0
4364,2000.0
4365,2000.0
4366,2000.0
4367,2000.0
4368,2000.0
4369,2000.0
4370,2000.0
4371,2000.0
4372,2000.0
4373,2000.0
4374,2000.0
4375,2000.0
4376,2000.0
4377,2000.0
4378,2000.0
4379,2000.0
4380,2000.0
4381,2000.0
4382,2000.0
4383,2000.0
4384,2000.0
4385,2000.0
4386,2000.0
4387,2000.0
4388,2000.0
4389,2000.0
4390,2000.0
4391,2000.0
4392,2000.0
4393,2000.0
4394,2000.0
4395,2000.0
4396,2000.0
4397,2000.0
4398,2000.0
4399,2000.0
4400,2000.0
4401,2000.0
4402,2000.0
4403,2000.0
4404,2000.0
4405,2000.0
4406,2000.0
4407,2000.0
4408,2000.0
4409,2000.0
4410,2000.0
4411,2000.0
4412,2000.0
4413,2000.0
4414,2000.0
4415,2000.0
4416,2000.0
4417,2000.0
4418,2000.0
4419,2000.0
4420,2000.0
4421,2000.0
4422,2000.0
4423,2000.0
4424,2000.0
4425,2000.0
4426,2000.0
4427,2000.0
4428,2000.0
4429,2000.0
4430,2000.0
4431,2000.0
4432,2000.0
4433,2000.0
4434,2000.0
4435,2000.0
4436,2000.0
4437,2000.0
4438,2000.0
4439,2000.0
4440,2000.0
4441,2000.0
4442,2000.0
4443,2000.0
4444,2000.0
4445,2000.0
4446,2000.0
4447,2000.0
4448,2000.0
4449,2000.0
4450,2000.0
4451,2000.0
4452,2000.0
4453,2000.0
4454,2000.0
4455,2000.0
4456,2000.0
4457,2000.0
4458,2000.0
4459,2000.0
4460,2000.0
4461,2000.0
4462,2000.0
4463,2000.0
4464,2000.0
4465,2000.0
4466,2000.0
4467,2000.0
4468,2000.0
4469,2000.0
4470,2000.0
4471,2000.0
4472,2000.0
4473,2000.0
4474,2000.0
4475,2000.0
4476,2000.0
4477,2000.0
4478,2000.0
4479,2000.0
4480,2000.0
4481,2000.0
4482,2000.0
4483,2000.0
4484,2000.0
4485,2000.0
4486,2000.0
4487,2000.0
4488,2000.0
4489,2000.0
4490,2000.0
4491,2000.0
4492,2000.0
4493,2000.0
4494,2000.0
4495,2000.0
4496,2000.0
4497,2000.0
4498,2000.0
4499,2000.0
4500,2000.0
4501,2000.0
4502,2000.0
4503,2000.0
4504,2000.0
4505,2000.0
4506,2000.0
4507,2000.0
4508,2000.0
4509,2000.0
4510,2000.0
4511,2000.0
4512,2000.0
4513,2000.0
4514,2000.0
4515,2000.0
4516,2000.0
4517,2000.0
4518,2000.0
4519,2000.0
4520,2000.0
4521,2000.0
4522,2000.0
4523,2000.0
4524,2000.0
4525,2000.0
4526,2000.0
4527,2000.0
4528,2000.0
4529,2000.0
4530,2000.0
4531,2000.0
4532,2000.0
4533,2000.0
4534,2000.0
4535,2000.0
4536,2000.0
4537,2000.0
4538,2000.0
4539,2000.0
4540,2000.0
4541,2000.0
4542,2000.0
4543,2000.0
4544,2000.0
4545,2000.0
4546,2000.0
4547,2000.0
4548,2000.0
4549,2000.0
4550,2000.0
4551,2000.0
4552,2000.0
4553,2000.0
4554,2000.0
4555,2000.0
4556,2000.0
4557,2000.0
4558,2000.0
4559,2000.0
4560,2000.0
4561,2000.0
4562,2000.0
4563,2000.0
4564,2000.0
4565,2000.0
4566,2000.0
4567,2000.0
4568,2000.0
4569,2000.0
4570,2000.0
4571,2000.0
4572,2000.0
4573,2000.0
4574,2000.0
4575,2000.0
4576,2000.0
4577,2000.0
4578,2000.0
4579,2000.0
4580,2000.0
4581,2000.0
4582,2000.0
4583,2000.0
4584,2000.0
4585,2000.0
4586,2000.0
4587,2000.0
4588,2000.0
4589,2000.0
4590,2000.0
4591,2000.0
4592,2000.0
4593,2000.0
4594,2000.0
4595,2000.0
4596,2000.0
4597,2000.0
4598,2000.0
4599,2000.0
4600,2000.0
4601,2000.0
4602,2000.0
4603,2000.0
4604,2000.0
4605,2000.0
4606,2000.0
4607,2000.0
4608,2000.0
4609,2000.0
4610,2000.0
4611,2000.0
4612,2000.0
4613,2000.0
4614,2000.0
4615,2000.0
4616,2000.0
4617,2000.0
4618,2000.0
4619,2000.0
4620,2000.0
4621,2000.0
4622,2000.0
4623,2000.0
4624,2000.0
4625,2000.0
4626,2000.0
4627,2000.0
4628,2000.0
4629,2000.0
4630,2000.0
4631,2000.0
4632,2000.0
4633,2000.0
4634,2000.0
4635,2000.0
4636,2000.0
4637,2000.0
4638,2000.0
4639,2000.0
4640,2000.0
4641,2000.0
4642,2000.0
4643,2000.0
4644,2000.0
4645,2000.0
4646,2000.0
4647,2000.0
4648,2000.0
4649,2000.0
4650,2000.0
4651,2000.0
4652,2000.0
4653,2000.0
4654,2000.0
4655,2000.0
4656,2000.0
4657,2000.0
4658,2000.0
4659,2000.0
4660,2000.0
4661,2000.0
4662,2000.0
4663,2000.0
4664,2000.0
4665,2000.0
4666,2000.0
4667,2000.0
4668,2000.0
4669,2000.0
4670,2000.0
4671,2000.0
4672,2000.0
4673,2000.0
4674,2000.0
4675,2000.0
4676,2000.0
4677,2000.0
4678,2000.0
4679,2000.0
4680,2000.0
4681,2000.0
4682,2000.0
4683,2000.0
4684,2000.0
4685,2000.0
4686,2000.0
4687,2000.0
4688,2000.0
4689,2000.0
4690,2000.0
4691,2000.0
4692,2000.0
4693,2000.0
4694,2000.0
4695,2000.0
4696,2000.0
4697,2000.0
4698,2000.0
4699,2000.0
4700,2000.0
4701,2000.0
4702,2000.0
4703,2000.0
4704,2000.0
4705,2000.0
4706,2000.0
4707,2000.0
4708,2000.0
4709,2000.0
4710,2000.0
4711,2000.0
4712,2000.0
4713,2000.0
4714,2000.0
4715,2000.0
4716,2000.0
4717,2000.0
4718,2000.0
4719,2000.0
4720,2000.0
4721,2000.0
4722,2000.0
4723,2000.0
4724,2000.0
4725,2000.0
4726,2000.0
4727,2000.0
4728,2000.0
4729,2000.0
4730,2000.0
4731,2000.0
4732,2000.0
4733,2000.0
4734,2000.0
4735,2000.0
4736,2000.0
4737,2000.0
4738,2000.0
4739,2000.0
4740,2000.0
4741,2000.0
4742,2000.0
4743,2000.0
4744,2000.0
4745,2000.0
4746,2000.0
4747,2000.0
4748,2000.0
4749,2000.0
4750,2000.0
4751,2000.0
4752,2000.0
4753,2000.0
4754,2000.0
4755,2000.0
4756,2000.0
4757,2000.0
4758,2000.0
4759,2000.0
4760,2000.0
4761,2000.0
4762,2000.0
4763,2000.0
4764,2000.0
4765,2000.0
4766,2000.0
4767,2000.0
4768,2000.0
4769,2000.0
4770,2000.0
4771,2000.0
4772,2000.0
4773,2000.0
4774,2000.0
4775,2000.0
4776,2000.0
4777,2000.0
4778,2000.0
4779,2000.0
4780,2000.0
4781,2000.0
4782,2000.0
4783,2000.0
4784,2000.0
4785,2000.0
4786,2000.0
4787,2000.0
4788,2000.0
4789,2000.0
4790,2000.0
4791,2000.0
4792,2000.0
4793,2000.0
4794,2000.0
4795,2000.0
4796,2000.0
4797,2000.0
4798,2000.0
4799,2000.0
4800,2000.0
4801,2000.0
4802,2000.0
4803,2000.0
4804,2000.0
4805,2000.0
4806,2000.0
4807,2000.0
4808,2000.0
4809,2000.0
4810,2000.0
4811,2000.0
4812,2000.0
4813,2000.0
4814,2000.0
4815,2000.0
4816,2000.0
4817,2000.0
4818,2000.0
4819,2000.0
4820,2000.0
4821,2000.0
4822,2000.0
4823,2000.0
4824,2000.0
4825,2000.0
4826,2000.0
4827,2000.0
4828,2000.0
4829,2000.0
4830,2000.0
4831,2000.0
4832,2000.0
4833,2000.0
4834,2000.0
4835,2000.0
4836,2000.0
4837,2000.0
4838,2000.0
4839,2000.0
4840,2000.0
4841,2000.0
4842,2000.0
4843,2000.0
4844,2000.0
4845,2000.0
4846,2000.0
4847,2000.0
4848,2000.0
4849,2000.0
4850,2000.0
4851,2000.0
4852,2000.0
4853,2000.0
4854,2000.0
4855,2000.0
4856,2000.0
4857,2000.0
4858,2000.0
4859,2000.0
4860,2000.0
4861,2000.0
4862,2000.0
4863,2000.0
4864,2000.0
4865,2000.0
4866,2000.0
4867,2000.0
4868,2000.0
4869,2000.0
4870,2000.0
4871,2000.0
4872,2000.0
4873,2000.0
4874,2000.0
4875,2000.0
4876,2000.0
4877,2000.0
4878,2000.0
4879,2000.0
4880,2000.0
4881,2000.0
4882,2000.0
4883,2000.0
4884,2000.0
4885,2000.0
4886,2000.0
4887,2000.0
4888,2000.0
4889,2000.0
4890,2000.0
4891,2000.0
4892,2000.0
4893,2000.0
4894,2000.0
4895,2000.0
4896,2000.0
4897,2000.0
4898,2000.0
4899,2000.0
4900,2000.0
4901,2000.0
4902,2000.0
4903,2000.0
4904,2000.0
4905,2000.0
4906,2000.0
4907,2000.0
4908,2000.0
4909,2000.0
4910,2000.0
4911,2000.0
4912,2000.0
4913,2000.0
4914,2000.0
4915,2000.0
4916,2000.0
4917,2000.0
4918,2000.0
4919,2000.0
4920,2000.0
4921,2000.0
4922,2000.0
4923,2000.0
4924,2000.0
4925,2000.0
4926,2000.0
4927,2000.0
4928,2000.0
4929,2000.0
4930,2000.0
4931,2000.0
4932,2000.0
4933,2000.0
4934,2000.0
4935,2000.0
4936,2000.0
4937,2000.0
4938,2000.0
4939,2000.0
4940,2000.0
4941,2000.0
4942,2000.0
4943,2000.0
4944,2000.0
4945,2000.0
4946,2000.0
4947,2000.0
4948,2000.0
4949,2000.0
4950,2000.0
4951,2000.0
4952,2000.0
4953,2000.0
4954,2000.0
4955,2000.0
4956,2000.0
4957,2000.0
4958,2000.0
4959,2000.0
4960,2000.0
4961,2000.0
4962,2000.0
4963,2000.0
4964,2000.0
4965,2000.0
4966,2000.0
4967,2000.0
4968,2000.0
4969,2000.0
4970,2000.0
4971,2000.0
4972,2000.0
4973,2000.0
4974,2000.0
4975,2000.0
4976,2000.0
4977,2000.0
4978,2000.0
4979,2000.0
4980,2000.0
4981,2000.0
4982,2000.0
4983,2000.0
4984,2000.0
4985,2000.0
4986,2000.0
4987,2000.0
4988,2000.0
4989,2000.0
4990,2000.0
4991,2000.0
4992,2000.0
4993,2000.0
4994,2000.0
4995,2000.0
4996,2000.0
4997,2000.0
4998,2000.0
4999,2000.0
5000,2000.0
5001,2000.0
5002,2000.0
5003,2000.0
5004,2000.0
5005,2000.0
5006,2000.0
5007,2000.0
5008,2000.0
5009,2000.0
5010,2000.0
5011,2000.0
5012,2000.0
5013,2000.0
5014,2000.0
5015,2000.0
5016,2000.0
5017,2000.0
5018,2000.0
5019,2000.0
5020,2000.0
5021,2000.0
5022,2000.0
5023,2000.0
5024,2000.0
