"Step","Grouped runs - collection/reward/extrinsic_episode_reward_max","Grouped runs - collection/reward/extrinsic_episode_reward_max__MIN","Grouped runs - collection/reward/extrinsic_episode_reward_max__MAX"
"2000","0.000004872679710388184","0.000004872679710388184","0.000004872679710388184"
"4000","0.000004693865776062012","0.00000451505184173584","0.000004872679710388184"
"6000","0.000004693865776062012","0.00000451505184173584","0.000004872679710388184"
"8000","0.000004693865776062012","0.00000451505184173584","0.000004872679710388184"
"10000","0.000004872679710388184","0.000004872679710388184","0.000004872679710388184"
"12000","0.00000451505184173584","0.000004157423973083496","0.000004872679710388184"
"14000","0.000004872679710388184","0.000004872679710388184","0.000004872679710388184"
"16000","0.000004693865776062012","0.00000451505184173584","0.000004872679710388184"
"18000","0.000004872679710388184","0.000004872679710388184","0.000004872679710388184"
"20000","0.000004872679710388184","0.000004872679710388184","0.000004872679710388184"
"22000","0.000004693865776062012","0.00000451505184173584","0.000004872679710388184"
"24000","0.000004336237907409668","0.000004157423973083496","0.00000451505184173584"
"26000","0.000004872679710388184","0.000004872679710388184","0.000004872679710388184"
"28000","0.000004693865776062012","0.00000451505184173584","0.000004872679710388184"
"30000","0.000004872679710388184","0.000004872679710388184","0.000004872679710388184"
"32000","0.000004872679710388184","0.000004872679710388184","0.000004872679710388184"
"34000","0.000004347413778305054","0.000004157423973083496","0.000004537403583526611"
"36000","0.000004693865776062012","0.00000451505184173584","0.000004872679710388184"
"38000","0.000004872679710388184","0.000004872679710388184","0.000004872679710388184"
"40000","0.000004872679710388184","0.000004872679710388184","0.000004872679710388184"
"42000","0.000004336237907409668","0.000004157423973083496","0.00000451505184173584"
"44000","0.000004872679710388184","0.000004872679710388184","0.000004872679710388184"
"46000","0.000004693865776062012","0.00000451505184173584","0.000004872679710388184"
"48000","0.000004693865776062012","0.00000451505184173584","0.000004872679710388184"
"50000","0.000004693865776062012","0.00000451505184173584","0.000004872679710388184"
"52000","0.000004872679710388184","0.000004872679710388184","0.000004872679710388184"
"54000","0.000004872679710388184","0.000004872679710388184","0.000004872679710388184"
"56000","0.000004872679710388184","0.000004872679710388184","0.000004872679710388184"
"58000","0.000004872679710388184","0.000004872679710388184","0.000004872679710388184"
"60000","0.000004693865776062012","0.00000451505184173584","0.000004872679710388184"
"62000","0.000004872679710388184","0.000004872679710388184","0.000004872679710388184"
"64000","0.00000451505184173584","0.00000451505184173584","0.00000451505184173584"
"66000","0.000004336237907409668","0.000004157423973083496","0.00000451505184173584"
"68000","0.000004872679710388184","0.000004872679710388184","0.000004872679710388184"
"70000","0.000004872679710388184","0.000004872679710388184","0.000004872679710388184"
"72000","0.000004872679710388184","0.000004872679710388184","0.000004872679710388184"
"74000","0.000004872679710388184","0.000004872679710388184","0.000004872679710388184"
"76000","0.000004693865776062012","0.00000451505184173584","0.000004872679710388184"
"78000","0.000004872679710388184","0.000004872679710388184","0.000004872679710388184"
"80000","0.000004693865776062012","0.00000451505184173584","0.000004872679710388184"
"82000","0.000004872679710388184","0.000004872679710388184","0.000004872679710388184"
"84000","0.000004872679710388184","0.000004872679710388184","0.000004872679710388184"
"86000","0.000004732981324195862","0.00000459328293800354","0.000004872679710388184"
"88000","0.000004872679710388184","0.000004872679710388184","0.000004872679710388184"
"90000","0.000004872679710388184","0.000004872679710388184","0.000004872679710388184"
"92000","0.000004872679710388184","0.000004872679710388184","0.000004872679710388184"
"94000","0.000004872679710388184","0.000004872679710388184","0.000004872679710388184"
"96000","0.000004872679710388184","0.000004872679710388184","0.000004872679710388184"
"98000","0.00000455416738986969","0.00000451505184173584","0.00000459328293800354"
"100000","0.000004872679710388184","0.000004872679710388184","0.000004872679710388184"
"102000","0.000004693865776062012","0.00000451505184173584","0.000004872679710388184"
"104000","0.000004693865776062012","0.00000451505184173584","0.000004872679710388184"
"106000","0.000004872679710388184","0.000004872679710388184","0.000004872679710388184"
"108000","0.000004872679710388184","0.000004872679710388184","0.000004872679710388184"
"110000","0.000004872679710388184","0.000004872679710388184","0.000004872679710388184"
"112000","0.000004872679710388184","0.000004872679710388184","0.000004872679710388184"
"114000","0.000004872679710388184","0.000004872679710388184","0.000004872679710388184"
"116000","0.000004693865776062012","0.00000451505184173584","0.000004872679710388184"
"118000","0.000004693865776062012","0.00000451505184173584","0.000004872679710388184"
"120000","0.000004693865776062012","0.00000451505184173584","0.000004872679710388184"
"122000","0.000004693865776062012","0.00000451505184173584","0.000004872679710388184"
"124000","0.000004872679710388184","0.000004872679710388184","0.000004872679710388184"
"126000","0.000004693865776062012","0.00000451505184173584","0.000004872679710388184"
"128000","0.000004693865776062012","0.00000451505184173584","0.000004872679710388184"
"130000","0.000004872679710388184","0.000004872679710388184","0.000004872679710388184"
"132000","0.000004693865776062012","0.00000451505184173584","0.000004872679710388184"
"134000","0.00000467151403427124","0.000004470348358154297","0.000004872679710388184"
"136000","0.000004693865776062012","0.00000451505184173584","0.000004872679710388184"
"138000","0.00000451505184173584","0.000004157423973083496","0.000004872679710388184"
"140000","0.000004872679710388184","0.000004872679710388184","0.000004872679710388184"
"142000","0.000004872679710388184","0.000004872679710388184","0.000004872679710388184"
"144000","0.000004872679710388184","0.000004872679710388184","0.000004872679710388184"
"146000","0.000004693865776062012","0.00000451505184173584","0.000004872679710388184"
"148000","0.000004693865776062012","0.00000451505184173584","0.000004872679710388184"
"150000","0.000004872679710388184","0.000004872679710388184","0.000004872679710388184"
"152000","0.000004872679710388184","0.000004872679710388184","0.000004872679710388184"
"154000","0.000004872679710388184","0.000004872679710388184","0.000004872679710388184"
"156000","0.000004872679710388184","0.000004872679710388184","0.000004872679710388184"
"158000","0.000004693865776062012","0.00000451505184173584","0.000004872679710388184"
"160000","0.000004872679710388184","0.000004872679710388184","0.000004872679710388184"
"162000","0.000004872679710388184","0.000004872679710388184","0.000004872679710388184"
"164000","0.000004872679710388184","0.000004872679710388184","0.000004872679710388184"
"166000","0.000004693865776062012","0.00000451505184173584","0.000004872679710388184"
"168000","0.000004872679710388184","0.000004872679710388184","0.000004872679710388184"
"170000","0.000004872679710388184","0.000004872679710388184","0.000004872679710388184"
"172000","0.000004872679710388184","0.000004872679710388184","0.000004872679710388184"
"174000","0.000004872679710388184","0.000004872679710388184","0.000004872679710388184"
"176000","0.00000451505184173584","0.000004157423973083496","0.000004872679710388184"
"178000","0.000004872679710388184","0.000004872679710388184","0.000004872679710388184"
"180000","0.000004872679710388184","0.000004872679710388184","0.000004872679710388184"
"182000","0.000004872679710388184","0.000004872679710388184","0.000004872679710388184"
"184000","0.000004872679710388184","0.000004872679710388184","0.000004872679710388184"
"186000","0.000004872679710388184","0.000004872679710388184","0.000004872679710388184"
"188000","0.000004872679710388184","0.000004872679710388184","0.000004872679710388184"
"190000","0.000004872679710388184","0.000004872679710388184","0.000004872679710388184"
"192000","0.000004872679710388184","0.000004872679710388184","0.000004872679710388184"
"194000","0.000004872679710388184","0.000004872679710388184","0.000004872679710388184"
"196000","0.000004693865776062012","0.00000451505184173584","0.000004872679710388184"
"198000","0.000004872679710388184","0.000004872679710388184","0.000004872679710388184"
"200000","0.00000451505184173584","0.000004157423973083496","0.000004872679710388184"
"202000","0.000004872679710388184","0.000004872679710388184","0.000004872679710388184"
"204000","0.00000451505184173584","0.00000451505184173584","0.00000451505184173584"
"206000","0.000004872679710388184","0.000004872679710388184","0.000004872679710388184"
"208000","0.000004872679710388184","0.000004872679710388184","0.000004872679710388184"
"210000","0.000004693865776062012","0.00000451505184173584","0.000004872679710388184"
"212000","0.000004872679710388184","0.000004872679710388184","0.000004872679710388184"
"214000","0.000004872679710388184","0.000004872679710388184","0.000004872679710388184"
"216000","0.000004872679710388184","0.000004872679710388184","0.000004872679710388184"
"218000","0.000004872679710388184","0.000004872679710388184","0.000004872679710388184"
"220000","0.000004693865776062012","0.00000451505184173584","0.000004872679710388184"
"222000","0.000004693865776062012","0.00000451505184173584","0.000004872679710388184"
"224000","0.000004872679710388184","0.000004872679710388184","0.000004872679710388184"
"226000","0.000004872679710388184","0.000004872679710388184","0.000004872679710388184"
"228000","0.000004693865776062012","0.00000451505184173584","0.000004872679710388184"
"230000","0.000004872679710388184","0.000004872679710388184","0.000004872679710388184"
"232000","0.00000451505184173584","0.000004157423973083496","0.000004872679710388184"
"234000","0.000004872679710388184","0.000004872679710388184","0.000004872679710388184"
"236000","0.000004872679710388184","0.000004872679710388184","0.000004872679710388184"
"238000","0.000004872679710388184","0.000004872679710388184","0.000004872679710388184"
"240000","0.000004872679710388184","0.000004872679710388184","0.000004872679710388184"
"242000","0.000004872679710388184","0.000004872679710388184","0.000004872679710388184"
"244000","0.000004872679710388184","0.000004872679710388184","0.000004872679710388184"
"246000","0.000004872679710388184","0.000004872679710388184","0.000004872679710388184"
"248000","0.00000471901148557663","0.000004565343260765076","0.000004872679710388184"
"250000","0.000004693865776062012","0.00000451505184173584","0.000004872679710388184"
"252000","0.000004693865776062012","0.00000451505184173584","0.000004872679710388184"
"254000","0.000004693865776062012","0.00000451505184173584","0.000004872679710388184"
"256000","0.000004872679710388184","0.000004872679710388184","0.000004872679710388184"
"258000","0.000004693865776062012","0.00000451505184173584","0.000004872679710388184"
"260000","0.000004872679710388184","0.000004872679710388184","0.000004872679710388184"
"262000","0.000004872679710388184","0.000004872679710388184","0.000004872679710388184"
"264000","0.000004693865776062012","0.00000451505184173584","0.000004872679710388184"
"266000","0.000004872679710388184","0.000004872679710388184","0.000004872679710388184"
"268000","0.000004693865776062012","0.00000451505184173584","0.000004872679710388184"
"270000","0.000004872679710388184","0.000004872679710388184","0.000004872679710388184"
"272000","0.000004872679710388184","0.000004872679710388184","0.000004872679710388184"
"274000","0.000004872679710388184","0.000004872679710388184","0.000004872679710388184"
"276000","0.000004872679710388184","0.000004872679710388184","0.000004872679710388184"
"278000","0.000004872679710388184","0.000004872679710388184","0.000004872679710388184"
"280000","0.000004693865776062012","0.00000451505184173584","0.000004872679710388184"
"282000","0.000004872679710388184","0.000004872679710388184","0.000004872679710388184"
"284000","0.000004693865776062012","0.00000451505184173584","0.000004872679710388184"
"286000","0.00000451505184173584","0.000004157423973083496","0.000004872679710388184"
"288000","0.000004872679710388184","0.000004872679710388184","0.000004872679710388184"
"290000","0.000004872679710388184","0.000004872679710388184","0.000004872679710388184"
"292000","0.000004872679710388184","0.000004872679710388184","0.000004872679710388184"
"294000","0.000004872679710388184","0.000004872679710388184","0.000004872679710388184"
"296000","0.000004872679710388184","0.000004872679710388184","0.000004872679710388184"
"298000","0.000004872679710388184","0.000004872679710388184","0.000004872679710388184"
"300000","0.000004872679710388184","0.000004872679710388184","0.000004872679710388184"
"302000","0.000004872679710388184","0.000004872679710388184","0.000004872679710388184"
"304000","0.000004872679710388184","0.000004872679710388184","0.000004872679710388184"
"306000","0.000004872679710388184","0.000004872679710388184","0.000004872679710388184"
"308000","0.000004872679710388184","0.000004872679710388184","0.000004872679710388184"
"310000","0.000004872679710388184","0.000004872679710388184","0.000004872679710388184"
"312000","0.000004872679710388184","0.000004872679710388184","0.000004872679710388184"
"314000","0.000004872679710388184","0.000004872679710388184","0.000004872679710388184"
"316000","0.000004872679710388184","0.000004872679710388184","0.000004872679710388184"
"318000","0.000004872679710388184","0.000004872679710388184","0.000004872679710388184"
"320000","0.000004693865776062012","0.00000451505184173584","0.000004872679710388184"
"322000","0.00000451505184173584","0.00000451505184173584","0.00000451505184173584"
"324000","0.000004693865776062012","0.00000451505184173584","0.000004872679710388184"
"326000","0.000004872679710388184","0.000004872679710388184","0.000004872679710388184"
"328000","0.000004872679710388184","0.000004872679710388184","0.000004872679710388184"
"330000","0.000004872679710388184","0.000004872679710388184","0.000004872679710388184"
"332000","0.000004872679710388184","0.000004872679710388184","0.000004872679710388184"
"334000","0.000004693865776062012","0.00000451505184173584","0.000004872679710388184"
"336000","0.000004872679710388184","0.000004872679710388184","0.000004872679710388184"
"338000","0.000004872679710388184","0.000004872679710388184","0.000004872679710388184"
"340000","0.000004693865776062012","0.00000451505184173584","0.000004872679710388184"
"342000","0.000004872679710388184","0.000004872679710388184","0.000004872679710388184"
"344000","0.000004872679710388184","0.000004872679710388184","0.000004872679710388184"
"346000","0.000004693865776062012","0.00000451505184173584","0.000004872679710388184"
"348000","0.000004872679710388184","0.000004872679710388184","0.000004872679710388184"
"350000","0.000004693865776062012","0.00000451505184173584","0.000004872679710388184"
"352000","0.000004872679710388184","0.000004872679710388184","0.000004872679710388184"
"354000","0.000004872679710388184","0.000004872679710388184","0.000004872679710388184"
"356000","0.000004872679710388184","0.000004872679710388184","0.000004872679710388184"
"358000","0.000004693865776062012","0.00000451505184173584","0.000004872679710388184"
"360000","0.000004872679710388184","0.000004872679710388184","0.000004872679710388184"
"362000","0.000004872679710388184","0.000004872679710388184","0.000004872679710388184"
"364000","0.000004872679710388184","0.000004872679710388184","0.000004872679710388184"
"366000","0.000004872679710388184","0.000004872679710388184","0.000004872679710388184"
"368000","0.000004872679710388184","0.000004872679710388184","0.000004872679710388184"
"370000","0.000004872679710388184","0.000004872679710388184","0.000004872679710388184"
"372000","0.000004872679710388184","0.000004872679710388184","0.000004872679710388184"
"374000","0.000004872679710388184","0.000004872679710388184","0.000004872679710388184"
"376000","0.000004872679710388184","0.000004872679710388184","0.000004872679710388184"
"378000","0.000004872679710388184","0.000004872679710388184","0.000004872679710388184"
"380000","0.000004872679710388184","0.000004872679710388184","0.000004872679710388184"
"382000","0.000004872679710388184","0.000004872679710388184","0.000004872679710388184"
"384000","0.000004872679710388184","0.000004872679710388184","0.000004872679710388184"
"386000","0.000004872679710388184","0.000004872679710388184","0.000004872679710388184"
"388000","0.000004872679710388184","0.000004872679710388184","0.000004872679710388184"
"390000","0.000004872679710388184","0.000004872679710388184","0.000004872679710388184"
"392000","0.000004872679710388184","0.000004872679710388184","0.000004872679710388184"
"394000","0.000004872679710388184","0.000004872679710388184","0.000004872679710388184"
"396000","0.000004693865776062012","0.00000451505184173584","0.000004872679710388184"
"398000","0.000004872679710388184","0.000004872679710388184","0.000004872679710388184"
"400000","0.000004872679710388184","0.000004872679710388184","0.000004872679710388184"
"402000","0.000004872679710388184","0.000004872679710388184","0.000004872679710388184"
"404000","0.000004872679710388184","0.000004872679710388184","0.000004872679710388184"
"406000","0.000004872679710388184","0.000004872679710388184","0.000004872679710388184"
"408000","0.000004872679710388184","0.000004872679710388184","0.000004872679710388184"
"410000","0.000004872679710388184","0.000004872679710388184","0.000004872679710388184"
"412000","0.000004693865776062012","0.00000451505184173584","0.000004872679710388184"
"414000","-2.999995358288288","-5.999995231628418","0.00000451505184173584"
"416000","0.000004872679710388184","0.000004872679710388184","0.000004872679710388184"
"418000","0.000004872679710388184","0.000004872679710388184","0.000004872679710388184"
"420000","0.000004693865776062012","0.00000451505184173584","0.000004872679710388184"
"422000","0.000004872679710388184","0.000004872679710388184","0.000004872679710388184"
"424000","0.000004693865776062012","0.00000451505184173584","0.000004872679710388184"
"426000","0.000004693865776062012","0.00000451505184173584","0.000004872679710388184"
"428000","0.000004872679710388184","0.000004872679710388184","0.000004872679710388184"
"430000","0.000004872679710388184","0.000004872679710388184","0.000004872679710388184"
"432000","0.000004693865776062012","0.00000451505184173584","0.000004872679710388184"
"434000","0.000004872679710388184","0.000004872679710388184","0.000004872679710388184"
"436000","0.000004872679710388184","0.000004872679710388184","0.000004872679710388184"
"438000","0.000004872679710388184","0.000004872679710388184","0.000004872679710388184"
"440000","0.000004872679710388184","0.000004872679710388184","0.000004872679710388184"
"442000","0.000004872679710388184","0.000004872679710388184","0.000004872679710388184"
"444000","0.000004872679710388184","0.000004872679710388184","0.000004872679710388184"
"446000","0.000004872679710388184","0.000004872679710388184","0.000004872679710388184"
"448000","0.000004693865776062012","0.00000451505184173584","0.000004872679710388184"
"450000","0.000004872679710388184","0.000004872679710388184","0.000004872679710388184"
"452000","0.000004872679710388184","0.000004872679710388184","0.000004872679710388184"
"454000","0.000004693865776062012","0.00000451505184173584","0.000004872679710388184"
"456000","0.000004872679710388184","0.000004872679710388184","0.000004872679710388184"
"458000","0.000004693865776062012","0.00000451505184173584","0.000004872679710388184"
"460000","0.000004872679710388184","0.000004872679710388184","0.000004872679710388184"
"462000","0.000004693865776062012","0.00000451505184173584","0.000004872679710388184"
"464000","0.000004872679710388184","0.000004872679710388184","0.000004872679710388184"
"466000","0.000004872679710388184","0.000004872679710388184","0.000004872679710388184"
"468000","0.000004693865776062012","0.00000451505184173584","0.000004872679710388184"
"470000","0.000004872679710388184","0.000004872679710388184","0.000004872679710388184"
"472000","0.000004872679710388184","0.000004872679710388184","0.000004872679710388184"
"474000","0.000004872679710388184","0.000004872679710388184","0.000004872679710388184"
"476000","0.000004872679710388184","0.000004872679710388184","0.000004872679710388184"
"478000","0.000004693865776062012","0.00000451505184173584","0.000004872679710388184"
"480000","0.000004872679710388184","0.000004872679710388184","0.000004872679710388184"
"482000","0.000004872679710388184","0.000004872679710388184","0.000004872679710388184"
"484000","0.000004693865776062012","0.00000451505184173584","0.000004872679710388184"
"486000","0.000004693865776062012","0.00000451505184173584","0.000004872679710388184"
"488000","0.000004872679710388184","0.000004872679710388184","0.000004872679710388184"
"490000","0.000004872679710388184","0.000004872679710388184","0.000004872679710388184"
"492000","0.000004872679710388184","0.000004872679710388184","0.000004872679710388184"
"494000","0.000004872679710388184","0.000004872679710388184","0.000004872679710388184"
"496000","0.000004872679710388184","0.000004872679710388184","0.000004872679710388184"
"498000","0.000004872679710388184","0.000004872679710388184","0.000004872679710388184"
"500000","0.000004693865776062012","0.00000451505184173584","0.000004872679710388184"
"502000","0.000004872679710388184","0.000004872679710388184","0.000004872679710388184"
"504000","0.000004693865776062012","0.00000451505184173584","0.000004872679710388184"
"506000","0.000004872679710388184","0.000004872679710388184","0.000004872679710388184"
"508000","0.000004872679710388184","0.000004872679710388184","0.000004872679710388184"
"510000","0.000004872679710388184","0.000004872679710388184","0.000004872679710388184"
"512000","0.000004872679710388184","0.000004872679710388184","0.000004872679710388184"
"514000","0.000004872679710388184","0.000004872679710388184","0.000004872679710388184"
"516000","0.000004872679710388184","0.000004872679710388184","0.000004872679710388184"
"518000","0.000004872679710388184","0.000004872679710388184","0.000004872679710388184"
"520000","0.000004872679710388184","0.000004872679710388184","0.000004872679710388184"
"522000","0.000004872679710388184","0.000004872679710388184","0.000004872679710388184"
"524000","0.000004872679710388184","0.000004872679710388184","0.000004872679710388184"
"526000","0.000004872679710388184","0.000004872679710388184","0.000004872679710388184"
"528000","0.000004693865776062012","0.00000451505184173584","0.000004872679710388184"
"530000","0.000004872679710388184","0.000004872679710388184","0.000004872679710388184"
"532000","0.000004693865776062012","0.00000451505184173584","0.000004872679710388184"
"534000","0.000004872679710388184","0.000004872679710388184","0.000004872679710388184"
"536000","0.000004872679710388184","0.000004872679710388184","0.000004872679710388184"
"538000","0.000004872679710388184","0.000004872679710388184","0.000004872679710388184"
"540000","0.000004872679710388184","0.000004872679710388184","0.000004872679710388184"
"542000","0.000004872679710388184","0.000004872679710388184","0.000004872679710388184"
"544000","0.000004872679710388184","0.000004872679710388184","0.000004872679710388184"
"546000","0.000004872679710388184","0.000004872679710388184","0.000004872679710388184"
"548000","0.000004693865776062012","0.00000451505184173584","0.000004872679710388184"
"550000","0.000004872679710388184","0.000004872679710388184","0.000004872679710388184"
"552000","0.000004872679710388184","0.000004872679710388184","0.000004872679710388184"
"554000","0.000004872679710388184","0.000004872679710388184","0.000004872679710388184"
"556000","0.000004872679710388184","0.000004872679710388184","0.000004872679710388184"
"558000","0.000004872679710388184","0.000004872679710388184","0.000004872679710388184"
"560000","0.000004872679710388184","0.000004872679710388184","0.000004872679710388184"
"562000","0.000004872679710388184","0.000004872679710388184","0.000004872679710388184"
"564000","0.000004872679710388184","0.000004872679710388184","0.000004872679710388184"
"566000","0.000004872679710388184","0.000004872679710388184","0.000004872679710388184"
"568000","0.000004872679710388184","0.000004872679710388184","0.000004872679710388184"
"570000","0.000004872679710388184","0.000004872679710388184","0.000004872679710388184"
"572000","0.000004872679710388184","0.000004872679710388184","0.000004872679710388184"
"574000","0.000004872679710388184","0.000004872679710388184","0.000004872679710388184"
"576000","0.000004872679710388184","0.000004872679710388184","0.000004872679710388184"
"578000","0.000004872679710388184","0.000004872679710388184","0.000004872679710388184"
"580000","0.000004872679710388184","0.000004872679710388184","0.000004872679710388184"
"582000","0.000004872679710388184","0.000004872679710388184","0.000004872679710388184"
"584000","0.000004872679710388184","0.000004872679710388184","0.000004872679710388184"
"586000","0.000004872679710388184","0.000004872679710388184","0.000004872679710388184"
"588000","0.000004872679710388184","0.000004872679710388184","0.000004872679710388184"
"590000","0.000004872679710388184","0.000004872679710388184","0.000004872679710388184"
"592000","0.000004872679710388184","0.000004872679710388184","0.000004872679710388184"
"594000","0.000004693865776062012","0.00000451505184173584","0.000004872679710388184"
"596000","0.000004872679710388184","0.000004872679710388184","0.000004872679710388184"
"598000","0.000004872679710388184","0.000004872679710388184","0.000004872679710388184"
"600000","0.000004872679710388184","0.000004872679710388184","0.000004872679710388184"
"602000","0.000004872679710388184","0.000004872679710388184","0.000004872679710388184"
"604000","0.000004872679710388184","0.000004872679710388184","0.000004872679710388184"
"606000","0.000004872679710388184","0.000004872679710388184","0.000004872679710388184"
"608000","0.000004693865776062012","0.00000451505184173584","0.000004872679710388184"
"610000","0.000004872679710388184","0.000004872679710388184","0.000004872679710388184"
"612000","0.000004872679710388184","0.000004872679710388184","0.000004872679710388184"
"614000","0.000004872679710388184","0.000004872679710388184","0.000004872679710388184"
"616000","0.000004872679710388184","0.000004872679710388184","0.000004872679710388184"
"618000","0.000004872679710388184","0.000004872679710388184","0.000004872679710388184"
"620000","0.000004872679710388184","0.000004872679710388184","0.000004872679710388184"
"622000","0.000004872679710388184","0.000004872679710388184","0.000004872679710388184"
"624000","0.000004872679710388184","0.000004872679710388184","0.000004872679710388184"
"626000","0.000004872679710388184","0.000004872679710388184","0.000004872679710388184"
"628000","0.000004872679710388184","0.000004872679710388184","0.000004872679710388184"
"630000","0.000004872679710388184","0.000004872679710388184","0.000004872679710388184"
"632000","0.000004872679710388184","0.000004872679710388184","0.000004872679710388184"
"634000","0.000004872679710388184","0.000004872679710388184","0.000004872679710388184"
"636000","0.000004872679710388184","0.000004872679710388184","0.000004872679710388184"
"638000","0.000004872679710388184","0.000004872679710388184","0.000004872679710388184"
"640000","0.000004872679710388184","0.000004872679710388184","0.000004872679710388184"
"642000","0.000004872679710388184","0.000004872679710388184","0.000004872679710388184"
"644000","0.000004872679710388184","0.000004872679710388184","0.000004872679710388184"
"646000","0.000004872679710388184","0.000004872679710388184","0.000004872679710388184"
"648000","0.000004872679710388184","0.000004872679710388184","0.000004872679710388184"
"650000","0.000004872679710388184","0.000004872679710388184","0.000004872679710388184"
"652000","0.000004872679710388184","0.000004872679710388184","0.000004872679710388184"
"654000","0.000004872679710388184","0.000004872679710388184","0.000004872679710388184"
"656000","0.000004872679710388184","0.000004872679710388184","0.000004872679710388184"
"658000","0.000004872679710388184","0.000004872679710388184","0.000004872679710388184"
"660000","0.000004872679710388184","0.000004872679710388184","0.000004872679710388184"
"662000","0.000004872679710388184","0.000004872679710388184","0.000004872679710388184"
"664000","0.000004872679710388184","0.000004872679710388184","0.000004872679710388184"
"666000","0.000004872679710388184","0.000004872679710388184","0.000004872679710388184"
"668000","0.000004872679710388184","0.000004872679710388184","0.000004872679710388184"
"670000","0.000004872679710388184","0.000004872679710388184","0.000004872679710388184"
"672000","0.000004872679710388184","0.000004872679710388184","0.000004872679710388184"
"674000","0.000004872679710388184","0.000004872679710388184","0.000004872679710388184"
"676000","0.000004872679710388184","0.000004872679710388184","0.000004872679710388184"
"678000","0.000004872679710388184","0.000004872679710388184","0.000004872679710388184"
"680000","0.000004872679710388184","0.000004872679710388184","0.000004872679710388184"
"682000","0.000004872679710388184","0.000004872679710388184","0.000004872679710388184"
"684000","0.000004872679710388184","0.000004872679710388184","0.000004872679710388184"
"686000","0.000004872679710388184","0.000004872679710388184","0.000004872679710388184"
"688000","0.000004872679710388184","0.000004872679710388184","0.000004872679710388184"
"690000","0.000004872679710388184","0.000004872679710388184","0.000004872679710388184"
"692000","0.000004872679710388184","0.000004872679710388184","0.000004872679710388184"
"694000","0.000004872679710388184","0.000004872679710388184","0.000004872679710388184"
"696000","0.000004872679710388184","0.000004872679710388184","0.000004872679710388184"
"698000","0.000004872679710388184","0.000004872679710388184","0.000004872679710388184"
"700000","0.000004872679710388184","0.000004872679710388184","0.000004872679710388184"
"702000","0.000004872679710388184","0.000004872679710388184","0.000004872679710388184"
"704000","0.000004872679710388184","0.000004872679710388184","0.000004872679710388184"
"706000","0.000004872679710388184","0.000004872679710388184","0.000004872679710388184"
"708000","0.000004872679710388184","0.000004872679710388184","0.000004872679710388184"
"710000","0.000004872679710388184","0.000004872679710388184","0.000004872679710388184"
"712000","0.000004872679710388184","0.000004872679710388184","0.000004872679710388184"
"714000","0.000004872679710388184","0.000004872679710388184","0.000004872679710388184"
"716000","0.000004872679710388184","0.000004872679710388184","0.000004872679710388184"
"718000","0.000004872679710388184","0.000004872679710388184","0.000004872679710388184"
"720000","0.000004872679710388184","0.000004872679710388184","0.000004872679710388184"
"722000","0.000004872679710388184","0.000004872679710388184","0.000004872679710388184"
"724000","0.000004872679710388184","0.000004872679710388184","0.000004872679710388184"
"726000","0.000004872679710388184","0.000004872679710388184","0.000004872679710388184"
"728000","0.000004693865776062012","0.00000451505184173584","0.000004872679710388184"
"730000","0.000004872679710388184","0.000004872679710388184","0.000004872679710388184"
"732000","0.000004872679710388184","0.000004872679710388184","0.000004872679710388184"
"734000","0.000004872679710388184","0.000004872679710388184","0.000004872679710388184"
"736000","0.000004872679710388184","0.000004872679710388184","0.000004872679710388184"
"738000","0.000004872679710388184","0.000004872679710388184","0.000004872679710388184"
"740000","0.000004872679710388184","0.000004872679710388184","0.000004872679710388184"
"742000","0.000004872679710388184","0.000004872679710388184","0.000004872679710388184"
"744000","0.000004872679710388184","0.000004872679710388184","0.000004872679710388184"
"746000","0.000004872679710388184","0.000004872679710388184","0.000004872679710388184"
"748000","0.000004872679710388184","0.000004872679710388184","0.000004872679710388184"
"750000","0.000004872679710388184","0.000004872679710388184","0.000004872679710388184"
"752000","0.000004872679710388184","0.000004872679710388184","0.000004872679710388184"
"754000","0.000004872679710388184","0.000004872679710388184","0.000004872679710388184"
"756000","0.000004872679710388184","0.000004872679710388184","0.000004872679710388184"
"758000","0.000004872679710388184","0.000004872679710388184","0.000004872679710388184"
"760000","0.000004872679710388184","0.000004872679710388184","0.000004872679710388184"
"762000","0.000004872679710388184","0.000004872679710388184","0.000004872679710388184"
"764000","0.000004872679710388184","0.000004872679710388184","0.000004872679710388184"
"766000","0.000004872679710388184","0.000004872679710388184","0.000004872679710388184"
"768000","0.000004872679710388184","0.000004872679710388184","0.000004872679710388184"
"770000","0.000004872679710388184","0.000004872679710388184","0.000004872679710388184"
"772000","0.000004872679710388184","0.000004872679710388184","0.000004872679710388184"
"774000","0.000004872679710388184","0.000004872679710388184","0.000004872679710388184"
"776000","0.000004872679710388184","0.000004872679710388184","0.000004872679710388184"
"778000","0.000004872679710388184","0.000004872679710388184","0.000004872679710388184"
"780000","0.000004872679710388184","0.000004872679710388184","0.000004872679710388184"
"782000","0.000004872679710388184","0.000004872679710388184","0.000004872679710388184"
"784000","0.000004872679710388184","0.000004872679710388184","0.000004872679710388184"
"786000","0.000004872679710388184","0.000004872679710388184","0.000004872679710388184"
"788000","0.000004872679710388184","0.000004872679710388184","0.000004872679710388184"
"790000","0.000004872679710388184","0.000004872679710388184","0.000004872679710388184"
"792000","0.000004872679710388184","0.000004872679710388184","0.000004872679710388184"
"794000","0.000004872679710388184","0.000004872679710388184","0.000004872679710388184"
"796000","0.000004872679710388184","0.000004872679710388184","0.000004872679710388184"
"798000","0.000004872679710388184","0.000004872679710388184","0.000004872679710388184"
"800000","0.000004872679710388184","0.000004872679710388184","0.000004872679710388184"
"802000","0.000004872679710388184","0.000004872679710388184","0.000004872679710388184"
"804000","0.000004872679710388184","0.000004872679710388184","0.000004872679710388184"
"806000","0.000004693865776062012","0.00000451505184173584","0.000004872679710388184"
"808000","0.000004872679710388184","0.000004872679710388184","0.000004872679710388184"
"810000","0.000004872679710388184","0.000004872679710388184","0.000004872679710388184"
"812000","0.000004872679710388184","0.000004872679710388184","0.000004872679710388184"
"814000","0.000004872679710388184","0.000004872679710388184","0.000004872679710388184"
"816000","0.000004872679710388184","0.000004872679710388184","0.000004872679710388184"
"818000","0.000004872679710388184","0.000004872679710388184","0.000004872679710388184"
"820000","0.000004872679710388184","0.000004872679710388184","0.000004872679710388184"
"822000","0.000004872679710388184","0.000004872679710388184","0.000004872679710388184"
"824000","0.000004872679710388184","0.000004872679710388184","0.000004872679710388184"
"826000","0.000004872679710388184","0.000004872679710388184","0.000004872679710388184"
"828000","0.000004872679710388184","0.000004872679710388184","0.000004872679710388184"
"830000","0.000004872679710388184","0.000004872679710388184","0.000004872679710388184"
"832000","0.000004872679710388184","0.000004872679710388184","0.000004872679710388184"
"834000","0.000004872679710388184","0.000004872679710388184","0.000004872679710388184"
"836000","0.000004872679710388184","0.000004872679710388184","0.000004872679710388184"
"838000","0.000004872679710388184","0.000004872679710388184","0.000004872679710388184"
"840000","0.000004872679710388184","0.000004872679710388184","0.000004872679710388184"
"842000","0.000004872679710388184","0.000004872679710388184","0.000004872679710388184"
"844000","0.000004872679710388184","0.000004872679710388184","0.000004872679710388184"
"846000","0.000004872679710388184","0.000004872679710388184","0.000004872679710388184"
"848000","0.000004872679710388184","0.000004872679710388184","0.000004872679710388184"
"850000","0.000004872679710388184","0.000004872679710388184","0.000004872679710388184"
"852000","0.000004872679710388184","0.000004872679710388184","0.000004872679710388184"
"854000","0.000004872679710388184","0.000004872679710388184","0.000004872679710388184"
"856000","0.000004872679710388184","0.000004872679710388184","0.000004872679710388184"
"858000","0.000004872679710388184","0.000004872679710388184","0.000004872679710388184"
"860000","0.000004872679710388184","0.000004872679710388184","0.000004872679710388184"
"862000","0.000004872679710388184","0.000004872679710388184","0.000004872679710388184"
"864000","0.000004872679710388184","0.000004872679710388184","0.000004872679710388184"
"866000","0.000004872679710388184","0.000004872679710388184","0.000004872679710388184"
"868000","0.000004872679710388184","0.000004872679710388184","0.000004872679710388184"
"870000","0.000004872679710388184","0.000004872679710388184","0.000004872679710388184"
"872000","0.000004872679710388184","0.000004872679710388184","0.000004872679710388184"
"874000","0.000004872679710388184","0.000004872679710388184","0.000004872679710388184"
"876000","0.000004872679710388184","0.000004872679710388184","0.000004872679710388184"
"878000","0.000004872679710388184","0.000004872679710388184","0.000004872679710388184"
"880000","0.000004872679710388184","0.000004872679710388184","0.000004872679710388184"
"882000","0.000004872679710388184","0.000004872679710388184","0.000004872679710388184"
"884000","0.000004872679710388184","0.000004872679710388184","0.000004872679710388184"
"886000","0.000004872679710388184","0.000004872679710388184","0.000004872679710388184"
"888000","0.000004872679710388184","0.000004872679710388184","0.000004872679710388184"
"890000","0.000004872679710388184","0.000004872679710388184","0.000004872679710388184"
"892000","0.000004872679710388184","0.000004872679710388184","0.000004872679710388184"
"894000","0.000004872679710388184","0.000004872679710388184","0.000004872679710388184"
"896000","0.000004872679710388184","0.000004872679710388184","0.000004872679710388184"
"898000","0.000004693865776062012","0.00000451505184173584","0.000004872679710388184"
"900000","0.000004872679710388184","0.000004872679710388184","0.000004872679710388184"
"902000","0.000004872679710388184","0.000004872679710388184","0.000004872679710388184"
"904000","0.000004872679710388184","0.000004872679710388184","0.000004872679710388184"
"906000","0.000004872679710388184","0.000004872679710388184","0.000004872679710388184"
"908000","0.000004872679710388184","0.000004872679710388184","0.000004872679710388184"
"910000","0.000004872679710388184","0.000004872679710388184","0.000004872679710388184"
"912000","0.000004872679710388184","0.000004872679710388184","0.000004872679710388184"
"914000","0.000004872679710388184","0.000004872679710388184","0.000004872679710388184"
"916000","0.000004872679710388184","0.000004872679710388184","0.000004872679710388184"
"918000","0.000004872679710388184","0.000004872679710388184","0.000004872679710388184"
"920000","0.000004872679710388184","0.000004872679710388184","0.000004872679710388184"
"922000","0.000004872679710388184","0.000004872679710388184","0.000004872679710388184"
"924000","0.000004872679710388184","0.000004872679710388184","0.000004872679710388184"
"926000","0.000004872679710388184","0.000004872679710388184","0.000004872679710388184"
"928000","0.000004872679710388184","0.000004872679710388184","0.000004872679710388184"
"930000","0.000004872679710388184","0.000004872679710388184","0.000004872679710388184"
"932000","0.000004872679710388184","0.000004872679710388184","0.000004872679710388184"
"934000","0.000004872679710388184","0.000004872679710388184","0.000004872679710388184"
"936000","0.000004872679710388184","0.000004872679710388184","0.000004872679710388184"
"938000","0.000004872679710388184","0.000004872679710388184","0.000004872679710388184"
"940000","0.000004872679710388184","0.000004872679710388184","0.000004872679710388184"
"942000","0.000004872679710388184","0.000004872679710388184","0.000004872679710388184"
"944000","0.000004872679710388184","0.000004872679710388184","0.000004872679710388184"
"946000","0.000004872679710388184","0.000004872679710388184","0.000004872679710388184"
"948000","0.000004872679710388184","0.000004872679710388184","0.000004872679710388184"
"950000","0.000004872679710388184","0.000004872679710388184","0.000004872679710388184"
"952000","0.000004872679710388184","0.000004872679710388184","0.000004872679710388184"
"954000","0.000004872679710388184","0.000004872679710388184","0.000004872679710388184"
"956000","0.000004872679710388184","0.000004872679710388184","0.000004872679710388184"
"958000","0.000004872679710388184","0.000004872679710388184","0.000004872679710388184"
"960000","0.000004872679710388184","0.000004872679710388184","0.000004872679710388184"
"962000","0.000004872679710388184","0.000004872679710388184","0.000004872679710388184"
"964000","0.000004872679710388184","0.000004872679710388184","0.000004872679710388184"
"966000","0.000004872679710388184","0.000004872679710388184","0.000004872679710388184"
"968000","0.000004872679710388184","0.000004872679710388184","0.000004872679710388184"
"970000","0.000004872679710388184","0.000004872679710388184","0.000004872679710388184"
"972000","0.000004872679710388184","0.000004872679710388184","0.000004872679710388184"
"974000","0.000004872679710388184","0.000004872679710388184","0.000004872679710388184"
"976000","0.000004872679710388184","0.000004872679710388184","0.000004872679710388184"
"978000","0.000004872679710388184","0.000004872679710388184","0.000004872679710388184"
"980000","0.000004872679710388184","0.000004872679710388184","0.000004872679710388184"
"982000","0.000004872679710388184","0.000004872679710388184","0.000004872679710388184"
"984000","0.000004872679710388184","0.000004872679710388184","0.000004872679710388184"
"986000","0.000004872679710388184","0.000004872679710388184","0.000004872679710388184"
"988000","0.000004872679710388184","0.000004872679710388184","0.000004872679710388184"
"990000","0.000004872679710388184","0.000004872679710388184","0.000004872679710388184"
"992000","0.000004872679710388184","0.000004872679710388184","0.000004872679710388184"
"994000","0.000004872679710388184","0.000004872679710388184","0.000004872679710388184"
"996000","0.000004872679710388184","0.000004872679710388184","0.000004872679710388184"
"998000","0.000004872679710388184","0.000004872679710388184","0.000004872679710388184"
"1000000","0.000004872679710388184","0.000004872679710388184","0.000004872679710388184"
"1002000","0.000004872679710388184","0.000004872679710388184","0.000004872679710388184"
"1004000","0.000004872679710388184","0.000004872679710388184","0.000004872679710388184"
"1006000","0.000004872679710388184","0.000004872679710388184","0.000004872679710388184"
"1008000","0.000004872679710388184","0.000004872679710388184","0.000004872679710388184"
"1010000","0.000004872679710388184","0.000004872679710388184","0.000004872679710388184"
"1012000","0.000004872679710388184","0.000004872679710388184","0.000004872679710388184"
"1014000","0.000004872679710388184","0.000004872679710388184","0.000004872679710388184"
"1016000","0.000004872679710388184","0.000004872679710388184","0.000004872679710388184"
"1018000","0.000004872679710388184","0.000004872679710388184","0.000004872679710388184"
"1020000","0.000004693865776062012","0.00000451505184173584","0.000004872679710388184"
"1022000","0.000004872679710388184","0.000004872679710388184","0.000004872679710388184"
"1024000","0.000004872679710388184","0.000004872679710388184","0.000004872679710388184"
"1026000","0.000004872679710388184","0.000004872679710388184","0.000004872679710388184"
"1028000","0.000004872679710388184","0.000004872679710388184","0.000004872679710388184"
"1030000","0.000004872679710388184","0.000004872679710388184","0.000004872679710388184"
"1032000","0.000004872679710388184","0.000004872679710388184","0.000004872679710388184"
"1034000","0.000004872679710388184","0.000004872679710388184","0.000004872679710388184"
"1036000","0.000004872679710388184","0.000004872679710388184","0.000004872679710388184"
"1038000","0.000004872679710388184","0.000004872679710388184","0.000004872679710388184"
"1040000","0.000004872679710388184","0.000004872679710388184","0.000004872679710388184"
"1042000","0.000004872679710388184","0.000004872679710388184","0.000004872679710388184"
"1044000","0.000004872679710388184","0.000004872679710388184","0.000004872679710388184"
"1046000","0.000004872679710388184","0.000004872679710388184","0.000004872679710388184"
"1048000","0.000004872679710388184","0.000004872679710388184","0.000004872679710388184"
"1050000","0.000004872679710388184","0.000004872679710388184","0.000004872679710388184"
"1052000","0.000004872679710388184","0.000004872679710388184","0.000004872679710388184"
"1054000","0.000004872679710388184","0.000004872679710388184","0.000004872679710388184"
"1056000","0.000004872679710388184","0.000004872679710388184","0.000004872679710388184"
"1058000","0.000004872679710388184","0.000004872679710388184","0.000004872679710388184"
"1060000","0.000004872679710388184","0.000004872679710388184","0.000004872679710388184"
"1062000","0.000004872679710388184","0.000004872679710388184","0.000004872679710388184"
"1064000","0.000004872679710388184","0.000004872679710388184","0.000004872679710388184"
"1066000","0.000004872679710388184","0.000004872679710388184","0.000004872679710388184"
"1068000","0.000004872679710388184","0.000004872679710388184","0.000004872679710388184"
"1070000","0.000004872679710388184","0.000004872679710388184","0.000004872679710388184"
"1072000","0.000004693865776062012","0.00000451505184173584","0.000004872679710388184"
"1074000","0.000004693865776062012","0.00000451505184173584","0.000004872679710388184"
"1076000","0.000004872679710388184","0.000004872679710388184","0.000004872679710388184"
"1078000","0.000004872679710388184","0.000004872679710388184","0.000004872679710388184"
"1080000","0.000004872679710388184","0.000004872679710388184","0.000004872679710388184"
"1082000","0.000004872679710388184","0.000004872679710388184","0.000004872679710388184"
"1084000","0.000004872679710388184","0.000004872679710388184","0.000004872679710388184"
"1086000","0.000004872679710388184","0.000004872679710388184","0.000004872679710388184"
"1088000","0.000004872679710388184","0.000004872679710388184","0.000004872679710388184"
"1090000","0.000004872679710388184","0.000004872679710388184","0.000004872679710388184"
"1092000","0.000004872679710388184","0.000004872679710388184","0.000004872679710388184"
"1094000","0.000004872679710388184","0.000004872679710388184","0.000004872679710388184"
"1096000","0.000004872679710388184","0.000004872679710388184","0.000004872679710388184"
"1098000","0.000004872679710388184","0.000004872679710388184","0.000004872679710388184"
"1100000","0.000004872679710388184","0.000004872679710388184","0.000004872679710388184"
"1102000","0.000004872679710388184","0.000004872679710388184","0.000004872679710388184"
"1104000","0.000004872679710388184","0.000004872679710388184","0.000004872679710388184"
"1106000","0.000004872679710388184","0.000004872679710388184","0.000004872679710388184"
"1108000","0.000004872679710388184","0.000004872679710388184","0.000004872679710388184"
"1110000","0.000004872679710388184","0.000004872679710388184","0.000004872679710388184"
"1112000","0.000004872679710388184","0.000004872679710388184","0.000004872679710388184"
"1114000","0.000004872679710388184","0.000004872679710388184","0.000004872679710388184"
"1116000","0.000004872679710388184","0.000004872679710388184","0.000004872679710388184"
"1118000","0.000004872679710388184","0.000004872679710388184","0.000004872679710388184"
"1120000","0.000004872679710388184","0.000004872679710388184","0.000004872679710388184"
"1122000","0.000004872679710388184","0.000004872679710388184","0.000004872679710388184"
"1124000","0.000004872679710388184","0.000004872679710388184","0.000004872679710388184"
"1126000","0.000004872679710388184","0.000004872679710388184","0.000004872679710388184"
"1128000","0.000004872679710388184","0.000004872679710388184","0.000004872679710388184"
"1130000","0.000004872679710388184","0.000004872679710388184","0.000004872679710388184"
"1132000","0.000004872679710388184","0.000004872679710388184","0.000004872679710388184"
"1134000","0.000004872679710388184","0.000004872679710388184","0.000004872679710388184"
"1136000","0.000004872679710388184","0.000004872679710388184","0.000004872679710388184"
"1138000","0.000004872679710388184","0.000004872679710388184","0.000004872679710388184"
"1140000","0.000004872679710388184","0.000004872679710388184","0.000004872679710388184"
"1142000","0.000004872679710388184","0.000004872679710388184","0.000004872679710388184"
"1144000","0.000004872679710388184","0.000004872679710388184","0.000004872679710388184"
"1146000","0.000004872679710388184","0.000004872679710388184","0.000004872679710388184"
"1148000","0.000004872679710388184","0.000004872679710388184","0.000004872679710388184"
"1150000","0.000004872679710388184","0.000004872679710388184","0.000004872679710388184"
"1152000","0.000004872679710388184","0.000004872679710388184","0.000004872679710388184"
"1154000","0.000004693865776062012","0.00000451505184173584","0.000004872679710388184"
"1156000","0.000004872679710388184","0.000004872679710388184","0.000004872679710388184"
"1158000","0.000004872679710388184","0.000004872679710388184","0.000004872679710388184"
"1160000","0.000004872679710388184","0.000004872679710388184","0.000004872679710388184"
"1162000","0.000004872679710388184","0.000004872679710388184","0.000004872679710388184"
"1164000","0.000004872679710388184","0.000004872679710388184","0.000004872679710388184"
"1166000","0.000004872679710388184","0.000004872679710388184","0.000004872679710388184"
"1168000","0.000004872679710388184","0.000004872679710388184","0.000004872679710388184"
"1170000","0.000004872679710388184","0.000004872679710388184","0.000004872679710388184"
"1172000","0.000004872679710388184","0.000004872679710388184","0.000004872679710388184"
"1174000","0.000004872679710388184","0.000004872679710388184","0.000004872679710388184"
"1176000","0.000004872679710388184","0.000004872679710388184","0.000004872679710388184"
"1178000","0.000004872679710388184","0.000004872679710388184","0.000004872679710388184"
"1180000","0.000004872679710388184","0.000004872679710388184","0.000004872679710388184"
"1182000","0.000004872679710388184","0.000004872679710388184","0.000004872679710388184"
"1184000","0.000004872679710388184","0.000004872679710388184","0.000004872679710388184"
"1186000","0.000004872679710388184","0.000004872679710388184","0.000004872679710388184"
"1188000","0.000004872679710388184","0.000004872679710388184","0.000004872679710388184"
"1190000","0.000004872679710388184","0.000004872679710388184","0.000004872679710388184"
"1192000","0.000004872679710388184","0.000004872679710388184","0.000004872679710388184"
"1194000","0.000004872679710388184","0.000004872679710388184","0.000004872679710388184"
"1196000","0.000004872679710388184","0.000004872679710388184","0.000004872679710388184"
"1198000","0.000004872679710388184","0.000004872679710388184","0.000004872679710388184"
"1200000","0.000004872679710388184","0.000004872679710388184","0.000004872679710388184"
"1202000","0.000004872679710388184","0.000004872679710388184","0.000004872679710388184"
"1204000","0.000004872679710388184","0.000004872679710388184","0.000004872679710388184"
"1206000","0.000004872679710388184","0.000004872679710388184","0.000004872679710388184"
"1208000","0.000004872679710388184","0.000004872679710388184","0.000004872679710388184"
"1210000","0.000004872679710388184","0.000004872679710388184","0.000004872679710388184"
"1212000","0.000004872679710388184","0.000004872679710388184","0.000004872679710388184"
"1214000","0.000004872679710388184","0.000004872679710388184","0.000004872679710388184"
"1216000","0.000004872679710388184","0.000004872679710388184","0.000004872679710388184"
"1218000","0.000004872679710388184","0.000004872679710388184","0.000004872679710388184"
"1220000","0.000004872679710388184","0.000004872679710388184","0.000004872679710388184"
"1222000","0.000004872679710388184","0.000004872679710388184","0.000004872679710388184"
"1224000","0.000004872679710388184","0.000004872679710388184","0.000004872679710388184"
"1226000","0.000004872679710388184","0.000004872679710388184","0.000004872679710388184"
"1228000","0.000004872679710388184","0.000004872679710388184","0.000004872679710388184"
"1230000","0.000004872679710388184","0.000004872679710388184","0.000004872679710388184"
"1232000","0.000004872679710388184","0.000004872679710388184","0.000004872679710388184"
"1234000","0.000004872679710388184","0.000004872679710388184","0.000004872679710388184"
"1236000","0.000004872679710388184","0.000004872679710388184","0.000004872679710388184"
"1238000","0.000004872679710388184","0.000004872679710388184","0.000004872679710388184"
"1240000","0.000004872679710388184","0.000004872679710388184","0.000004872679710388184"
"1242000","0.000004872679710388184","0.000004872679710388184","0.000004872679710388184"
"1244000","0.000004872679710388184","0.000004872679710388184","0.000004872679710388184"
"1246000","0.000004872679710388184","0.000004872679710388184","0.000004872679710388184"
"1248000","0.000004872679710388184","0.000004872679710388184","0.000004872679710388184"
"1250000","0.000004872679710388184","0.000004872679710388184","0.000004872679710388184"
"1252000","0.000004872679710388184","0.000004872679710388184","0.000004872679710388184"
"1254000","0.000004872679710388184","0.000004872679710388184","0.000004872679710388184"
"1256000","0.000004872679710388184","0.000004872679710388184","0.000004872679710388184"
"1258000","0.000004872679710388184","0.000004872679710388184","0.000004872679710388184"
"1260000","0.000004872679710388184","0.000004872679710388184","0.000004872679710388184"
"1262000","0.000004872679710388184","0.000004872679710388184","0.000004872679710388184"
"1264000","0.000004872679710388184","0.000004872679710388184","0.000004872679710388184"
"1266000","0.000004872679710388184","0.000004872679710388184","0.000004872679710388184"
"1268000","0.000004872679710388184","0.000004872679710388184","0.000004872679710388184"
"1270000","0.000004872679710388184","0.000004872679710388184","0.000004872679710388184"
"1272000","0.000004872679710388184","0.000004872679710388184","0.000004872679710388184"
"1274000","0.000004872679710388184","0.000004872679710388184","0.000004872679710388184"
"1276000","0.000004872679710388184","0.000004872679710388184","0.000004872679710388184"
"1278000","0.000004872679710388184","0.000004872679710388184","0.000004872679710388184"
"1280000","0.000004872679710388184","0.000004872679710388184","0.000004872679710388184"
"1282000","0.000004872679710388184","0.000004872679710388184","0.000004872679710388184"
"1284000","0.000004872679710388184","0.000004872679710388184","0.000004872679710388184"
"1286000","0.000004872679710388184","0.000004872679710388184","0.000004872679710388184"
"1288000","0.000004872679710388184","0.000004872679710388184","0.000004872679710388184"
"1290000","0.000004872679710388184","0.000004872679710388184","0.000004872679710388184"
"1292000","0.000004872679710388184","0.000004872679710388184","0.000004872679710388184"
"1294000","0.000004872679710388184","0.000004872679710388184","0.000004872679710388184"
"1296000","0.000004872679710388184","0.000004872679710388184","0.000004872679710388184"
"1298000","0.000004872679710388184","0.000004872679710388184","0.000004872679710388184"
"1300000","0.000004872679710388184","0.000004872679710388184","0.000004872679710388184"
"1302000","0.000004872679710388184","0.000004872679710388184","0.000004872679710388184"
"1304000","0.000004872679710388184","0.000004872679710388184","0.000004872679710388184"
"1306000","0.000004872679710388184","0.000004872679710388184","0.000004872679710388184"
"1308000","0.000004872679710388184","0.000004872679710388184","0.000004872679710388184"
"1310000","0.000004872679710388184","0.000004872679710388184","0.000004872679710388184"
"1312000","0.000004872679710388184","0.000004872679710388184","0.000004872679710388184"
"1314000","0.000004872679710388184","0.000004872679710388184","0.000004872679710388184"
"1316000","0.000004872679710388184","0.000004872679710388184","0.000004872679710388184"
"1318000","0.000004872679710388184","0.000004872679710388184","0.000004872679710388184"
"1320000","0.000004872679710388184","0.000004872679710388184","0.000004872679710388184"
"1322000","0.000004872679710388184","0.000004872679710388184","0.000004872679710388184"
"1324000","0.000004872679710388184","0.000004872679710388184","0.000004872679710388184"
"1326000","0.000004872679710388184","0.000004872679710388184","0.000004872679710388184"
"1328000","0.000004872679710388184","0.000004872679710388184","0.000004872679710388184"
"1330000","0.000004872679710388184","0.000004872679710388184","0.000004872679710388184"
"1332000","0.000004872679710388184","0.000004872679710388184","0.000004872679710388184"
"1334000","0.000004872679710388184","0.000004872679710388184","0.000004872679710388184"
"1336000","0.000004872679710388184","0.000004872679710388184","0.000004872679710388184"
"1338000","0.000004872679710388184","0.000004872679710388184","0.000004872679710388184"
"1340000","0.000004872679710388184","0.000004872679710388184","0.000004872679710388184"
"1342000","0.000004872679710388184","0.000004872679710388184","0.000004872679710388184"
"1344000","0.000004872679710388184","0.000004872679710388184","0.000004872679710388184"
"1346000","0.000004872679710388184","0.000004872679710388184","0.000004872679710388184"
"1348000","0.000004872679710388184","0.000004872679710388184","0.000004872679710388184"
"1350000","0.000004872679710388184","0.000004872679710388184","0.000004872679710388184"
"1352000","0.000004872679710388184","0.000004872679710388184","0.000004872679710388184"
"1354000","0.000004872679710388184","0.000004872679710388184","0.000004872679710388184"
"1356000","0.000004872679710388184","0.000004872679710388184","0.000004872679710388184"
"1358000","0.000004872679710388184","0.000004872679710388184","0.000004872679710388184"
"1360000","0.000004872679710388184","0.000004872679710388184","0.000004872679710388184"
"1362000","0.000004872679710388184","0.000004872679710388184","0.000004872679710388184"
"1364000","0.000004872679710388184","0.000004872679710388184","0.000004872679710388184"
"1366000","0.000004872679710388184","0.000004872679710388184","0.000004872679710388184"
"1368000","0.000004872679710388184","0.000004872679710388184","0.000004872679710388184"
"1370000","0.000004872679710388184","0.000004872679710388184","0.000004872679710388184"
"1372000","0.000004872679710388184","0.000004872679710388184","0.000004872679710388184"
"1374000","0.000004872679710388184","0.000004872679710388184","0.000004872679710388184"
"1376000","0.000004872679710388184","0.000004872679710388184","0.000004872679710388184"
"1378000","0.000004872679710388184","0.000004872679710388184","0.000004872679710388184"
"1380000","0.000004872679710388184","0.000004872679710388184","0.000004872679710388184"
"1382000","0.000004872679710388184","0.000004872679710388184","0.000004872679710388184"
"1384000","0.000004872679710388184","0.000004872679710388184","0.000004872679710388184"
"1386000","0.000004872679710388184","0.000004872679710388184","0.000004872679710388184"
"1388000","0.000004872679710388184","0.000004872679710388184","0.000004872679710388184"
"1390000","0.000004872679710388184","0.000004872679710388184","0.000004872679710388184"
"1392000","0.000004872679710388184","0.000004872679710388184","0.000004872679710388184"
"1394000","0.000004872679710388184","0.000004872679710388184","0.000004872679710388184"
"1396000","0.000004872679710388184","0.000004872679710388184","0.000004872679710388184"
"1398000","0.000004872679710388184","0.000004872679710388184","0.000004872679710388184"
"1400000","0.000004872679710388184","0.000004872679710388184","0.000004872679710388184"
"1402000","0.000004872679710388184","0.000004872679710388184","0.000004872679710388184"
"1404000","0.000004872679710388184","0.000004872679710388184","0.000004872679710388184"
"1406000","0.000004872679710388184","0.000004872679710388184","0.000004872679710388184"
"1408000","0.000004872679710388184","0.000004872679710388184","0.000004872679710388184"
"1410000","0.000004872679710388184","0.000004872679710388184","0.000004872679710388184"
"1412000","0.000004872679710388184","0.000004872679710388184","0.000004872679710388184"
"1414000","0.000004872679710388184","0.000004872679710388184","0.000004872679710388184"
"1416000","0.000004872679710388184","0.000004872679710388184","0.000004872679710388184"
"1418000","0.000004872679710388184","0.000004872679710388184","0.000004872679710388184"
"1420000","0.000004872679710388184","0.000004872679710388184","0.000004872679710388184"
"1422000","0.000004872679710388184","0.000004872679710388184","0.000004872679710388184"
"1424000","0.000004872679710388184","0.000004872679710388184","0.000004872679710388184"
"1426000","0.000004872679710388184","0.000004872679710388184","0.000004872679710388184"
"1428000","0.000004872679710388184","0.000004872679710388184","0.000004872679710388184"
"1430000","0.000004872679710388184","0.000004872679710388184","0.000004872679710388184"
"1432000","0.000004872679710388184","0.000004872679710388184","0.000004872679710388184"
"1434000","0.000004872679710388184","0.000004872679710388184","0.000004872679710388184"
"1436000","0.000004872679710388184","0.000004872679710388184","0.000004872679710388184"
"1438000","0.000004872679710388184","0.000004872679710388184","0.000004872679710388184"
"1440000","0.000004872679710388184","0.000004872679710388184","0.000004872679710388184"
"1442000","0.000004872679710388184","0.000004872679710388184","0.000004872679710388184"
"1444000","0.000004872679710388184","0.000004872679710388184","0.000004872679710388184"
"1446000","0.000004872679710388184","0.000004872679710388184","0.000004872679710388184"
"1448000","0.000004872679710388184","0.000004872679710388184","0.000004872679710388184"
"1450000","0.000004872679710388184","0.000004872679710388184","0.000004872679710388184"
"1452000","0.000004872679710388184","0.000004872679710388184","0.000004872679710388184"
"1454000","0.000004872679710388184","0.000004872679710388184","0.000004872679710388184"
"1456000","0.000004872679710388184","0.000004872679710388184","0.000004872679710388184"
"1458000","0.000004872679710388184","0.000004872679710388184","0.000004872679710388184"
"1460000","0.000004872679710388184","0.000004872679710388184","0.000004872679710388184"
"1462000","0.000004872679710388184","0.000004872679710388184","0.000004872679710388184"
"1464000","0.000004872679710388184","0.000004872679710388184","0.000004872679710388184"
"1466000","0.000004872679710388184","0.000004872679710388184","0.000004872679710388184"
"1468000","0.000004872679710388184","0.000004872679710388184","0.000004872679710388184"
"1470000","0.000004872679710388184","0.000004872679710388184","0.000004872679710388184"
"1472000","0.000004872679710388184","0.000004872679710388184","0.000004872679710388184"
"1474000","0.000004872679710388184","0.000004872679710388184","0.000004872679710388184"
"1476000","0.000004872679710388184","0.000004872679710388184","0.000004872679710388184"
"1478000","0.000004872679710388184","0.000004872679710388184","0.000004872679710388184"
"1480000","0.000004872679710388184","0.000004872679710388184","0.000004872679710388184"
"1482000","0.000004872679710388184","0.000004872679710388184","0.000004872679710388184"
"1484000","0.000004872679710388184","0.000004872679710388184","0.000004872679710388184"
"1486000","0.000004872679710388184","0.000004872679710388184","0.000004872679710388184"
"1488000","0.000004872679710388184","0.000004872679710388184","0.000004872679710388184"
"1490000","0.000004872679710388184","0.000004872679710388184","0.000004872679710388184"
"1492000","0.000004872679710388184","0.000004872679710388184","0.000004872679710388184"
"1494000","0.000004872679710388184","0.000004872679710388184","0.000004872679710388184"
"1496000","0.000004872679710388184","0.000004872679710388184","0.000004872679710388184"
"1498000","0.000004872679710388184","0.000004872679710388184","0.000004872679710388184"
"1500000","0.000004872679710388184","0.000004872679710388184","0.000004872679710388184"
"1502000","0.000004872679710388184","0.000004872679710388184","0.000004872679710388184"
"1504000","0.000004872679710388184","0.000004872679710388184","0.000004872679710388184"
"1506000","0.000004872679710388184","0.000004872679710388184","0.000004872679710388184"
"1508000","0.000004872679710388184","0.000004872679710388184","0.000004872679710388184"
"1510000","0.000004872679710388184","0.000004872679710388184","0.000004872679710388184"
"1512000","0.000004693865776062012","0.00000451505184173584","0.000004872679710388184"
"1514000","0.000004872679710388184","0.000004872679710388184","0.000004872679710388184"
"1516000","0.000004872679710388184","0.000004872679710388184","0.000004872679710388184"
"1518000","0.000004872679710388184","0.000004872679710388184","0.000004872679710388184"
"1520000","0.000004872679710388184","0.000004872679710388184","0.000004872679710388184"
"1522000","0.000004872679710388184","0.000004872679710388184","0.000004872679710388184"
"1524000","0.000004872679710388184","0.000004872679710388184","0.000004872679710388184"
"1526000","0.000004872679710388184","0.000004872679710388184","0.000004872679710388184"
"1528000","0.000004872679710388184","0.000004872679710388184","0.000004872679710388184"
"1530000","0.000004872679710388184","0.000004872679710388184","0.000004872679710388184"
"1532000","0.000004872679710388184","0.000004872679710388184","0.000004872679710388184"
"1534000","0.000004872679710388184","0.000004872679710388184","0.000004872679710388184"
"1536000","0.000004872679710388184","0.000004872679710388184","0.000004872679710388184"
"1538000","0.000004872679710388184","0.000004872679710388184","0.000004872679710388184"
"1540000","0.000004872679710388184","0.000004872679710388184","0.000004872679710388184"
"1542000","0.000004872679710388184","0.000004872679710388184","0.000004872679710388184"
"1544000","0.000004872679710388184","0.000004872679710388184","0.000004872679710388184"
"1546000","0.000004872679710388184","0.000004872679710388184","0.000004872679710388184"
"1548000","0.000004872679710388184","0.000004872679710388184","0.000004872679710388184"
"1550000","0.000004872679710388184","0.000004872679710388184","0.000004872679710388184"
"1552000","0.000004872679710388184","0.000004872679710388184","0.000004872679710388184"
"1554000","0.000004872679710388184","0.000004872679710388184","0.000004872679710388184"
"1556000","0.000004872679710388184","0.000004872679710388184","0.000004872679710388184"
"1558000","0.000004872679710388184","0.000004872679710388184","0.000004872679710388184"
"1560000","0.000004872679710388184","0.000004872679710388184","0.000004872679710388184"
"1562000","0.000004872679710388184","0.000004872679710388184","0.000004872679710388184"
"1564000","0.000004872679710388184","0.000004872679710388184","0.000004872679710388184"
"1566000","0.000004872679710388184","0.000004872679710388184","0.000004872679710388184"
"1568000","0.000004872679710388184","0.000004872679710388184","0.000004872679710388184"
"1570000","0.000004872679710388184","0.000004872679710388184","0.000004872679710388184"
"1572000","0.000004872679710388184","0.000004872679710388184","0.000004872679710388184"
"1574000","0.000004872679710388184","0.000004872679710388184","0.000004872679710388184"
"1576000","0.000004872679710388184","0.000004872679710388184","0.000004872679710388184"
"1578000","0.000004872679710388184","0.000004872679710388184","0.000004872679710388184"
"1580000","0.000004872679710388184","0.000004872679710388184","0.000004872679710388184"
"1582000","0.000004872679710388184","0.000004872679710388184","0.000004872679710388184"
"1584000","0.000004872679710388184","0.000004872679710388184","0.000004872679710388184"
"1586000","0.000004872679710388184","0.000004872679710388184","0.000004872679710388184"
"1588000","0.000004872679710388184","0.000004872679710388184","0.000004872679710388184"
"1590000","0.000004872679710388184","0.000004872679710388184","0.000004872679710388184"
"1592000","0.000004872679710388184","0.000004872679710388184","0.000004872679710388184"
"1594000","0.000004872679710388184","0.000004872679710388184","0.000004872679710388184"
"1596000","0.000004872679710388184","0.000004872679710388184","0.000004872679710388184"
"1598000","0.000004872679710388184","0.000004872679710388184","0.000004872679710388184"
"1600000","0.000004872679710388184","0.000004872679710388184","0.000004872679710388184"
"1602000","0.000004872679710388184","0.000004872679710388184","0.000004872679710388184"
"1604000","0.000004872679710388184","0.000004872679710388184","0.000004872679710388184"
"1606000","0.000004872679710388184","0.000004872679710388184","0.000004872679710388184"
"1608000","0.000004872679710388184","0.000004872679710388184","0.000004872679710388184"
"1610000","0.000004872679710388184","0.000004872679710388184","0.000004872679710388184"
"1612000","0.000004872679710388184","0.000004872679710388184","0.000004872679710388184"
"1614000","0.000004693865776062012","0.00000451505184173584","0.000004872679710388184"
"1616000","0.000004872679710388184","0.000004872679710388184","0.000004872679710388184"
"1618000","0.000004872679710388184","0.000004872679710388184","0.000004872679710388184"
"1620000","0.000004872679710388184","0.000004872679710388184","0.000004872679710388184"
"1622000","0.000004872679710388184","0.000004872679710388184","0.000004872679710388184"
"1624000","0.000004872679710388184","0.000004872679710388184","0.000004872679710388184"
"1626000","0.000004872679710388184","0.000004872679710388184","0.000004872679710388184"
"1628000","0.000004872679710388184","0.000004872679710388184","0.000004872679710388184"
"1630000","0.000004872679710388184","0.000004872679710388184","0.000004872679710388184"
"1632000","0.000004693865776062012","0.00000451505184173584","0.000004872679710388184"
"1634000","0.000004872679710388184","0.000004872679710388184","0.000004872679710388184"
"1636000","0.000004872679710388184","0.000004872679710388184","0.000004872679710388184"
"1638000","0.000004872679710388184","0.000004872679710388184","0.000004872679710388184"
"1640000","0.000004872679710388184","0.000004872679710388184","0.000004872679710388184"
"1642000","0.000004872679710388184","0.000004872679710388184","0.000004872679710388184"
"1644000","0.000004872679710388184","0.000004872679710388184","0.000004872679710388184"
"1646000","0.000004872679710388184","0.000004872679710388184","0.000004872679710388184"
"1648000","0.000004872679710388184","0.000004872679710388184","0.000004872679710388184"
"1650000","0.000004872679710388184","0.000004872679710388184","0.000004872679710388184"
"1652000","0.000004872679710388184","0.000004872679710388184","0.000004872679710388184"
"1654000","0.000004872679710388184","0.000004872679710388184","0.000004872679710388184"
"1656000","0.000004872679710388184","0.000004872679710388184","0.000004872679710388184"
"1658000","0.000004872679710388184","0.000004872679710388184","0.000004872679710388184"
"1660000","0.000004872679710388184","0.000004872679710388184","0.000004872679710388184"
"1662000","0.000004872679710388184","0.000004872679710388184","0.000004872679710388184"
"1664000","0.000004872679710388184","0.000004872679710388184","0.000004872679710388184"
"1666000","0.000004872679710388184","0.000004872679710388184","0.000004872679710388184"
"1668000","0.000004872679710388184","0.000004872679710388184","0.000004872679710388184"
"1670000","0.000004872679710388184","0.000004872679710388184","0.000004872679710388184"
"1672000","0.000004872679710388184","0.000004872679710388184","0.000004872679710388184"
"1674000","0.000004872679710388184","0.000004872679710388184","0.000004872679710388184"
"1676000","0.000004872679710388184","0.000004872679710388184","0.000004872679710388184"
"1678000","0.000004872679710388184","0.000004872679710388184","0.000004872679710388184"
"1680000","0.000004872679710388184","0.000004872679710388184","0.000004872679710388184"
"1682000","0.000004872679710388184","0.000004872679710388184","0.000004872679710388184"
"1684000","0.000004872679710388184","0.000004872679710388184","0.000004872679710388184"
"1686000","0.000004872679710388184","0.000004872679710388184","0.000004872679710388184"
"1688000","0.000004872679710388184","0.000004872679710388184","0.000004872679710388184"
"1690000","0.000004872679710388184","0.000004872679710388184","0.000004872679710388184"
"1692000","0.000004872679710388184","0.000004872679710388184","0.000004872679710388184"
"1694000","0.000004872679710388184","0.000004872679710388184","0.000004872679710388184"
"1696000","0.000004872679710388184","0.000004872679710388184","0.000004872679710388184"
"1698000","0.000004872679710388184","0.000004872679710388184","0.000004872679710388184"
"1700000","0.000004872679710388184","0.000004872679710388184","0.000004872679710388184"
"1702000","0.000004872679710388184","0.000004872679710388184","0.000004872679710388184"
"1704000","0.000004872679710388184","0.000004872679710388184","0.000004872679710388184"
"1706000","0.000004872679710388184","0.000004872679710388184","0.000004872679710388184"
"1708000","0.000004872679710388184","0.000004872679710388184","0.000004872679710388184"
"1710000","0.000004872679710388184","0.000004872679710388184","0.000004872679710388184"
"1712000","0.000004872679710388184","0.000004872679710388184","0.000004872679710388184"
"1714000","0.000004872679710388184","0.000004872679710388184","0.000004872679710388184"
"1716000","0.000004872679710388184","0.000004872679710388184","0.000004872679710388184"
"1718000","0.000004872679710388184","0.000004872679710388184","0.000004872679710388184"
"1720000","0.000004872679710388184","0.000004872679710388184","0.000004872679710388184"
"1722000","0.000004872679710388184","0.000004872679710388184","0.000004872679710388184"
"1724000","0.000004872679710388184","0.000004872679710388184","0.000004872679710388184"
"1726000","0.000004872679710388184","0.000004872679710388184","0.000004872679710388184"
"1728000","0.000004872679710388184","0.000004872679710388184","0.000004872679710388184"
"1730000","0.000004872679710388184","0.000004872679710388184","0.000004872679710388184"
"1732000","0.000004872679710388184","0.000004872679710388184","0.000004872679710388184"
"1734000","0.000004872679710388184","0.000004872679710388184","0.000004872679710388184"
"1736000","0.000004872679710388184","0.000004872679710388184","0.000004872679710388184"
"1738000","0.000004872679710388184","0.000004872679710388184","0.000004872679710388184"
"1740000","0.000004872679710388184","0.000004872679710388184","0.000004872679710388184"
"1742000","0.000004872679710388184","0.000004872679710388184","0.000004872679710388184"
"1744000","0.000004872679710388184","0.000004872679710388184","0.000004872679710388184"
"1746000","0.000004872679710388184","0.000004872679710388184","0.000004872679710388184"
"1748000","0.000004872679710388184","0.000004872679710388184","0.000004872679710388184"
"1750000","0.000004872679710388184","0.000004872679710388184","0.000004872679710388184"
"1752000","0.000004872679710388184","0.000004872679710388184","0.000004872679710388184"
"1754000","0.000004872679710388184","0.000004872679710388184","0.000004872679710388184"
"1756000","0.000004872679710388184","0.000004872679710388184","0.000004872679710388184"
"1758000","0.000004872679710388184","0.000004872679710388184","0.000004872679710388184"
"1760000","0.000004872679710388184","0.000004872679710388184","0.000004872679710388184"
"1762000","0.000004872679710388184","0.000004872679710388184","0.000004872679710388184"
"1764000","0.000004872679710388184","0.000004872679710388184","0.000004872679710388184"
"1766000","0.000004872679710388184","0.000004872679710388184","0.000004872679710388184"
"1768000","0.000004872679710388184","0.000004872679710388184","0.000004872679710388184"
"1770000","0.000004872679710388184","0.000004872679710388184","0.000004872679710388184"
"1772000","0.000004872679710388184","0.000004872679710388184","0.000004872679710388184"
"1774000","0.000004872679710388184","0.000004872679710388184","0.000004872679710388184"
"1776000","0.000004872679710388184","0.000004872679710388184","0.000004872679710388184"
"1778000","0.000004872679710388184","0.000004872679710388184","0.000004872679710388184"
"1780000","0.000004872679710388184","0.000004872679710388184","0.000004872679710388184"
"1782000","0.000004872679710388184","0.000004872679710388184","0.000004872679710388184"
"1784000","0.000004872679710388184","0.000004872679710388184","0.000004872679710388184"
"1786000","0.000004872679710388184","0.000004872679710388184","0.000004872679710388184"
"1788000","0.000004872679710388184","0.000004872679710388184","0.000004872679710388184"
"1790000","0.000004872679710388184","0.000004872679710388184","0.000004872679710388184"
"1792000","0.000004872679710388184","0.000004872679710388184","0.000004872679710388184"
"1794000","0.000004872679710388184","0.000004872679710388184","0.000004872679710388184"
"1796000","0.000004872679710388184","0.000004872679710388184","0.000004872679710388184"
"1798000","0.000004872679710388184","0.000004872679710388184","0.000004872679710388184"
"1800000","0.000004872679710388184","0.000004872679710388184","0.000004872679710388184"
"1802000","0.000004872679710388184","0.000004872679710388184","0.000004872679710388184"
"1804000","0.000004872679710388184","0.000004872679710388184","0.000004872679710388184"
"1806000","0.000004872679710388184","0.000004872679710388184","0.000004872679710388184"
"1808000","0.000004872679710388184","0.000004872679710388184","0.000004872679710388184"
"1810000","0.000004693865776062012","0.00000451505184173584","0.000004872679710388184"
"1812000","0.000004872679710388184","0.000004872679710388184","0.000004872679710388184"
"1814000","0.000004872679710388184","0.000004872679710388184","0.000004872679710388184"
"1816000","0.000004872679710388184","0.000004872679710388184","0.000004872679710388184"
"1818000","0.000004872679710388184","0.000004872679710388184","0.000004872679710388184"
"1820000","0.000004872679710388184","0.000004872679710388184","0.000004872679710388184"
"1822000","0.000004872679710388184","0.000004872679710388184","0.000004872679710388184"
"1824000","0.000004872679710388184","0.000004872679710388184","0.000004872679710388184"
"1826000","0.000004872679710388184","0.000004872679710388184","0.000004872679710388184"
"1828000","0.000004872679710388184","0.000004872679710388184","0.000004872679710388184"
"1830000","0.000004872679710388184","0.000004872679710388184","0.000004872679710388184"
"1832000","0.000004872679710388184","0.000004872679710388184","0.000004872679710388184"
"1834000","0.000004872679710388184","0.000004872679710388184","0.000004872679710388184"
"1836000","0.000004872679710388184","0.000004872679710388184","0.000004872679710388184"
"1838000","0.000004872679710388184","0.000004872679710388184","0.000004872679710388184"
"1840000","0.000004872679710388184","0.000004872679710388184","0.000004872679710388184"
"1842000","0.000004872679710388184","0.000004872679710388184","0.000004872679710388184"
"1844000","0.000004693865776062012","0.00000451505184173584","0.000004872679710388184"
"1846000","0.000004872679710388184","0.000004872679710388184","0.000004872679710388184"
"1848000","0.000004872679710388184","0.000004872679710388184","0.000004872679710388184"
"1850000","0.000004872679710388184","0.000004872679710388184","0.000004872679710388184"
"1852000","0.000004872679710388184","0.000004872679710388184","0.000004872679710388184"
"1854000","0.000004872679710388184","0.000004872679710388184","0.000004872679710388184"
"1856000","0.000004872679710388184","0.000004872679710388184","0.000004872679710388184"
"1858000","0.000004872679710388184","0.000004872679710388184","0.000004872679710388184"
"1860000","0.000004872679710388184","0.000004872679710388184","0.000004872679710388184"
"1862000","0.000004872679710388184","0.000004872679710388184","0.000004872679710388184"
"1864000","0.000004872679710388184","0.000004872679710388184","0.000004872679710388184"
"1866000","0.000004872679710388184","0.000004872679710388184","0.000004872679710388184"
"1868000","0.000004872679710388184","0.000004872679710388184","0.000004872679710388184"
"1870000","0.000004872679710388184","0.000004872679710388184","0.000004872679710388184"
"1872000","0.000004872679710388184","0.000004872679710388184","0.000004872679710388184"
"1874000","0.000004872679710388184","0.000004872679710388184","0.000004872679710388184"
"1876000","0.000004872679710388184","0.000004872679710388184","0.000004872679710388184"
"1878000","0.000004872679710388184","0.000004872679710388184","0.000004872679710388184"
"1880000","0.000004872679710388184","0.000004872679710388184","0.000004872679710388184"
"1882000","0.000004872679710388184","0.000004872679710388184","0.000004872679710388184"
"1884000","0.000004872679710388184","0.000004872679710388184","0.000004872679710388184"
"1886000","0.000004872679710388184","0.000004872679710388184","0.000004872679710388184"
"1888000","0.000004872679710388184","0.000004872679710388184","0.000004872679710388184"
"1890000","0.000004872679710388184","0.000004872679710388184","0.000004872679710388184"
"1892000","0.000004872679710388184","0.000004872679710388184","0.000004872679710388184"
"1894000","0.000004872679710388184","0.000004872679710388184","0.000004872679710388184"
"1896000","0.000004872679710388184","0.000004872679710388184","0.000004872679710388184"
"1898000","0.000004872679710388184","0.000004872679710388184","0.000004872679710388184"
"1900000","0.000004872679710388184","0.000004872679710388184","0.000004872679710388184"
"1902000","0.000004872679710388184","0.000004872679710388184","0.000004872679710388184"
"1904000","0.000004872679710388184","0.000004872679710388184","0.000004872679710388184"
"1906000","0.000004872679710388184","0.000004872679710388184","0.000004872679710388184"
"1908000","0.000004872679710388184","0.000004872679710388184","0.000004872679710388184"
"1910000","0.000004872679710388184","0.000004872679710388184","0.000004872679710388184"
"1912000","0.000004872679710388184","0.000004872679710388184","0.000004872679710388184"
"1914000","0.000004872679710388184","0.000004872679710388184","0.000004872679710388184"
"1916000","0.000004872679710388184","0.000004872679710388184","0.000004872679710388184"
"1918000","0.000004872679710388184","0.000004872679710388184","0.000004872679710388184"
"1920000","0.000004872679710388184","0.000004872679710388184","0.000004872679710388184"
"1922000","0.000004872679710388184","0.000004872679710388184","0.000004872679710388184"
"1924000","0.000004872679710388184","0.000004872679710388184","0.000004872679710388184"
"1926000","0.000004872679710388184","0.000004872679710388184","0.000004872679710388184"
"1928000","0.000004872679710388184","0.000004872679710388184","0.000004872679710388184"
"1930000","0.000004872679710388184","0.000004872679710388184","0.000004872679710388184"
"1932000","0.000004872679710388184","0.000004872679710388184","0.000004872679710388184"
"1934000","0.000004872679710388184","0.000004872679710388184","0.000004872679710388184"
"1936000","0.000004872679710388184","0.000004872679710388184","0.000004872679710388184"
"1938000","0.000004872679710388184","0.000004872679710388184","0.000004872679710388184"
"1940000","0.000004872679710388184","0.000004872679710388184","0.000004872679710388184"
"1942000","0.000004872679710388184","0.000004872679710388184","0.000004872679710388184"
"1944000","0.000004872679710388184","0.000004872679710388184","0.000004872679710388184"
"1946000","0.000004872679710388184","0.000004872679710388184","0.000004872679710388184"
"1948000","0.000004872679710388184","0.000004872679710388184","0.000004872679710388184"
"1950000","0.000004872679710388184","0.000004872679710388184","0.000004872679710388184"
"1952000","0.000004872679710388184","0.000004872679710388184","0.000004872679710388184"
"1954000","0.000004872679710388184","0.000004872679710388184","0.000004872679710388184"
"1956000","0.000004872679710388184","0.000004872679710388184","0.000004872679710388184"
"1958000","0.000004872679710388184","0.000004872679710388184","0.000004872679710388184"
"1960000","0.000004872679710388184","0.000004872679710388184","0.000004872679710388184"
"1962000","0.000004872679710388184","0.000004872679710388184","0.000004872679710388184"
"1964000","0.000004872679710388184","0.000004872679710388184","0.000004872679710388184"
"1966000","0.000004872679710388184","0.000004872679710388184","0.000004872679710388184"
"1968000","0.000004872679710388184","0.000004872679710388184","0.000004872679710388184"
"1970000","0.000004872679710388184","0.000004872679710388184","0.000004872679710388184"
"1972000","0.000004872679710388184","0.000004872679710388184","0.000004872679710388184"
"1974000","0.000004872679710388184","0.000004872679710388184","0.000004872679710388184"
"1976000","0.000004872679710388184","0.000004872679710388184","0.000004872679710388184"
"1978000","0.000004872679710388184","0.000004872679710388184","0.000004872679710388184"
"1980000","0.000004872679710388184","0.000004872679710388184","0.000004872679710388184"
"1982000","0.000004872679710388184","0.000004872679710388184","0.000004872679710388184"
"1984000","0.000004872679710388184","0.000004872679710388184","0.000004872679710388184"
"1986000","0.000004872679710388184","0.000004872679710388184","0.000004872679710388184"
"1988000","0.000004872679710388184","0.000004872679710388184","0.000004872679710388184"
"1990000","0.000004872679710388184","0.000004872679710388184","0.000004872679710388184"
"1992000","0.000004872679710388184","0.000004872679710388184","0.000004872679710388184"
"1994000","0.000004872679710388184","0.000004872679710388184","0.000004872679710388184"
"1996000","0.000004872679710388184","0.000004872679710388184","0.000004872679710388184"
"1998000","0.000004872679710388184","0.000004872679710388184","0.000004872679710388184"
"2000000","0.000004872679710388184","0.000004872679710388184","0.000004872679710388184"