"Step","Grouped runs - collection/reward/intrinsic_episode_reward_mean","Grouped runs - collection/reward/intrinsic_episode_reward_mean__MIN","Grouped runs - collection/reward/intrinsic_episode_reward_mean__MAX"
"2000","0","0","0"
"4000","1.4648172855377197","0.2562849521636963","2.673349618911743"
"6000","-1.1836084686219692","-2.2717385292053223","-0.09547840803861618"
"8000","0.773736298084259","-0.5057228803634644","2.0531954765319824"
"10000","-0.1441057976335287","-0.26856523752212524","-0.019646357744932175"
"12000","1.1834973692893982","0.5490986108779907","1.8178961277008057"
"14000","-1.735476315021515","-2.4827749729156494","-0.9881776571273804"
"16000","0.5091568529605865","-0.3855188488960266","1.4038325548171997"
"18000","-0.1201278418302536","-0.4030880331993103","0.1628323495388031"
"20000","-0.21561333537101746","-1.0730944871902466","0.6418678164482117"
"22000","0.7120346575975418","0.47788533568382263","0.946183979511261"
"24000","0.8234346210956573","0.5520029664039612","1.0948662757873535"
"26000","0.6769312620162964","0.2991199493408203","1.0547425746917725"
"28000","1.078267127275467","0.6902149319648743","1.4663193225860596"
"30000","0.12103134393692017","-0.4718160629272461","0.7138787508010864"
"32000","-0.12775465101003647","-0.1860366314649582","-0.06947267055511475"
"34000","0.10561039764434099","-0.022525539621710777","0.23374633491039276"
"36000","0.39734575152397156","0.321612685918808","0.47307881712913513"
"38000","0.39002034813165665","0.04487432539463043","0.7351663708686829"
"40000","0.345389649271965","-0.3451860249042511","1.0359653234481812"
"42000","0.19941526651382446","-0.41372156143188477","0.8125520944595337"
"44000","0.10182230174541473","-0.4950900971889496","0.698734700679779"
"46000","0.46584828197956085","0.43463945388793945","0.49705711007118225"
"48000","-0.13685286045074463","-0.6069781184196472","0.33327239751815796"
"50000","-0.14440307766199112","-0.35162773728370667","0.06282158195972443"
"52000","0.742413267493248","0.28043100237846375","1.2043955326080322"
"54000","-0.012790024280548096","-0.4456014037132263","0.4200213551521301"
"56000","-0.3040035218000412","-0.3580305278301239","-0.2499765157699585"
"58000","0.36217959225177765","0.34932082891464233","0.37503835558891296"
"60000","-0.1744920127093792","-0.28711065649986267","-0.06187336891889572"
"62000","0.13323758449405432","-0.020766140893101692","0.2872413098812103"
"64000","0.4024709351360798","0.0914531722664833","0.7134886980056763"
"66000","0.3469342887401581","-0.18598151206970215","0.8798500895500183"
"68000","-0.2639648914337158","-0.39921218156814575","-0.1287176012992859"
"70000","-0.17458457965403795","-0.3270743489265442","-0.022094810381531715"
"72000","-0.11553937569260597","-0.2948538362979889","0.06377508491277695"
"74000","-0.13165553472936153","-0.2982929050922394","0.03498183563351631"
"76000","0.04563166503794491","0.002125887665897608","0.08913744240999222"
"78000","0.23002991825342178","-0.21822862327098846","0.678288459777832"
"80000","0.3667323052941356","0.0003327846643514931","0.7331318259239197"
"82000","-0.6520483493804932","-0.8546884655952454","-0.44940823316574097"
"84000","-0.23611611127853394","-0.27923518419265747","-0.1929970383644104"
"86000","-0.09407247602939606","-0.4359969198703766","0.24785196781158447"
"88000","-0.19761125463992357","-0.41229963302612305","0.017077123746275902"
"90000","-0.38991911709308624","-0.7446627616882324","-0.035175472497940063"
"92000","0.37579774856567383","-0.08374565839767456","0.8353411555290222"
"94000","-0.13843514397740364","-0.3661448657512665","0.0892745777964592"
"96000","0.7522910535335541","0.3754642605781555","1.1291178464889526"
"98000","0.7048177123069763","0.6570764780044556","0.7525589466094971"
"100000","0.03434792160987854","-0.15087482333183289","0.21957066655158997"
"102000","-0.5966068804264069","-0.6718325018882751","-0.5213812589645386"
"104000","0.8341642171144485","0.49848976731300354","1.1698386669158936"
"106000","0.5034731030464172","0.3880864381790161","0.6188597679138184"
"108000","0.133412076625973","-0.00571304839104414","0.2725372016429901"
"110000","-0.01159679889678955","-0.3585096001625061","0.335316002368927"
"112000","-0.22940866649150848","-0.6095834970474243","0.15076616406440735"
"114000","-0.23039588332176208","-0.258922278881073","-0.20186948776245117"
"116000","0.0634944885969162","-0.2633792757987976","0.39036825299263"
"118000","0.49417994543910027","0.12106814235448837","0.8672917485237122"
"120000","0.06616847589612007","-0.08700472861528397","0.2193416804075241"
"122000","-0.5119143128395081","-1.1858266592025757","0.16199803352355957"
"124000","0.16130844503641129","0.12818625569343567","0.1944306343793869"
"126000","0.7058554738759995","0.2658937871456146","1.1458171606063843"
"128000","-0.1003650538623333","-0.18127402663230896","-0.019456081092357635"
"130000","-0.48597031831741333","-0.6260284185409546","-0.34591221809387207"
"132000","-0.03994801640510559","-0.5112923383712769","0.4313963055610657"
"134000","0.5767275914549828","-0.15663082897663116","1.3100860118865967"
"136000","-0.372356653213501","-0.555249810218811","-0.18946349620819092"
"138000","-0.16376561485230923","-0.38692206144332886","0.0593908317387104"
"140000","0.008549682796001434","-0.22580663859844208","0.24290600419044495"
"142000","-0.013718629255890846","-0.05973253399133682","0.03229527547955513"
"144000","0.3666740879416466","0.06457500159740448","0.6687731742858887"
"146000","-0.021896719932556152","-0.619799017906189","0.5760055780410767"
"148000","0.2965441979467869","-0.04851203411817551","0.6416004300117493"
"150000","0.32873816788196564","0.17373475432395935","0.4837415814399719"
"152000","-0.10055941343307495","-0.6938091516494751","0.4926903247833252"
"154000","0.21498702839016914","-0.11423792690038681","0.5442119836807251"
"156000","0.6541013196110725","0.18513132631778717","1.123071312904358"
"158000","0.00331888347864151","-0.05086786299943924","0.05750562995672226"
"160000","0.2911163717508316","-0.13062772154808044","0.7128604650497437"
"162000","0.4876747727394104","0.32872867584228516","0.6466208696365356"
"164000","0.25874367356300354","0.12689581513404846","0.3905915319919586"
"166000","0.6244955658912659","0.5043478012084961","0.7446433305740356"
"168000","0.42524001002311707","0.23341310024261475","0.6170669198036194"
"170000","0.24309669062495232","-0.10757062584161758","0.5937640070915222"
"172000","-0.6672515273094177","-1.081605315208435","-0.2528977394104004"
"174000","0.15444772690534592","0.15392227470874786","0.15497317910194397"
"176000","-0.015622690320014954","-0.475724458694458","0.4444790780544281"
"178000","-0.384076077491045","-0.6840260028839111","-0.08412615209817886"
"180000","-0.18786557018756866","-0.5220927000045776","0.1463615596294403"
"182000","0.46160484477877617","0.09721197932958603","0.8259977102279663"
"184000","0.05946716759353876","-0.00852462463080883","0.12745895981788635"
"186000","-0.12939567863941193","-0.353203147649765","0.09441179037094116"
"188000","-0.015045970678329468","-0.3915107250213623","0.36141878366470337"
"190000","0.3401474878191948","0.21934513747692108","0.4609498381614685"
"192000","-0.3327375799417496","-0.4099854528903961","-0.255489706993103"
"194000","-0.5482759326696396","-0.7481049299240112","-0.34844693541526794"
"196000","-0.1692803695332259","-0.34576788544654846","0.007207146380096674"
"198000","-0.07837797701358795","-0.39277249574661255","0.23601654171943665"
"200000","0.21960456110537052","0.05940907076001167","0.37980005145072937"
"202000","0.30510880053043365","0.3039073646068573","0.30631023645401"
"204000","0.0099993497133255","-0.2584555745124817","0.2784542739391327"
"206000","-0.7983823120594025","-0.9053483009338379","-0.691416323184967"
"208000","0.36928259767591953","0.056947339326143265","0.6816178560256958"
"210000","-0.3048720881342888","-0.6914505958557129","0.08170641958713531"
"212000","-0.04622006416320801","-0.4702676236629486","0.3778274953365326"
"214000","0.06000630557537079","-0.24111780524253845","0.36113041639328003"
"216000","0.2151096910238266","-0.19393357634544373","0.6241529583930969"
"218000","0.1393088847398758","-0.35472020506858826","0.6333379745483398"
"220000","0.12155289575457573","-0.06786421686410904","0.3109700083732605"
"222000","-0.23453855514526367","-0.7238160967826843","0.254738986492157"
"224000","-0.04404795914888382","-0.12384180724620819","0.03574588894844055"
"226000","0.05877210199832916","-0.27385836839675903","0.39140257239341736"
"228000","0.24754658341407776","-0.534393846988678","1.0294870138168335"
"230000","-0.010525867342948914","-0.2169143408536911","0.19586260616779327"
"232000","0.4025810584425926","0.1227182000875473","0.6824439167976379"
"234000","-0.5504216253757477","-0.8006906509399414","-0.30015259981155396"
"236000","-0.042612090706825256","-0.4734419286251068","0.3882177472114563"
"238000","-0.10026431083679199","-0.22950291633605957","0.028974294662475586"
"240000","0.13378284499049187","-0.062467433512210846","0.3300331234931946"
"242000","-0.35206151753664017","-0.5828629732131958","-0.12126006186008453"
"244000","0.17236679792404175","0.07789739966392517","0.2668361961841583"
"246000","0.17971718683838844","-0.10450109094381332","0.4639354646205902"
"248000","-0.3667328506708145","-1.005379319190979","0.27191361784935"
"250000","-0.2646569162607193","-0.6649852991104126","0.135671466588974"
"252000","0.44456179440021515","0.4195200502872467","0.4696035385131836"
"254000","0.4793505221605301","0.18240997195243835","0.7762910723686218"
"256000","-0.0918487161397934","-0.24813143908977509","0.0644340068101883"
"258000","0.6220215708017349","0.3982910215854645","0.8457521200180054"
"260000","-0.04492572322487831","-0.1581605225801468","0.06830907613039017"
"262000","-0.3500208705663681","-0.4298996329307556","-0.2701421082019806"
"264000","-0.15730003640055656","-0.4009195864200592","0.08631951361894608"
"266000","0.29499373584985733","0.06261827051639557","0.5273692011833191"
"268000","0.3674999102950096","0.12941740453243256","0.6055824160575867"
"270000","0.36498676985502243","0.11688791215419769","0.6130856275558472"
"272000","-0.036667026579380035","-0.21418753266334534","0.14085347950458527"
"274000","-0.035835690796375275","-0.31132620573043823","0.23965482413768768"
"276000","0.5320920944213867","0.506331741809845","0.5578524470329285"
"278000","0.5744441151618958","0.5262731313705444","0.6226150989532471"
"280000","-0.05457666888833046","-0.05822226405143738","-0.05093107372522354"
"282000","-0.2819651588797569","-0.6751797795295715","0.11124946177005768"
"284000","-0.26511334627866745","-0.6234699487686157","0.09324325621128082"
"286000","0.22845010459423065","0.10549157857894897","0.35140863060951233"
"288000","-0.5200304798781872","-0.9747709035873413","-0.06529005616903305"
"290000","0.36534640192985535","-0.30181604623794556","1.0325088500976562"
"292000","0.30940331891179085","-0.1098346933722496","0.7286413311958313"
"294000","0.017382845282554626","-0.42187532782554626","0.4566410183906555"
"296000","-0.47014688700437546","-0.6907922625541687","-0.24950151145458221"
"298000","-0.2877770811319351","-0.4320327639579773","-0.14352139830589294"
"300000","0.08574428409337997","-0.12103648483753204","0.292525053024292"
"302000","0.22462983429431915","-0.16905471682548523","0.6183143854141235"
"304000","0.4546974301338196","-0.5436254739761353","1.4530203342437744"
"306000","-0.16958995163440704","-0.5683436393737793","0.2291637361049652"
"308000","0.4298342168331146","0.3683099150657654","0.49135851860046387"
"310000","0.1751580536365509","-0.3891739845275879","0.7394900918006897"
"312000","0.33989251405000687","0.09357614815235138","0.5862088799476624"
"314000","0.8087537586688995","0.5811756253242493","1.0363318920135498"
"316000","0.020192638039588928","-0.31099656224250793","0.3513818383216858"
"318000","0.2825422137975693","0.21147438883781433","0.3536100387573242"
"320000","0.631809264421463","0.6247507929801941","0.6388677358627319"
"322000","0.3321656137704849","0.2920946478843689","0.37223657965660095"
"324000","-0.028621092438697815","-0.31486645340919495","0.2576242685317993"
"326000","0.4375578612089157","-0.3838862478733063","1.2590019702911377"
"328000","0.5186391621828079","0.412881463766098","0.6243968605995178"
"330000","0.6764261722564697","0.4713921546936035","0.8814601898193359"
"332000","0.05911937355995178","-0.7588292956352234","0.877068042755127"
"334000","0.11638994514942169","-0.3960551917552948","0.6288350820541382"
"336000","0.3737242668867111","0.3735255300998688","0.37392300367355347"
"338000","-0.10158419609069824","-0.7606390714645386","0.5574706792831421"
"340000","-0.001180022954940796","-0.5426766276359558","0.5403165817260742"
"342000","0.6915101110935211","0.2950196862220764","1.0880005359649658"
"344000","-0.1725103035569191","-0.42460769414901733","0.07958708703517914"
"346000","0.128178671002388","-0.3668457567691803","0.6232030987739563"
"348000","-0.4394115209579468","-0.6191186904907227","-0.2597043514251709"
"350000","-0.08097998797893524","-0.41596779227256775","0.25400781631469727"
"352000","0.5922567695379257","0.2208283245563507","0.9636852145195007"
"354000","0.1755964681506157","0.07001756131649017","0.2811753749847412"
"356000","0.5878573879599571","0.18384943902492523","0.991865336894989"
"358000","-0.370109923183918","-0.520976722240448","-0.219243124127388"
"360000","0.22380410134792328","0.2008458822965622","0.24676232039928436"
"362000","-0.06370061822235584","-0.09735388308763504","-0.030047353357076645"
"364000","-0.23436609655618668","-0.6553001999855042","0.1865680068731308"
"366000","0.1809229701757431","-0.18143239617347717","0.5432783365249634"
"368000","0.5141901820898056","0.25215116143226624","0.776229202747345"
"370000","-0.7061355262994766","-1.2863153219223022","-0.125955730676651"
"372000","-0.24361566081643105","-0.41449302434921265","-0.07273829728364944"
"374000","0.6789040863513947","0.6009270548820496","0.7568811178207397"
"376000","0.22832006216049194","-0.12528252601623535","0.5819226503372192"
"378000","0.28932324051856995","-0.4018365740776062","0.9804830551147461"
"380000","0.24612336605787277","0.06475822627544403","0.4274885058403015"
"382000","0.5078636556863785","0.2611021101474762","0.7546252012252808"
"384000","0.09715859405696392","0.03530673310160637","0.15901045501232147"
"386000","0.2773457169532776","0.2734150290489197","0.2812764048576355"
"388000","0.4385007352102548","0.006032830569893122","0.8709686398506165"
"390000","0.09808938205242157","-0.470892995595932","0.6670717597007751"
"392000","0.1342538595199585","0.08990025520324707","0.17860746383666992"
"394000","-0.08688364364206791","-0.1818830817937851","0.008115794509649277"
"396000","0.20943129062652588","0.12604883313179016","0.2928137481212616"
"398000","-0.16001209616661072","-0.7211205363273621","0.4010963439941406"
"400000","0.236434917896986","-0.03311983495950699","0.505989670753479"
"402000","0.560594230890274","0.36899620294570923","0.7521922588348389"
"404000","0.331649174913764","0.03279821202158928","0.6305001378059387"
"406000","0.2988587096333504","-0.11080972850322723","0.708527147769928"
"408000","-0.25311141461133957","-0.3744480013847351","-0.13177482783794403"
"410000","-0.042323529720306396","-0.41551265120506287","0.3308655917644501"
"412000","0.3492659032344818","0.07894998788833618","0.6195818185806274"
"414000","-0.14563661813735962","-0.1503053456544876","-0.14096789062023163"
"416000","-0.15194786339998245","-0.436411052942276","0.1325153261423111"
"418000","0.9030108749866486","0.7015803456306458","1.1044414043426514"
"420000","0.5046583265066147","0.4990345537662506","0.5102820992469788"
"422000","0.862051896750927","0.12843774259090424","1.5956660509109497"
"424000","0.4161091595888138","0.3591592311859131","0.4730590879917145"
"426000","0.5299005024135113","-0.11226329952478409","1.1720643043518066"
"428000","0.3717566877603531","0.35517486929893494","0.38833850622177124"
"430000","-0.12984830141067505","-0.4332807958126068","0.1735841929912567"
"432000","0.66842220723629","0.13267061114311218","1.2041738033294678"
"434000","-0.30495548248291016","-1.000130534172058","0.3902195692062378"
"436000","0.03746660053730011","-0.29339486360549927","0.3683280646800995"
"438000","0.2924674153327942","-0.19197940826416016","0.7769142389297485"
"440000","-0.29666417837142944","-0.806520938873291","0.21319258213043213"
"442000","0.5469734370708466","-0.37894731760025024","1.4728941917419434"
"444000","-0.04579765349626541","-0.24790208041667938","0.15630677342414856"
"446000","0.11368613317608833","-0.09235747903585434","0.319729745388031"
"448000","0.0013074204325675964","-0.14870816469192505","0.15132300555706024"
"450000","-0.09635233879089355","-0.9511364698410034","0.7584317922592163"
"452000","-0.4070771187543869","-0.4365622401237488","-0.377591997385025"
"454000","0.47751477360725403","-0.2896283268928528","1.2446578741073608"
"456000","0.04944834113121033","-0.5566498637199402","0.6555465459823608"
"458000","0.09011563938111067","-0.02750643528997898","0.20773771405220032"
"460000","0.8132977783679962","0.3857554793357849","1.2408400774002075"
"462000","-0.14494361355900764","-0.3536837697029114","0.06379654258489609"
"464000","0.1655285507440567","-0.09323513507843018","0.4242922365665436"
"466000","0.4498804211616516","-0.12678897380828857","1.0265498161315918"
"468000","0.4621836729347706","0.031696416437625885","0.8926709294319153"
"470000","0.478302538394928","0.434110164642334","0.522494912147522"
"472000","0.07810484920628369","-0.0040801106952130795","0.16028980910778046"
"474000","0.36081045935861766","0.002190233673900366","0.719430685043335"
"476000","0.1800401248037815","0.06973583251237869","0.2903444170951843"
"478000","0.2528425008058548","-0.1984322965145111","0.7041172981262207"
"480000","0.2951932903379202","-0.04482148960232735","0.6352080702781677"
"482000","0.4969632811844349","0.06488517671823502","0.9290413856506348"
"484000","0.25940679386258125","-0.09631403535604477","0.6151276230812073"
"486000","0.19550999999046326","0.08081898093223572","0.3102010190486908"
"488000","0.4288885071873665","0.11027403175830841","0.7475029826164246"
"490000","-0.8190995268523693","-1.5995973348617554","-0.038601718842983246"
"492000","-0.13013669662177563","-0.2818089723587036","0.02153557911515236"
"494000","-0.03927649185061455","-0.19404254853725433","0.11548956483602524"
"496000","-0.38588488660752773","-0.7144275307655334","-0.05734224244952202"
"498000","0.3033091612160206","-0.10935463756322861","0.7159729599952698"
"500000","0.36377449333667755","0.27841565012931824","0.44913333654403687"
"502000","-0.20609965920448303","-0.9598610997200012","0.5476617813110352"
"504000","0.3027098923921585","0.14163169264793396","0.46378809213638306"
"506000","0.10215712711215019","-0.10607055574655533","0.3103848099708557"
"508000","0.26383689045906067","-0.26620882749557495","0.7938826084136963"
"510000","-0.05727374227717519","-0.12332453578710556","0.008777051232755184"
"512000","-0.4097259119153023","-0.6880182027816772","-0.1314336210489273"
"514000","0.10215592384338379","-0.24386191368103027","0.44817376136779785"
"516000","0.13397735357284546","-0.7662261724472046","1.0341808795928955"
"518000","0.4141746163368225","0.2823444604873657","0.5460047721862793"
"520000","0.34902672469615936","-0.31153979897499084","1.0095932483673096"
"522000","0.012717977166175842","-0.31271880865097046","0.33815476298332214"
"524000","0.3091377913951874","0.10575133562088013","0.5125242471694946"
"526000","-0.13946104049682617","-0.8545650243759155","0.5756429433822632"
"528000","0.04040326178073883","-0.18686068058013916","0.2676672041416168"
"530000","0.39480841904878616","-0.09724180400371552","0.8868586421012878"
"532000","0.010548040270805359","-0.1802966594696045","0.2013927400112152"
"534000","0.2091939114034176","0.04789542406797409","0.3704923987388611"
"536000","0.16230398882180452","-0.014947107061743736","0.3395550847053528"
"538000","0.15133236348628998","0.11713461577892303","0.18553011119365692"
"540000","0.23420058377087116","0.04515114799141884","0.4232500195503235"
"542000","-0.36395081877708435","-0.6072806715965271","-0.1206209659576416"
"544000","0.08131365664303303","0.045055221766233444","0.11757209151983261"
"546000","-0.4365200400352478","-0.8058028221130371","-0.0672372579574585"
"548000","-0.3746006116271019","-0.5184328556060791","-0.2307683676481247"
"550000","-0.38985657691955566","-1.2182044982910156","0.4384913444519043"
"552000","0.11336037516593933","-0.29505372047424316","0.5217744708061218"
"554000","0.4155738353729248","0.15324640274047852","0.6779012680053711"
"556000","0.04098448157310486","-0.5054172873497009","0.5873862504959106"
"558000","-0.1048889933153987","-0.23589777946472168","0.026119792833924294"
"560000","0.5489575564861298","0.3543160557746887","0.7435990571975708"
"562000","-0.01865886803716421","-0.06425439566373825","0.026936659589409828"
"564000","0.24221953749656677","0.09499996900558472","0.38943910598754883"
"566000","0.2776458263397217","0.19627854228019714","0.3590131103992462"
"568000","0.3221282884478569","0.16263584792613983","0.481620728969574"
"570000","-0.26723504066467285","-0.4032360911369324","-0.13123399019241333"
"572000","0.5977507829666138","0.298894464969635","0.8966071009635925"
"574000","1.490946888923645","1.0402487516403198","1.9416450262069702"
"576000","1.0708816051483154","0.6095525026321411","1.5322107076644897"
"578000","0.15357369929552078","0.0017504841089248657","0.3053969144821167"
"580000","-0.043510280549526215","-0.1505071222782135","0.06348656117916107"
"582000","-0.11865319311618805","-0.6695326566696167","0.4322262704372406"
"584000","0.3766674306243658","0.029264431446790695","0.7240704298019409"
"586000","0.27816448360681534","-0.12154166400432587","0.6778706312179565"
"588000","0.29246535897254944","-0.7269123196601868","1.3118430376052856"
"590000","0.22761768102645874","0.21232745051383972","0.24290791153907776"
"592000","-0.24685504846274853","-0.5166276693344116","0.022917572408914566"
"594000","-0.15438325703144073","-0.17485693097114563","-0.13390958309173584"
"596000","-0.15107125043869019","-0.6406031847000122","0.33846068382263184"
"598000","0.24018394574522972","-0.03629768639802933","0.5166655778884888"
"600000","0.6558643281459808","0.40746980905532837","0.9042588472366333"
"602000","0.46994566917419434","0.447104275226593","0.49278706312179565"
"604000","-0.3230203539133072","-0.384279727935791","-0.26176097989082336"
"606000","0.6935909390449524","0.4345848560333252","0.9525970220565796"
"608000","-0.06164475530385971","-0.23772725462913513","0.11443774402141571"
"610000","0.2562580220401287","0.09349053353071213","0.4190255105495453"
"612000","-0.3318570405244827","-0.37994056940078735","-0.2837735116481781"
"614000","1.123198926448822","0.5815768241882324","1.6648210287094116"
"616000","0.2416572868824005","0.22744131088256836","0.25587326288223267"
"618000","-0.030102640390396118","-0.7884759902954102","0.7282707095146179"
"620000","0.16969821974635124","-0.05394182354211807","0.39333826303482056"
"622000","0.6627647280693054","0.21650350093841553","1.1090259552001953"
"624000","0.04709278326481581","-0.030680635944008827","0.12486620247364044"
"626000","0.7089860588312149","0.4861334264278412","0.9318386912345886"
"628000","0.08738698810338974","-0.12232787907123566","0.29710185527801514"
"630000","-0.04272836446762085","-0.35402196645736694","0.26856523752212524"
"632000","-0.4252571761608124","-0.4346262812614441","-0.41588807106018066"
"634000","0.12849682848900557","-0.025164419785141945","0.2821580767631531"
"636000","0.2841428816318512","-0.009479224681854248","0.5777649879455566"
"638000","0.38769154995679855","0.13273636996746063","0.6426467299461365"
"640000","0.7127429693937302","0.41090211272239685","1.0145838260650635"
"642000","0.08114354498684406","-0.047150637954473495","0.20943772792816162"
"644000","-0.017023323103785515","-0.09647734463214874","0.06243069842457771"
"646000","0.5213394910097122","0.3201790153980255","0.7224999666213989"
"648000","0.17083817161619663","0.047206927090883255","0.29446941614151"
"650000","0.06003695726394653","-0.2824348211288452","0.4025087356567383"
"652000","0.037475407123565674","-0.3151669204235077","0.39011773467063904"
"654000","0.46809981763362885","0.21805772185325623","0.7181419134140015"
"656000","0.14408546686172485","-0.2858140468597412","0.5739849805831909"
"658000","1.1029221713542938","0.7328563332557678","1.4729880094528198"
"660000","0.9083470553159714","0.4445992410182953","1.3720948696136475"
"662000","0.07605425268411636","-0.24730651080608368","0.3994150161743164"
"664000","0.28193026781082153","0.029311001300811768","0.5345495343208313"
"666000","-0.42184190172702074","-0.8130440711975098","-0.030639732256531715"
"668000","-0.2386445263400674","-0.48930320143699646","0.012014148756861687"
"670000","-0.38917046785354614","-0.4681641161441803","-0.310176819562912"
"672000","0.3472272753715515","-0.05493950843811035","0.7493940591812134"
"674000","0.21962634287774563","0.05475200340151787","0.3845006823539734"
"676000","0.39548832178115845","0.2788240313529968","0.5121526122093201"
"678000","-0.3082440048456192","-0.6745387315750122","0.058050721883773804"
"680000","-0.2930162623524666","-0.8177635073661804","0.23173098266124725"
"682000","0.22267994284629822","0.1689232885837555","0.27643659710884094"
"684000","0.5279264599084854","0.3995799124240875","0.6562730073928833"
"686000","-0.25449559837579727","-0.7213417291641235","0.212350532412529"
"688000","-0.1082027293741703","-0.12248369306325912","-0.09392176568508148"
"690000","0.014050863683223724","-0.13265690207481384","0.1607586294412613"
"692000","-0.15583598613739014","-0.23729963600635529","-0.07437233626842499"
"694000","-0.09924556314945221","-0.4901124835014343","0.2916213572025299"
"696000","0.7694850862026215","0.6144172549247742","0.9245529174804688"
"698000","0.2189626768231392","0.14547987282276154","0.29244548082351685"
"700000","0.05153327435255051","-0.16530092060565948","0.2683674693107605"
"702000","-0.033059217035770416","-0.16978168487548828","0.10366325080394745"
"704000","-0.3085735961794853","-0.3861079812049866","-0.23103921115398407"
"706000","0.2537637874484062","0.21972541511058807","0.28780215978622437"
"708000","0.2503764256834984","0.07322035729885101","0.42753249406814575"
"710000","0.09106037020683289","-0.4672321677207947","0.6493529081344604"
"712000","0.42704704555217177","-0.002200719667598605","0.8562948107719421"
"714000","0.5155862346291542","0.15072621405124664","0.8804462552070618"
"716000","0.693891167640686","0.6784714460372925","0.7093108892440796"
"718000","-0.725764274597168","-0.9480058550834656","-0.5035226941108704"
"720000","-0.47718366980552673","-1.3049275875091553","0.3505602478981018"
"722000","0.30556589365005493","0.25706106424331665","0.3540707230567932"
"724000","0.7065717577934265","0.6704514622688293","0.7426920533180237"
"726000","-0.3581286408007145","-0.6484934687614441","-0.0677638128399849"
"728000","-0.20366394519805908","-0.664906919002533","0.2575790286064148"
"730000","-0.11270836438052356","-0.2285727560520172","0.003156027290970087"
"732000","0.39759716391563416","0.304914653301239","0.4902796745300293"
"734000","0.03914618492126465","-0.13934536278247833","0.21763773262500763"
"736000","-0.07158401608467102","-0.3465896248817444","0.20342159271240234"
"738000","0.4128251150250435","-0.1250651329755783","0.9507153630256653"
"740000","-0.06349332630634308","-0.351315975189209","0.22432932257652283"
"742000","-0.2790394928306341","-0.5387259721755981","-0.01935301348567009"
"744000","-0.26341066509485245","-0.5933520793914795","0.0665307492017746"
"746000","-0.04044079268351197","-0.07504669576883316","-0.0058348895981907845"
"748000","0.17274457775056362","-0.06117655709385872","0.40666571259498596"
"750000","0.1520526260137558","0.1510910987854004","0.1530141532421112"
"752000","0.34650395810604095","-0.16567441821098328","0.8586823344230652"
"754000","0.14644687622785568","-0.10407324135303497","0.39696699380874634"
"756000","-0.23414995893836021","-0.4014762043952942","-0.06682371348142624"
"758000","0.4064779579639435","0.07475399971008301","0.738201916217804"
"760000","0.5425899922847748","0.2333507537841797","0.8518292307853699"
"762000","-0.04091109335422516","-0.1654777079820633","0.08365552127361298"
"764000","0.0192410321906209","0.005849963054060936","0.03263210132718086"
"766000","0.9985796213150024","0.5027670860290527","1.4943921566009521"
"768000","-0.021196410059928894","-0.3619481921195984","0.3195553719997406"
"770000","0.12580929696559906","-0.352463036775589","0.6040816307067871"
"772000","0.12316729276790284","-0.0005174100515432656","0.24685199558734894"
"774000","-0.2801605835556984","-0.6315611600875854","0.07123999297618866"
"776000","0.15724031627178192","-0.24898281693458557","0.5634634494781494"
"778000","0.797944039106369","0.40403634309768677","1.1918517351150513"
"780000","-0.004906550049781799","-0.1181153804063797","0.1083022803068161"
"782000","0.28094007074832916","-0.24808606505393982","0.8099662065505981"
"784000","0.701178640127182","0.3939332365989685","1.0084240436553955"
"786000","0.5419362038373947","0.4238506257534027","0.6600217819213867"
"788000","0.12628621235489845","0.032038427889347076","0.22053399682044983"
"790000","-0.004367675632238388","-0.057409338653087616","0.04867398738861084"
"792000","-0.403812050819397","-0.5166684985160828","-0.2909556031227112"
"794000","0.057535380125045776","-0.06203508377075195","0.1771058440208435"
"796000","0.372976653277874","-0.09223438799381256","0.8381876945495605"
"798000","-0.1736025158315897","-0.3814864754676819","0.03428144380450249"
"800000","-0.08842799812555313","-0.3171391487121582","0.14028315246105194"
"802000","0.15771439671516418","-0.16630229353904724","0.4817310869693756"
"804000","0.1718784123659134","-0.38583502173423767","0.7295918464660645"
"806000","0.6937830224633217","0.14182205498218536","1.245743989944458"
"808000","-0.03317645192146301","-0.1673935055732727","0.10104060173034668"
"810000","0.75334532558918","0.2226816713809967","1.2840089797973633"
"812000","0.09470493718981743","-0.051558978855609894","0.24096885323524475"
"814000","0.40900682657957077","0.1824815720319748","0.6355320811271667"
"816000","0.16643176227808","0.07319225370883942","0.25967127084732056"
"818000","-0.14917047694325447","-0.22707247734069824","-0.0712684765458107"
"820000","-0.09533926099538803","-0.3072333335876465","0.11655481159687042"
"822000","0.517030268907547","0.28055649995803833","0.7535040378570557"
"824000","0.08175984025001526","-0.14281389117240906","0.3063335716724396"
"826000","-0.8050778955221176","-1.7481234073638916","0.13796761631965637"
"828000","0.020741276443004608","-0.18676625192165375","0.22824880480766296"
"830000","0.26322110928595066","0.045614320784807205","0.4808278977870941"
"832000","-0.0808123592287302","-0.14164957404136658","-0.019975144416093826"
"834000","0.14120559766888618","-0.08116241544485092","0.3635736107826233"
"836000","0.2459598509594798","0.026412999257445335","0.4655067026615143"
"838000","0.43907321989536285","-0.3213740289211273","1.199520468711853"
"840000","0.21356726437807083","0.21179132163524628","0.21534320712089539"
"842000","0.164955735206604","-0.43358415365219116","0.7634956240653992"
"844000","-0.18395066261291504","-0.3021469712257385","-0.06575435400009155"
"846000","0.334114208817482","0.19044122099876404","0.47778719663619995"
"848000","0.25215989351272583","0.1718461811542511","0.33247360587120056"
"850000","-0.32074786722660065","-0.33555254340171814","-0.30594319105148315"
"852000","0.17163057625293732","-0.24248144030570984","0.5857425928115845"
"854000","0.3741423338651657","0.3585948050022125","0.3896898627281189"
"856000","0.48414528369903564","0.334866464138031","0.6334241032600403"
"858000","0.24404986947774887","-0.23635347187519073","0.7244532108306885"
"860000","-0.020080000162124634","-0.26907557249069214","0.22891557216644287"
"862000","-0.0772523432970047","-0.6349890828132629","0.48048439621925354"
"864000","0.20272150356322527","-0.02624872885644436","0.4316917359828949"
"866000","-0.2003942087176256","-0.40270543098449707","0.001917013549245894"
"868000","-0.06221698224544525","-0.611341118812561","0.48690715432167053"
"870000","0.08128771185874939","-0.38826054334640503","0.5508359670639038"
"872000","-0.07612186670303345","-0.07620545476675034","-0.07603827863931656"
"874000","0.23908966034650803","0.1631431132555008","0.31503620743751526"
"876000","0.3312832594383508","0.00482521066442132","0.6577413082122803"
"878000","0.3664117753505707","0.35010284185409546","0.3827207088470459"
"880000","0.2241855263710022","-0.15183615684509277","0.6002072095870972"
"882000","-0.21637850254774094","-0.2693708539009094","-0.16338615119457245"
"884000","-0.37079669535160065","-0.39959871768951416","-0.34199467301368713"
"886000","0.28724074363708496","-0.31400424242019653","0.8884857296943665"
"888000","0.0899575762450695","-0.056080617010593414","0.23599576950073242"
"890000","0.13727840408682823","0.11960818618535995","0.1549486219882965"
"892000","-0.048153266310691833","-0.33360224962234497","0.2372957170009613"
"894000","-0.23490865528583527","-0.32499033212661743","-0.1448269784450531"
"896000","0.03927756566554308","-0.008436618372797966","0.08699174970388412"
"898000","-0.10535627044737339","-0.24674728512763977","0.03603474423289299"
"900000","0.2917269915342331","0.2884676456451416","0.2949863374233246"
"902000","0.25234661996364594","0.16671815514564514","0.33797508478164673"
"904000","0.15574184618890285","-0.020501215010881424","0.33198490738868713"
"906000","0.29558609053492546","-0.057307519018650055","0.648479700088501"
"908000","-0.050261639058589935","-0.329545259475708","0.22902198135852814"
"910000","-0.1187741500325501","-0.24343495070934296","0.0058866506442427635"
"912000","-0.4439430981874466","-0.6985608339309692","-0.18932536244392395"
"914000","0.3195355050265789","0.11389454454183578","0.525176465511322"
"916000","0.2055143564939499","-0.2319495975971222","0.642978310585022"
"918000","-0.25268382392823696","-0.4552074372768402","-0.05016021057963371"
"920000","-0.12807243317365646","-0.1292797178030014","-0.12686514854431152"
"922000","0.12465234845876694","-0.18047364056110382","0.4297783374786377"
"924000","0.5459789037704468","0.2898648977279663","0.8020929098129272"
"926000","0.23996651917696","0.15341384708881378","0.3265191912651062"
"928000","-0.06956371665000916","-0.34821411967277527","0.20908668637275696"
"930000","0.059984415769577026","-0.7596997022628784","0.8796685338020325"
"932000","0.0153052918612957","-0.07547800987958908","0.10608859360218048"
"934000","0.040565669536590576","-0.9548105001449585","1.0359418392181396"
"936000","0.19402946904301643","0.007518567144870758","0.3805403709411621"
"938000","0.7968912422657013","0.4756004214286804","1.1181820631027222"
"940000","-0.30045065749436617","-0.5843892097473145","-0.016512105241417885"
"942000","0.01570100337266922","-0.07289272546768188","0.10429473221302032"
"944000","0.4489118121564388","0.06642787903547287","0.8313957452774048"
"946000","-0.26367704570293427","-0.60381019115448","0.07645609974861145"
"948000","-0.383470818400383","-0.4959515631198883","-0.2709900736808777"
"950000","0.5263300091028214","0.4588419497013092","0.5938180685043335"
"952000","0.12454719375818968","0.024566149339079857","0.2245282381772995"
"954000","-0.226517790928483","-0.5143483877182007","0.061312805861234665"
"956000","-0.03548048436641693","-0.13847783207893372","0.06751686334609985"
"958000","0.06159355491399765","-0.13580255210399628","0.2589896619319916"
"960000","0.011113010346889496","-0.19339115917682648","0.21561717987060547"
"962000","-0.12578845396637917","-0.19910189509391785","-0.052475012838840485"
"964000","-0.015745513141155243","-0.2796534597873688","0.2481624335050583"
"966000","0.12500257417559624","0.06766679137945175","0.18233835697174072"
"968000","0.15034397318959236","-0.06764676421880722","0.36833471059799194"
"970000","0.11329651810228825","-0.06112591549754143","0.2877189517021179"
"972000","0.03447212930768728","-0.018483782187104225","0.08742804080247879"
"974000","-0.22924312949180603","-0.6295106410980225","0.1710243821144104"
"976000","-0.045011006295681","-0.11297223716974258","0.022950224578380585"
"978000","0.2395101636648178","0.05622437596321106","0.42279595136642456"
"980000","0.18162566423416138","0.16502448916435242","0.19822683930397034"
"982000","-0.34158743917942047","-0.5089970827102661","-0.17417779564857483"
"984000","-0.5890375524759293","-0.6993652582168579","-0.4787098467350006"
"986000","0.20789004862308502","-0.2797940671443939","0.695574164390564"
"988000","-0.0402272492647171","-0.3007562756538391","0.2203017771244049"
"990000","0.08908111415803432","0.05479078367352486","0.12337144464254379"
"992000","-0.2641771137714386","-0.30448979139328003","-0.22386443614959717"
"994000","-0.2842017710208893","-0.41103339195251465","-0.15737015008926392"
"996000","-0.3813692256808281","-0.6487537622451782","-0.11398468911647797"
"998000","0.0032518133521080017","-0.2002975195646286","0.2068011462688446"
"1000000","-0.01636508945375681","-0.023800771683454514","-0.008929407224059105"
"1002000","0.16451909579336643","0.03036566451191902","0.29867252707481384"
"1004000","0.5289715528488159","0.34735822677612305","0.7105848789215088"
"1006000","-0.17056804988533258","-0.35294947028160095","0.011813370510935783"
"1008000","-0.09393310546875","-0.8064624667167664","0.6185962557792664"
"1010000","0.1413021683692932","-0.2525346279144287","0.5351389646530151"
"1012000","-0.14700886607170105","-0.4284938871860504","0.13447615504264832"
"1014000","0.07511995732784271","-0.006428852677345276","0.1566687673330307"
"1016000","0.1972285434603691","0.18672889471054077","0.20772819221019745"
"1018000","-0.5731555023230612","-1.1604893207550049","0.014178316108882427"
"1020000","-0.23076490312814713","-0.23133471608161926","-0.230195090174675"
"1022000","0.09961003065109253","-0.19570118188858032","0.3949212431907654"
"1024000","0.3758769780397415","-0.19449332356452942","0.9462472796440125"
"1026000","0.36331354081630707","0.1687285602092743","0.5578985214233398"
"1028000","0.21362769603729248","-0.47260308265686035","0.8998584747314453"
"1030000","-0.06715712510049343","-0.10606809705495834","-0.02824615314602852"
"1032000","0.33087754994630814","0.18493612110614777","0.4768189787864685"
"1034000","0.5921183675527573","0.3709869682788849","0.8132497668266296"
"1036000","0.28117257356643677","0.2808895707130432","0.2814555764198303"
"1038000","-0.0590168796479702","-0.2219417840242386","0.10390802472829819"
"1040000","-0.20194846391677856","-0.2663674056529999","-0.13752952218055725"
"1042000","0.2565183900296688","0.0655139610171318","0.4475228190422058"
"1044000","0.13997023552656174","-0.12813310325145721","0.4080735743045807"
"1046000","-0.11804060637950897","-0.3079911172389984","0.07190990447998047"
"1048000","0.21629606187343597","-0.22134914994239807","0.65394127368927"
"1050000","0.13425180315971375","0.09506389498710632","0.17343971133232117"
"1052000","-0.04785769432783127","-0.27331867814064026","0.17760328948497772"
"1054000","0.173160620033741","-0.07386909425258636","0.42019033432006836"
"1056000","0.2476390115916729","-0.09595868736505508","0.5912367105484009"
"1058000","0.12461410742253065","-0.014935607090592384","0.2641638219356537"
"1060000","-0.16410623490810394","-0.7702726125717163","0.4420601427555084"
"1062000","0.29927799105644226","0.26757851243019104","0.3309774696826935"
"1064000","0.28602122515439987","0.0716620534658432","0.5003803968429565"
"1066000","-0.10476964339613914","-0.11909953504800797","-0.09043975174427032"
"1068000","-0.008021354675292969","-0.2232404202222824","0.20719771087169647"
"1070000","0.15254348888993263","0.04837352782487869","0.2567134499549866"
"1072000","0.1436164490878582","0.049492768943309784","0.23774012923240662"
"1074000","0.45518261194229126","0.4187740683555603","0.4915911555290222"
"1076000","0.1734713837504387","0.10960803925991058","0.2373347282409668"
"1078000","0.20085805654525757","-0.5134785771369934","0.9151946902275085"
"1080000","0.0985799552872777","-0.02693611942231655","0.22409602999687195"
"1082000","0.1773458495736122","0.12616994976997375","0.22852174937725067"
"1084000","-0.06925488263368607","-0.21563926339149475","0.07712949812412262"
"1086000","0.28302326053380966","0.1800239533185959","0.38602256774902344"
"1088000","0.16634317487478256","-0.1382245272397995","0.4709108769893646"
"1090000","0.2576339691877365","0.16657903790473938","0.34868890047073364"
"1092000","0.12392682656718534","0.00012014955427730456","0.24773350358009338"
"1094000","0.24193540215492249","0.06677591800689697","0.417094886302948"
"1096000","-0.22420420520938933","-0.44362717866897583","-0.004781231749802828"
"1098000","0.1847742572426796","-0.15928690135478973","0.5288354158401489"
"1100000","0.3823750540614128","0.12335298955440521","0.6413971185684204"
"1102000","0.2823744863271713","0.18467453122138977","0.3800744414329529"
"1104000","0.24275171756744385","0.23272252082824707","0.2527809143066406"
"1106000","0.3496697247028351","0.26492682099342346","0.4344126284122467"
"1108000","0.07341848500072956","-0.017886172980070114","0.16472314298152924"
"1110000","0.10706193000078201","0.06792552769184113","0.1461983323097229"
"1112000","0.33868007361888885","0.2833477854728699","0.39401236176490784"
"1114000","-0.0744236633181572","-0.334275484085083","0.18542815744876862"
"1116000","0.03558476269245148","-0.11211387813091278","0.18328340351581573"
"1118000","0.80393847823143","0.3643701672554016","1.2435067892074585"
"1120000","0.028831593692302704","-0.13973841071128845","0.19740159809589386"
"1122000","-0.3144182562828064","-0.336312472820282","-0.2925240397453308"
"1124000","0.1716131716966629","0.13925927877426147","0.20396706461906433"
"1126000","0.16591432970017195","-0.02311503328382969","0.3549436926841736"
"1128000","0.2678999528288841","0.17653433978557587","0.3592655658721924"
"1130000","0.621675431728363","0.09487950801849365","1.1484713554382324"
"1132000","0.2508075311779976","0.16180498898029327","0.3398100733757019"
"1134000","0.4834979921579361","0.3830924928188324","0.5839034914970398"
"1136000","-0.09200868010520935","-0.09244467318058014","-0.09157268702983856"
"1138000","-0.11324730142951012","-0.11558325588703156","-0.11091134697198868"
"1140000","0.320794515311718","0.22497348487377167","0.4166155457496643"
"1142000","0.5648664530381211","-0.00022584274120163172","1.1299587488174438"
"1144000","0.20671506226062775","0.13231250643730164","0.28111761808395386"
"1146000","0.719977393746376","0.44560566544532776","0.9943491220474243"
"1148000","0.12258827686309814","0.08733163774013519","0.1578449159860611"
"1150000","-0.030436169356107712","-0.12085606902837753","0.05998373031616211"
"1152000","0.01330128125846386","-0.055048633366823196","0.08165119588375092"
"1154000","0.33029273711144924","0.04059166833758354","0.6199938058853149"
"1156000","-0.06478365231305361","-0.11549042165279388","-0.014076882973313332"
"1158000","0.08656233921647072","0.03517401963472366","0.13795065879821777"
"1160000","0.242366224527359","0.08409929275512695","0.40063315629959106"
"1162000","0.18496806919574738","-0.09557098150253296","0.4655071198940277"
"1164000","-0.03851859271526337","-0.3931751847267151","0.31613799929618835"
"1166000","-0.1986461766064167","-0.506606936454773","0.10931458324193954"
"1168000","-0.05283911828882992","-0.09792988002300262","-0.007748356554657221"
"1170000","0.031395198777318","0.028835374861955643","0.03395502269268036"
"1172000","-0.22587235271930695","-0.5805996656417847","0.12885496020317078"
"1174000","-0.16012530028820038","-0.16502539813518524","-0.15522520244121552"
"1176000","0.4348105452954769","0.03862064331769943","0.8310004472732544"
"1178000","0.302566833794117","0.09119696915149689","0.5139366984367371"
"1180000","-0.03906600922346115","-0.18827146291732788","0.11013944447040558"
"1182000","-0.013362675905227661","-0.12537561357021332","0.098650261759758"
"1184000","-0.05174536257982254","-0.31527966260910034","0.21178893744945526"
"1186000","0.2624918147921562","0.20306305587291718","0.32192057371139526"
"1188000","0.06425471603870392","-0.3596932291984558","0.48820266127586365"
"1190000","-0.26974794268608093","-0.2760699689388275","-0.26342591643333435"
"1192000","-0.16196977347135544","-0.44625288248062134","0.12231333553791046"
"1194000","0.02077394723892212","-0.31601983308792114","0.3575677275657654"
"1196000","0.17286141961812973","0.13338495790958405","0.21233788132667542"
"1198000","-0.5891298055648804","-0.6686578989028931","-0.5096017122268677"
"1200000","-0.2123994082212448","-0.42198896408081055","-0.002809852361679077"
"1202000","-0.0363001823425293","-0.29112887382507324","0.21852850914001465"
"1204000","0.20578608289361","-0.0350474938750267","0.4466196596622467"
"1206000","0.08873849920928478","-0.044654447585344315","0.22213144600391388"
"1208000","0.6891599297523499","0.5321087837219238","0.8462110757827759"
"1210000","0.01574153359979391","-0.014179268851876259","0.04566233605146408"
"1212000","0.38839516043663025","0.28723058104515076","0.48955973982810974"
"1214000","0.07444509863853455","-0.6678444743156433","0.8167346715927124"
"1216000","0.11207163333892822","-0.2545056939125061","0.47864896059036255"
"1218000","-0.13277364149689674","-0.37833401560783386","0.11278673261404037"
"1220000","0.47793440520763397","0.37032487988471985","0.5855439305305481"
"1222000","0.2365652173757553","-0.22707751393318176","0.7002079486846924"
"1224000","0.21311882883310318","-0.14957551658153534","0.5758131742477417"
"1226000","-0.099172068759799","-0.21735122799873352","0.019007090479135513"
"1228000","-0.23774255067110062","-0.5520923137664795","0.07660721242427826"
"1230000","0.4308580756187439","0.34130221605300903","0.5204139351844788"
"1232000","0.0037977881729602814","-0.07949046790599823","0.08708604425191879"
"1234000","0.23459205031394958","0.09692037105560303","0.37226372957229614"
"1236000","0.05507221445441246","-0.06187257915735245","0.17201700806617737"
"1238000","0.6116778403520584","0.26177749037742615","0.9615781903266907"
"1240000","0.21533570252358913","0.060040514916181564","0.3706308901309967"
"1242000","0.6380134224891663","0.21744310855865479","1.0585837364196777"
"1244000","0.30461554788053036","-0.05770518258213997","0.6669362783432007"
"1246000","0.09533607959747314","-0.10693144798278809","0.2976036071777344"
"1248000","0.1222366001456976","-0.05796905234456062","0.3024422526359558"
"1250000","-0.6509366631507874","-0.7307518720626831","-0.5711214542388916"
"1252000","-0.41503264009952545","-0.5426701307296753","-0.2873951494693756"
"1254000","-0.20397388376295567","-0.3826814293861389","-0.025266338139772415"
"1256000","0.0794721320271492","0.015843436121940613","0.1431008279323578"
"1258000","-0.18447122909128666","-0.4227205216884613","0.053778063505887985"
"1260000","-0.04808737337589264","-0.3508003056049347","0.2546255588531494"
"1262000","0.13414053618907928","0.0683870017528534","0.19989407062530518"
"1264000","-0.07753250747919083","-0.1877710521221161","0.032706037163734436"
"1266000","0.20272314548492432","0.18620190024375916","0.21924439072608948"
"1268000","0.789070151746273","0.09312741458415985","1.4850128889083862"
"1270000","0.10992390289902687","0.05578313022851944","0.1640646755695343"
"1272000","0.2473483309149742","0.21558062732219696","0.27911603450775146"
"1274000","-0.24296635389328003","-0.8055546879768372","0.3196219801902771"
"1276000","0.13389264792203903","0.12457209825515747","0.1432131975889206"
"1278000","0.2363017350435257","0.06489863991737366","0.40770483016967773"
"1280000","-0.140947587788105","-0.2540018558502197","-0.027893319725990295"
"1282000","0.26106061041355133","0.03119438886642456","0.4909268319606781"
"1284000","-0.0017002560198307037","-0.04587523639202118","0.04247472435235977"
"1286000","-0.24730419367551804","-0.3415025770664215","-0.15310581028461456"
"1288000","-0.1934903860092163","-0.8548464775085449","0.4678657054901123"
"1290000","0.25544503331184387","-0.09103608131408691","0.6019261479377747"
"1292000","-0.17546827346086502","-0.26821696758270264","-0.0827195793390274"
"1294000","0.24835902079939842","0.0869872197508812","0.40973082184791565"
"1296000","0.11819902015849948","-0.005458698607981205","0.24185673892498016"
"1298000","0.33941500633955","-0.16340108215808868","0.8422310948371887"
"1300000","-0.26258574426174164","-0.32616281509399414","-0.19900867342948914"
"1302000","0.10715068131685257","0.07497628033161163","0.1393250823020935"
"1304000","0.24248761869966984","0.04423632100224495","0.4407389163970947"
"1306000","-0.13018646463751793","-0.20053446292877197","-0.059838466346263885"
"1308000","-0.038601770997047424","-0.2057293951511383","0.12852585315704346"
"1310000","0.507774144411087","0.29410505294799805","0.721443235874176"
"1312000","0.24634060263633728","0.19527000188827515","0.2974112033843994"
"1314000","0.14348985254764557","0.12935374677181244","0.1576259583234787"
"1316000","0.2026062309741974","0.19780708849430084","0.20740537345409393"
"1318000","0.10892178118228912","-0.21457049250602722","0.43241405487060547"
"1320000","-0.1473405957221985","-0.82451331615448","0.529832124710083"
"1322000","0.01788903772830963","-0.3805314600467682","0.41630953550338745"
"1324000","0.0352349728345871","-0.09344464540481567","0.16391459107398987"
"1326000","-0.14974817633628845","-0.23617906868457794","-0.06331728398799896"
"1328000","-0.025828585028648376","-0.35011962056159973","0.298462450504303"
"1330000","0.18451168574392796","-0.06016741320490837","0.4291907846927643"
"1332000","0.043959866277873516","-0.02923780120909214","0.11715753376483917"
"1334000","0.15366827510297298","-0.06215779855847359","0.36949434876441956"
"1336000","0.02457202970981598","-0.3647676110267639","0.4139116704463959"
"1338000","-0.12461793795228004","-0.19866620004177094","-0.050569675862789154"
"1340000","-0.22925294004380703","-0.4921529293060303","0.033647049218416214"
"1342000","0.28862855583429337","0.23228459060192108","0.34497252106666565"
"1344000","-0.24920855462551117","-0.2845091223716736","-0.21390798687934875"
"1346000","0.01366974413394928","-0.2384951412677765","0.26583462953567505"
"1348000","0.000798867316916585","-0.00423609372228384","0.00583382835611701"
"1350000","0.0925607979297638","-0.21936702728271484","0.40448862314224243"
"1352000","0.07041830569505692","-0.08655025064945221","0.22738686203956604"
"1354000","0.2746286243200302","0.17866194248199463","0.3705953061580658"
"1356000","-0.19906531274318695","-0.356886625289917","-0.04124400019645691"
"1358000","0.029991503804922104","-0.08634086698293686","0.14632387459278107"
"1360000","-0.07386557385325432","-0.1913592368364334","0.043628089129924774"
"1362000","0.237578883767128","0.13673144578933716","0.3384263217449188"
"1364000","-0.018462002277374268","-0.29486167430877686","0.2579376697540283"
"1366000","0.3023559972643852","0.07356731593608856","0.5311446785926819"
"1368000","-0.03396546095609665","-0.1412869095802307","0.07335598766803741"
"1370000","0.1451418399810791","-0.07167154550552368","0.3619552254676819"
"1372000","-0.09707680344581604","-0.3476615846157074","0.15350797772407532"
"1374000","0.3274497166275978","0.15933530032634735","0.49556413292884827"
"1376000","0.06261798366904259","0.03801669925451279","0.08721926808357239"
"1378000","-0.15240154415369034","-0.2398015558719635","-0.06500153243541718"
"1380000","-0.012792550027370453","-0.039149701595306396","0.01356460154056549"
"1382000","-0.5434144288301468","-0.7496098279953003","-0.3372190296649933"
"1384000","0.03405320644378662","-0.07108074426651001","0.13918715715408325"
"1386000","-0.0764242485165596","-0.3485613763332367","0.1957128793001175"
"1388000","-0.014508996158838272","-0.015086701139807701","-0.013931291177868843"
"1390000","0.16407058387994766","-0.07224388420581818","0.4003850519657135"
"1392000","0.2683337479829788","-0.40153518319129944","0.9382026791572571"
"1394000","-0.04045351129025221","-0.0996641144156456","0.018757091835141182"
"1396000","-0.15135548636317253","-0.25234517455101013","-0.05036579817533493"
"1398000","-0.5698005557060242","-0.9178361892700195","-0.2217649221420288"
"1400000","0.005394920706748962","-0.1142585277557373","0.12504836916923523"
"1402000","-0.044158050790429115","-0.14928826689720154","0.06097216531634331"
"1404000","-0.03486677631735802","-0.18876877427101135","0.11903522163629532"
"1406000","0.24731654673814774","-0.06731019914150238","0.5619432926177979"
"1408000","0.6672281622886658","0.538709282875061","0.7957470417022705"
"1410000","0.37927451729774475","0.3581928312778473","0.4003562033176422"
"1412000","0.08695686049759388","0.06003137305378914","0.11388234794139862"
"1414000","-0.1387319304049015","-0.33491459488868713","0.057450734078884125"
"1416000","-0.06437080539762974","-0.15629322826862335","0.027551617473363876"
"1418000","0.14578992128372192","-0.033763498067855835","0.3253433406352997"
"1420000","0.21771279722452164","0.19079820811748505","0.24462738633155823"
"1422000","0.05592665821313858","-0.1126069575548172","0.22446027398109436"
"1424000","0.5013120472431183","0.314153254032135","0.6884708404541016"
"1426000","0.2206093594431877","0.15418265759944916","0.28703606128692627"
"1428000","0.05439594388008118","-0.14447563886642456","0.2532675266265869"
"1430000","0.6747727245092392","0.4201217591762543","0.9294236898422241"
"1432000","-0.10848053358495235","-0.1815464198589325","-0.035414647310972214"
"1434000","-0.01696950849145651","-0.057404059916734695","0.023465042933821678"
"1436000","0.2022121176123619","0.1316796988248825","0.2727445363998413"
"1438000","0.6735124886035919","0.3384644389152527","1.0085605382919312"
"1440000","-0.26439552940428257","-0.58360755443573","0.05481649562716484"
"1442000","0.2673898786306381","0.13814058899879456","0.3966391682624817"
"1444000","-0.3550605084747076","-0.6853803396224976","-0.02474067732691765"
"1446000","0.27796009834855795","-0.009113358333706856","0.5650335550308228"
"1448000","0.11721115559339523","-0.22894887626171112","0.4633711874485016"
"1450000","0.5301120579242706","0.4168611168861389","0.6433629989624023"
"1452000","-0.005404157098382711","-0.02571185491979122","0.014903540723025799"
"1454000","-0.15066903829574585","-0.19907255470752716","-0.10226552188396454"
"1456000","-0.1479194313287735","-0.5138243436813354","0.21798548102378845"
"1458000","-0.12213656306266785","-0.3303670883178711","0.0860939621925354"
"1460000","-0.39817891642451286","-0.8297332525253296","0.033375419676303864"
"1462000","0.07129731774330139","-0.15382355451583862","0.2964181900024414"
"1464000","0.09467747434973717","-0.12454000860452652","0.31389495730400085"
"1466000","0.268457755446434","0.16640359163284302","0.370511919260025"
"1468000","-0.25378255546092987","-0.3475281596183777","-0.16003695130348206"
"1470000","0.3450197773054242","0.02638665772974491","0.6636528968811035"
"1472000","0.04074257146567106","0.016960589215159416","0.06452455371618271"
"1474000","-0.005376338958740234","-0.17857800424098969","0.16782532632350922"
"1476000","0.1300906427204609","0.04425778239965439","0.2159235030412674"
"1478000","0.09647563099861145","-0.009637147188186646","0.20258840918540955"
"1480000","0.02280774712562561","-0.12727656960487366","0.17289206385612488"
"1482000","-0.11588180251419544","-0.2496233731508255","0.017859768122434616"
"1484000","-0.24109117314219475","-0.5256255865097046","0.043443240225315094"
"1486000","-0.17626560479402542","-0.20330414175987244","-0.1492270678281784"
"1488000","0.3190189227461815","0.1164921373128891","0.5215457081794739"
"1490000","-0.10153533518314362","-0.4323132634162903","0.22924259305000305"
"1492000","-0.27503231540322304","-0.5970346927642822","0.04697006195783615"
"1494000","0.19295479357242584","-0.14169469475746155","0.5276042819023132"
"1496000","0.3776571750640869","0.282825231552124","0.4724891185760498"
"1498000","0.05606660433113575","-0.034473683685064316","0.14660689234733582"
"1500000","0.1749071478843689","-0.27377820014953613","0.6235924959182739"
"1502000","0.19243472069501877","0.07637269794940948","0.30849674344062805"
"1504000","0.027570977807044983","-0.4854520261287689","0.5405939817428589"
"1506000","-0.010851934552192688","-0.4836825430393219","0.4619786739349365"
"1508000","0.06109651364386082","0.05368607118725777","0.06850695610046387"
"1510000","0.2040548250079155","0.09155242145061493","0.31655722856521606"
"1512000","0.30803506076335907","0.2556065618991852","0.36046355962753296"
"1514000","0.23140517622232437","-0.07417301833629608","0.5369833707809448"
"1516000","0.5889496803283691","0.561227560043335","0.6166718006134033"
"1518000","0.010973818600177765","-0.13318327069282532","0.15513090789318085"
"1520000","0.266175240278244","-0.2546352744102478","0.7869857549667358"
"1522000","-0.032125985249876976","-0.08506601303815842","0.020814042538404465"
"1524000","0.5417802333831787","0.47543495893478394","0.6081255078315735"
"1526000","-0.07081899885088205","-0.15057842433452606","0.008940426632761955"
"1528000","0.0698946975171566","-0.10036436468362808","0.24015375971794128"
"1530000","-0.08495331555604935","-0.4060407280921936","0.2361340969800949"
"1532000","-0.033583248034119606","-0.08697479218244553","0.019808296114206314"
"1534000","-0.04880031570792198","-0.212551549077034","0.11495091766119003"
"1536000","0.1633138284087181","0.0628342479467392","0.263793408870697"
"1538000","-0.28792316652834415","-0.5525047183036804","-0.02334161475300789"
"1540000","-0.14255030825734138","-0.2453162968158722","-0.03978431969881058"
"1542000","0.20251886639744043","-0.00901278667151928","0.41405051946640015"
"1544000","-0.022098049521446228","-0.2211422175168991","0.17694611847400665"
"1546000","0.11955364048480988","-0.19352534413337708","0.4326326251029968"
"1548000","0.22269877791404724","0.15937507152557373","0.28602248430252075"
"1550000","-0.16727973520755768","-0.22134754061698914","-0.11321192979812622"
"1552000","0.4155174493789673","0.2596397399902344","0.5713951587677002"
"1554000","-0.01859930157661438","-0.06855110079050064","0.03135249763727188"
"1556000","0.1746681034564972","0.07594919204711914","0.27338701486587524"
"1558000","-0.11838148906826973","-0.12161022424697876","-0.1151527538895607"
"1560000","0.05592229589819908","0.046623192727565765","0.0652213990688324"
"1562000","0.11027754843235016","0.049238771200180054","0.17131632566452026"
"1564000","-0.1827360838651657","-0.23178210854530334","-0.13369005918502808"
"1566000","0.09190703649073839","0.021825456991791725","0.16198861598968506"
"1568000","0.15841694734990597","0.05356834456324577","0.26326555013656616"
"1570000","0.24171652644872665","0.0974978357553482","0.3859352171421051"
"1572000","0.15122522553429008","0.013269546441733837","0.2891809046268463"
"1574000","-0.046550361439585686","-0.14249756932258606","0.04939684644341469"
"1576000","-0.13376028835773468","-0.44068050384521484","0.17315992712974548"
"1578000","-0.12257755361497402","-0.20022854208946228","-0.044926565140485764"
"1580000","0.026360303163528442","-0.2264951467514038","0.2792157530784607"
"1582000","0.2274824008345604","-0.07921887934207916","0.5341836810112"
"1584000","-0.03112010285258293","-0.10870425403118134","0.04646404832601547"
"1586000","0.047460208646953106","0.028449958190321922","0.06647045910358429"
"1588000","-0.08293728530406952","-0.23195263743400574","0.0660780668258667"
"1590000","0.09064612910151482","0.07513342797756195","0.10615883022546768"
"1592000","0.003146819770336151","-0.15703096985816956","0.16332460939884186"
"1594000","0.14219579845666885","0.0708947628736496","0.2134968340396881"
"1596000","-0.13764868676662445","-0.18290679156780243","-0.09239058196544647"
"1598000","-0.13837962597608566","-0.5180332064628601","0.24127395451068878"
"1600000","-0.27243873476982117","-0.6084243059158325","0.06354683637619019"
"1602000","0.35276130959391594","0.03392907232046127","0.6715935468673706"
"1604000","-0.3162705898284912","-0.4035773277282715","-0.22896385192871094"
"1606000","-0.32063261419534683","-0.5541819334030151","-0.08708329498767853"
"1608000","0.6654719710350037","0.5930339694023132","0.7379099726676941"
"1610000","-0.10177351534366608","-0.4789229929447174","0.27537596225738525"
"1612000","-0.18566739559173584","-0.1859864890575409","-0.1853483021259308"
"1614000","0.2169002816081047","-0.1568349152803421","0.5906354784965515"
"1616000","-0.0360800176858902","-0.4355045258998871","0.3633444905281067"
"1618000","-0.005483068525791168","-0.13859312236309052","0.12762698531150818"
"1620000","0.24801268428564072","-0.013299599289894104","0.5093249678611755"
"1622000","0.2310897707939148","0.1737833023071289","0.2883962392807007"
"1624000","-0.15548578277230263","-0.41584452986717224","0.10487296432256699"
"1626000","-0.23411005921661854","-0.4326117932796478","-0.03560832515358925"
"1628000","-0.31093432009220123","-0.9423187375068665","0.320450097322464"
"1630000","0.3489425927400589","0.2664859890937805","0.4313991963863373"
"1632000","0.13067384622991085","0.0498361699283123","0.2115115225315094"
"1634000","-0.34925366193056107","-0.5541655421257019","-0.14434178173542023"
"1636000","0.22540230304002762","0.1486409455537796","0.30216366052627563"
"1638000","0.42593856155872345","0.2464347779750824","0.6054423451423645"
"1640000","0.26501189544796944","0.033489443361759186","0.4965343475341797"
"1642000","0.0739300325512886","0.056995414197444916","0.0908646509051323"
"1644000","0.1399916484951973","0.1140177994966507","0.1659654974937439"
"1646000","0.3175445795059204","0.16584959626197815","0.46923956274986267"
"1648000","-0.04446380212903023","-0.13080357015132904","0.041875965893268585"
"1650000","0.21240927651524544","0.036321140825748444","0.38849741220474243"
"1652000","-0.03117690235376358","-0.2047213613986969","0.14236755669116974"
"1654000","0.2788275182247162","0.1744217574596405","0.38323327898979187"
"1656000","-0.01644638180732727","-0.1373031735420227","0.10441040992736816"
"1658000","-0.0344676710665226","-0.18209116160869598","0.11315581947565079"
"1660000","0.17664259672164917","0.13003036379814148","0.22325482964515686"
"1662000","0.3642418533563614","0.3216172158718109","0.40686649084091187"
"1664000","0.1343100666999817","-0.44835400581359863","0.716974139213562"
"1666000","-0.027949228882789612","-0.24850960075855255","0.19261114299297333"
"1668000","0.13036812841892242","-0.1445331871509552","0.40526944398880005"
"1670000","0.225663423538208","0.17372050881385803","0.277606338262558"
"1672000","0.21082534454762936","0.05826268717646599","0.3633880019187927"
"1674000","0.38810595870018005","0.37456172704696655","0.40165019035339355"
"1676000","0.19345197174698114","0.012399675324559212","0.3745042681694031"
"1678000","0.31775298714637756","0.24818074703216553","0.3873252272605896"
"1680000","-0.24163354188203812","-0.3817969262599945","-0.10147015750408173"
"1682000","-0.1541417958214879","-0.3245144486427307","0.016230856999754906"
"1684000","0.3638911694288254","0.2607263922691345","0.46705594658851624"
"1686000","-0.05979280360043049","-0.10356675088405609","-0.016018856316804886"
"1688000","0.010122448205947876","-0.3191305994987488","0.33937549591064453"
"1690000","0.03712249919772148","-0.047360874712467194","0.12160587310791016"
"1692000","0.6747992038726807","0.5867151021957397","0.7628833055496216"
"1694000","0.1670060008764267","0.14742134511470795","0.18659065663814545"
"1696000","0.03543461859226227","-0.14654624462127686","0.2174154818058014"
"1698000","0.09723905846476555","0.08351410180330276","0.11096401512622833"
"1700000","0.359492227435112","0.15141424536705017","0.5675702095031738"
"1702000","-0.09264111518859863","-0.4065883159637451","0.22130608558654785"
"1704000","-0.06507641077041626","-0.2932683825492859","0.16311556100845337"
"1706000","0.06385967135429382","-0.025169938802719116","0.15288928151130676"
"1708000","-0.2565802335739136","-0.4526991844177246","-0.06046128273010254"
"1710000","0.05646203085780144","-0.11365822702646255","0.22658228874206543"
"1712000","0.170443095266819","0.02634499967098236","0.31454119086265564"
"1714000","-0.12967099994421005","-0.16591164469718933","-0.09343035519123077"
"1716000","0.14285624772310257","0.13123272359371185","0.1544797718524933"
"1718000","-0.008138492703437805","-0.13934239745140076","0.12306541204452515"
"1720000","-0.13178442418575287","-0.42265453934669495","0.1590856909751892"
"1722000","0.4888801723718643","0.2643025815486908","0.7134577631950378"
"1724000","-0.03502070624381304","-0.0828363448381424","0.01279493235051632"
"1726000","0.13420195877552032","0.12994804978370667","0.13845586776733398"
"1728000","-0.10911552235484123","-0.11504356563091278","-0.10318747907876968"
"1730000","-0.11084380373358727","-0.13445794582366943","-0.0872296616435051"
"1732000","0.13666554726660252","0.022136617451906204","0.25119447708129883"
"1734000","-0.18890680372714996","-0.23769938945770264","-0.1401142179965973"
"1736000","-0.17942258715629578","-0.6977553367614746","0.33891016244888306"
"1738000","0.01578585058450699","-0.134731262922287","0.16630296409130096"
"1740000","-0.36085161566734314","-0.3972301483154297","-0.3244730830192566"
"1742000","0.2138383612036705","0.09900711476802826","0.32866960763931274"
"1744000","0.04882509168237448","-0.005371199920773506","0.10302138328552246"
"1746000","0.3137267604470253","-0.08262257277965546","0.710076093673706"
"1748000","0.03947852551937103","-0.15568795800209045","0.23464500904083252"
"1750000","0.10067272186279297","-0.13851022720336914","0.3398556709289551"
"1752000","-0.06790983118116856","-0.08627595007419586","-0.04954371228814125"
"1754000","0.13405880331993103","-0.3053024411201477","0.5734200477600098"
"1756000","0.15185404382646084","-0.030691910535097122","0.3343999981880188"
"1758000","0.6296335160732269","0.5622515678405762","0.6970154643058777"
"1760000","-0.40961561538279057","-0.7769933938980103","-0.04223783686757088"
"1762000","-0.031171634793281555","-0.2015039473772049","0.13916067779064178"
"1764000","-0.11372525990009308","-0.511530876159668","0.2840803563594818"
"1766000","0.08516115695238113","-0.20522470772266388","0.37554702162742615"
"1768000","0.0016731321811676025","-0.21611949801445007","0.21946576237678528"
"1770000","-0.034508004784584045","-0.13211145997047424","0.06309545040130615"
"1772000","0.069606252014637","-0.10459631681442261","0.2438088208436966"
"1774000","-0.1839449629187584","-0.29230183362960815","-0.07558809220790863"
"1776000","0.4571153074502945","0.15252992510795593","0.7617006897926331"
"1778000","0.08285152167081833","-0.16852839291095734","0.334231436252594"
"1780000","0.026102952659130096","-0.09288741648197174","0.14509332180023193"
"1782000","0.21421824395656586","-0.1346512734889984","0.5630877614021301"
"1784000","0.29753049463033676","0.14888779819011688","0.44617319107055664"
"1786000","0.3590288832783699","0.08480001986026764","0.6332577466964722"
"1788000","-0.2246505469083786","-0.4331001341342926","-0.0162009596824646"
"1790000","0.26650746166706085","0.16580122709274292","0.3672136962413788"
"1792000","-0.05962035804986954","-0.15002599358558655","0.030785277485847473"
"1794000","-0.34623098745942116","-0.6597005724906921","-0.03276140242815018"
"1796000","0.5157895237207413","0.059216827154159546","0.972362220287323"
"1798000","0.31634461879730225","0.2983301281929016","0.3343591094017029"
"1800000","0.034570008516311646","-0.16019579768180847","0.22933581471443176"
"1802000","0.058440495282411575","0.049936093389987946","0.0669448971748352"
"1804000","0.27972228452563286","0.08479305356740952","0.4746515154838562"
"1806000","0.2368731051683426","-0.2794654071331024","0.7532116174697876"
"1808000","0.7670259773731232","0.42588335275650024","1.108168601989746"
"1810000","0.09438204020261765","0.06030723452568054","0.12845684587955475"
"1812000","0.22483991365879774","0.024542247876524925","0.42513757944107056"
"1814000","-0.19931651651859283","-0.6040455102920532","0.20541247725486755"
"1816000","-0.06877556443214417","-0.7067526578903198","0.5692015290260315"
"1818000","-0.33693885803222656","-0.46465960144996643","-0.2092181146144867"
"1820000","-0.31403279304504395","-0.484865665435791","-0.14319992065429688"
"1822000","-0.24627795815467834","-0.2684324383735657","-0.22412347793579102"
"1824000","0.18840933591127396","0.17244891822338104","0.20436975359916687"
"1826000","-0.1483590453863144","-0.47952499985694885","0.18280690908432007"
"1828000","0.24671276658773422","0.13533850014209747","0.35808703303337097"
"1830000","0.11401407793164253","0.09453485161066055","0.1334933042526245"
"1832000","0.308010071516037","0.2101207971572876","0.4058993458747864"
"1834000","0.0692872991785407","-0.007966460660099983","0.1465410590171814"
"1836000","-0.08871093392372131","-0.31053629517555237","0.13311442732810974"
"1838000","0.027120590209960938","-0.36648717522621155","0.4207283556461334"
"1840000","0.10097570344805717","0.09145049750804901","0.11050090938806534"
"1842000","-0.037567976862192154","-0.13089634478092194","0.05576039105653763"
"1844000","-0.11921112984418869","-0.18341265618801117","-0.05500960350036621"
"1846000","-0.01970285177230835","-0.23950231075286865","0.20009660720825195"
"1848000","0.034515644423663616","-0.014510566368699074","0.0835418552160263"
"1850000","0.4555872082710266","-0.11114990711212158","1.0223243236541748"
"1852000","-0.3857535868883133","-0.501680850982666","-0.26982632279396057"
"1854000","0.14686860516667366","-0.03246565908193588","0.3262028694152832"
"1856000","-0.004525564610958099","-0.12063395977020264","0.11158283054828644"
"1858000","0.35807083547115326","0.3237594962120056","0.3923821747303009"
"1860000","0.7501271963119507","0.7371097803115845","0.7631446123123169"
"1862000","-0.12231824174523354","-0.14957144856452942","-0.09506503492593765"
"1864000","0.21639475226402283","0.1554783582687378","0.27731114625930786"
"1866000","0.20827267318964005","0.1617840975522995","0.2547612488269806"
"1868000","0.08870979328639805","0.0059033469296991825","0.17151623964309692"
"1870000","-0.21000203490257263","-0.23978981375694275","-0.18021425604820251"
"1872000","-0.2362208552658558","-0.42285189032554626","-0.049589820206165314"
"1874000","0.09440848603844643","0.07225873321294785","0.11655823886394501"
"1876000","0.20625553652644157","-0.044539906084537506","0.45705097913742065"
"1878000","0.38125087320804596","0.3611544072628021","0.4013473391532898"
"1880000","-0.003091048449277878","-0.06213025376200676","0.055948156863451004"
"1882000","-0.4130198657512665","-0.41901659965515137","-0.4070231318473816"
"1884000","-0.025497399270534515","-0.20431092381477356","0.15331612527370453"
"1886000","-0.046328939497470856","-0.2134065181016922","0.12074863910675049"
"1888000","0.30202075839042664","0.12145102024078369","0.4825904965400696"
"1890000","-0.21503706276416779","-0.30372920632362366","-0.12634491920471191"
"1892000","0.34006018564105034","0.1052982434630394","0.5748221278190613"
"1894000","0.12810902297496796","-0.1824164092540741","0.43863445520401"
"1896000","0.08897848799824715","0.04810769110918045","0.12984928488731384"
"1898000","0.01668182760477066","0.012736069038510323","0.020627586171030998"
"1900000","0.28305723518133163","-0.16932393610477448","0.7354384064674377"
"1902000","0.1195015525445342","-0.010991083458065987","0.2499941885471344"
"1904000","-0.1566431149840355","-0.23195874691009521","-0.08132748305797577"
"1906000","0.16768663376569748","-0.08063013851642609","0.41600340604782104"
"1908000","-0.3136497586965561","-0.6518288850784302","0.024529367685317993"
"1910000","-0.06592758744955063","-0.1058465838432312","-0.026008591055870056"
"1912000","0.04376436024904251","-0.1552892029285431","0.2428179234266281"
"1914000","0.026708699762821198","-0.12233047187328339","0.17574787139892578"
"1916000","-0.055384524166584015","-0.1811327040195465","0.07036365568637848"
"1918000","-0.11048458889126778","-0.15220613777637482","-0.06876304000616074"
"1920000","0.3336060345172882","-0.25196373462677","0.9191758036613464"
"1922000","0.015911772847175598","-0.10697279870510101","0.1387963443994522"
"1924000","0.2527047023177147","0.24420411884784698","0.2612052857875824"
"1926000","0.04250699281692505","-0.22232899069786072","0.3073429763317108"
"1928000","0.1822098344564438","0.09755814075469971","0.26686152815818787"
"1930000","0.19403108884580433","-0.005277933087199926","0.3933401107788086"
"1932000","-0.05607278645038605","-0.4043310582637787","0.2921854853630066"
"1934000","0.057450272142887115","0.028946325182914734","0.0859542191028595"
"1936000","-0.17881528101861477","-0.4179704785346985","0.06033991649746895"
"1938000","-0.4666769504547119","-1.3245441913604736","0.3911902904510498"
"1940000","0.07474951073527336","-0.10851643234491348","0.2580154538154602"
"1942000","0.3969762772321701","0.20388129353523254","0.5900712609291077"
"1944000","-0.08387036249041557","-0.23862509429454803","0.07088436931371689"
"1946000","0.3149149566888809","0.2694690227508545","0.36036089062690735"
"1948000","0.09791109710931778","-0.09270627796649933","0.2885284721851349"
"1950000","0.2985631190240383","0.09309493750333786","0.5040313005447388"
"1952000","0.20140082389116287","0.161367267370224","0.24143438041210175"
"1954000","-0.012874394655227661","-0.30188098549842834","0.276132196187973"
"1956000","0.06342402286827564","-0.0385776124894619","0.16542565822601318"
"1958000","0.2541923522949219","0.04786396026611328","0.46052074432373047"
"1960000","0.25716905295848846","0.09811475872993469","0.41622334718704224"
"1962000","-0.12886684387922287","-0.1801883429288864","-0.07754534482955933"
"1964000","-0.2996732294559479","-0.31080561876296997","-0.2885408401489258"
"1966000","0.18989832466468215","0.015206987969577312","0.364589661359787"
"1968000","0.15743017569184303","0.05360613018274307","0.261254221200943"
"1970000","-0.34408285468816757","-0.5107840299606323","-0.17738167941570282"
"1972000","0.5187009125947952","0.46497616171836853","0.5724256634712219"
"1974000","0.3718910366296768","0.3708951771259308","0.37288689613342285"
"1976000","-0.12085772305727005","-0.44349247217178345","0.20177702605724335"
"1978000","0.044556839391589165","-0.016069922596216202","0.10518360137939453"
"1980000","-0.03943249583244324","-0.36926114559173584","0.29039615392684937"
"1982000","0.2135151196271181","-0.03822460398077965","0.46525484323501587"
"1984000","-0.11687720939517021","-0.16736742854118347","-0.06638699024915695"
"1986000","-0.011170566082000732","-0.44349533319473267","0.4211542010307312"
"1988000","-0.10076580196619034","-0.26665937900543213","0.06512777507305145"
"1990000","0.14362091291695833","-0.00786878727376461","0.2951106131076813"
"1992000","-0.3185573220252991","-0.3550170958042145","-0.28209754824638367"
"1994000","0.400771826505661","0.271118700504303","0.530424952507019"
"1996000","-0.04808249697089195","-0.1635182797908783","0.06735328584909439"
"1998000","0.0894540473818779","-0.09451527893543243","0.27342337369918823"
"2000000","0.07406767830252647","-0.07206132262945175","0.2201966792345047"