"Step","Grouped runs - collection/reward/intrinsic_episode_reward_max","Grouped runs - collection/reward/intrinsic_episode_reward_max__MIN","Grouped runs - collection/reward/intrinsic_episode_reward_max__MAX"
"2000","0","0","0"
"4000","1.2957692444324493","0.5618839859962463","2.0296545028686523"
"6000","1.2453010827302933","0.02928510308265686","2.4613170623779297"
"8000","0.7909412086009979","0.49301666021347046","1.0888657569885254"
"10000","1.2815907001495361","1.1617145538330078","1.4014668464660645"
"12000","0.16895156353712082","-0.08329050242900848","0.4211936295032501"
"14000","0.04935562610626221","-0.2588343620300293","0.3575456142425537"
"16000","-0.022287197411060333","-0.20943434536457062","0.16485995054244995"
"18000","0.9700543284416199","0.5160200595855713","1.4240885972976685"
"20000","0.8633778989315033","-0.4579485058784485","2.184704303741455"
"22000","0.4880579262971878","0.34062859416007996","0.6354872584342957"
"24000","0.8034127950668335","0.637641191482544","0.969184398651123"
"26000","0.28685083985328674","-0.36908847093582153","0.942790150642395"
"28000","0.5696020573377609","0.1127215325832367","1.0264825820922852"
"30000","0.2865438610315323","0.1931689977645874","0.3799187242984772"
"32000","0.5884200036525726","0.4820162057876587","0.6948238015174866"
"34000","0.6220639944076538","0.21077609062194824","1.0333518981933594"
"36000","0.7226380407810211","0.1958191990852356","1.2494568824768066"
"38000","0.49444863200187683","0.3967054486274719","0.5921918153762817"
"40000","0.09839842841029167","0.09366356581449509","0.10313329100608826"
"42000","0.27557436376810074","0.0849965363740921","0.4661521911621094"
"44000","0.0779203325510025","-0.07863041758537292","0.23447108268737793"
"46000","0.025350503623485565","-0.043304428458213806","0.09400543570518494"
"48000","0.43242286145687103","0.11615416407585144","0.7486915588378906"
"50000","0.6761088222265244","0.3421265780925751","1.0100910663604736"
"52000","0.49767298251390457","0.21418417990207672","0.7811617851257324"
"54000","0.27719734981656075","-0.03880264610052109","0.5931973457336426"
"56000","0.5007769167423248","0.17224252223968506","0.8293113112449646"
"58000","0.6078435778617859","0.565268874168396","0.6504182815551758"
"60000","0.3242483586072922","0.3038088381290436","0.34468787908554077"
"62000","0.4360551983118057","0.1924223005771637","0.6796880960464478"
"64000","0.1800590492784977","0.11490058153867722","0.24521751701831818"
"66000","0.12825601175427437","0.07596152275800705","0.1805505007505417"
"68000","0.32470350712537766","0.11485116183757782","0.5345558524131775"
"70000","0.10345635400153697","0.007054817397147417","0.1998578906059265"
"72000","0.5881556123495102","0.1425451934337616","1.0337660312652588"
"74000","0.18612372875213623","0.17151755094528198","0.20072990655899048"
"76000","0.3925686925649643","0.31869807839393616","0.46643930673599243"
"78000","0.32498594745993614","0.044564180076122284","0.60540771484375"
"80000","0.28132763504981995","0.12773853540420532","0.43491673469543457"
"82000","0.4194234758615494","0.31844034790992737","0.5204066038131714"
"84000","0.5822543799877167","0.17573589086532593","0.9887728691101074"
"86000","0.5108237862586975","0.4566028118133545","0.5650447607040405"
"88000","0.12822637427598238","-0.005922248587012291","0.26237499713897705"
"90000","0.22346939891576767","0.1201685220003128","0.32677027583122253"
"92000","0.13254061341285706","0.0526045560836792","0.2124766707420349"
"94000","0.323316790163517","0.15478076040744781","0.4918528199195862"
"96000","0.22500299662351608","0.13424913585186005","0.3157568573951721"
"98000","0.5432369560003281","0.2830002009868622","0.803473711013794"
"100000","0.38147303462028503","0.2775353789329529","0.4854106903076172"
"102000","0.3681110814213753","0.17808546125888824","0.5581367015838623"
"104000","0.342363104224205","0.3000533878803253","0.3846728205680847"
"106000","0.2198367565870285","0.13888701796531677","0.30078649520874023"
"108000","0.314467191696167","0.2089608907699585","0.4199734926223755"
"110000","0.34907215437851846","-0.0014864285476505756","0.6996307373046875"
"112000","0.24545515328645706","0.0018599778413772583","0.48905032873153687"
"114000","0.2170488564297557","0.030399268493056297","0.4036984443664551"
"116000","0.19828901439905167","0.07979254424571991","0.3167854845523834"
"118000","0.13636481761932373","0.06777042150497437","0.2049592137336731"
"120000","0.010405313223600388","0.008630968630313873","0.012179657816886902"
"122000","0.17380107939243317","0.10064291954040527","0.24695923924446106"
"124000","-0.012738235760480165","-0.01791251450777054","-0.007563957013189793"
"126000","0.5153971314430237","0.3670128583908081","0.6637814044952393"
"128000","0.4799722656607628","0.11872057616710663","0.841223955154419"
"130000","0.3924211412668228","0.3129938840866089","0.47184839844703674"
"132000","0.6261333227157593","0.39374005794525146","0.8585265874862671"
"134000","0.38101834803819656","0.15524418652057648","0.6067925095558167"
"136000","0.19652844220399857","0.10152928531169891","0.2915275990962982"
"138000","0.4285697191953659","0.22420653700828552","0.6329329013824463"
"140000","0.21488530933856964","0.2108667492866516","0.21890386939048767"
"142000","0.23755553551018238","-0.022546973079442978","0.49765804409980774"
"144000","0.08151029236614704","0.053046416491270065","0.10997416824102402"
"146000","0.3255161643028259","-0.09591859579086304","0.7469509243965149"
"148000","0.07937785238027573","-0.12475593388080597","0.2835116386413574"
"150000","0.5416637733578682","0.0825592428445816","1.0007683038711548"
"152000","0.14735914766788483","0.14150020480155945","0.1532180905342102"
"154000","0.051021918654441833","-0.11701333522796631","0.21905717253684998"
"156000","-0.04502231627702713","-0.15929025411605835","0.06924562156200409"
"158000","0.1418093666434288","0.0686366856098175","0.2149820476770401"
"160000","0.029132679104804993","-0.15327951312065125","0.21154487133026123"
"162000","0.3813065756112337","0.051073942333459854","0.7115392088890076"
"164000","0.08428077306598425","0.029311655089259148","0.13924989104270935"
"166000","0.305476613342762","0.07756824791431427","0.5333849787712097"
"168000","0.058844540268182755","0.03937765210866928","0.07831142842769623"
"170000","0.49993251264095306","0.3564562499523163","0.6434087753295898"
"172000","0.3098718822002411","0.22639429569244385","0.39334946870803833"
"174000","0.38602033257484436","0.2459162473678589","0.5261244177818298"
"176000","0.26912925858050585","-0.0004169102758169174","0.5386754274368286"
"178000","0.3961664140224457","0.30673399567604065","0.4855988323688507"
"180000","0.06068776175379753","-0.07133784145116806","0.19271336495876312"
"182000","0.48986583948135376","0.36230576038360596","0.6174259185791016"
"184000","-0.11309450911357999","-0.23665349185466766","0.010464473627507687"
"186000","0.12797818705439568","-0.03515557199716568","0.29111194610595703"
"188000","0.3288939893245697","0.14275223016738892","0.5150357484817505"
"190000","0.3367338180541992","0.29120439291000366","0.3822632431983948"
"192000","-0.003374546766281128","-0.13183698058128357","0.1250878870487213"
"194000","-0.09737206622958183","-0.22147665917873383","0.02673252671957016"
"196000","-0.06879962980747223","-0.07041734457015991","-0.06718191504478455"
"198000","0.3631168380379677","0.003099873661994934","0.7231338024139404"
"200000","0.4181259013712406","0.08400136977434158","0.7522504329681396"
"202000","0.478385329246521","0.4279186725616455","0.5288519859313965"
"204000","0.1676306426525116","0.15306049585342407","0.18220078945159912"
"206000","0.17844649404287338","0.06375806033611298","0.2931349277496338"
"208000","0.9402055144309998","0.38594770431518555","1.494463324546814"
"210000","0.17868676595389843","-0.0035843290388584137","0.3609578609466553"
"212000","0.5424257814884186","0.4951819181442261","0.5896696448326111"
"214000","0.05542553402483463","-0.021824967116117477","0.13267603516578674"
"216000","0.2655666470527649","-0.2596367597579956","0.7907700538635254"
"218000","0.45083872973918915","0.3253506124019623","0.576326847076416"
"220000","0.1938415691256523","0.17431841790676117","0.21336472034454346"
"222000","0.09964311867952347","0.07104413211345673","0.1282421052455902"
"224000","0.3269626647233963","0.17086806893348694","0.48305726051330566"
"226000","0.13883125968277454","0.026973221451044083","0.250689297914505"
"228000","0.10341324703767896","0.00327934417873621","0.2035471498966217"
"230000","0.299770787358284","0.14807096123695374","0.45147061347961426"
"232000","0.556205078959465","0.187406986951828","0.925003170967102"
"234000","0.2205963432788849","0.1306350827217102","0.31055760383605957"
"236000","0.2216201201081276","0.1544950157403946","0.2887452244758606"
"238000","-0.024248942732810974","-0.0383572056889534","-0.010140679776668549"
"240000","0.353532629320398","0.002309833187609911","0.704755425453186"
"242000","0.0704900436103344","0.03687254339456558","0.10410754382610321"
"244000","0.2557975724339485","0.1293531209230423","0.38224202394485474"
"246000","0.2282533496618271","0.1736685335636139","0.2828381657600403"
"248000","-0.05949164181947708","-0.17983119189739227","0.06084790825843811"
"250000","0.14482316002249718","0.02784978598356247","0.2617965340614319"
"252000","0.39728519320487976","0.1554216742515564","0.6391487121582031"
"254000","0.15040223300457","0.14225468039512634","0.15854978561401367"
"256000","0.7536682486534119","0.7413140535354614","0.7660224437713623"
"258000","0.1176148783415556","-0.026398751884698868","0.26162850856781006"
"260000","0.1670982576906681","0.09424435347318649","0.23995216190814972"
"262000","0.11254613846540451","-0.10883642733097076","0.3339287042617798"
"264000","0.18596412241458893","0.1530313342809677","0.21889691054821014"
"266000","0.09557193145155907","0.050815604627132416","0.14032825827598572"
"268000","0.39557793736457825","0.36709851026535034","0.42405736446380615"
"270000","0.14777173846960068","0.14550364017486572","0.15003983676433563"
"272000","0.43617191165685654","0.2417868822813034","0.6305569410324097"
"274000","-0.02919495292007923","-0.0910920649766922","0.03270215913653374"
"276000","0.48538610339164734","0.2610655426979065","0.7097066640853882"
"278000","0.49729377031326294","0.46939051151275635","0.5251970291137695"
"280000","0.5084120631217957","0.39879679679870605","0.6180273294448853"
"282000","0.2584509924054146","0.21534763276576996","0.3015543520450592"
"284000","0.12304865196347237","0.056790344417095184","0.18930695950984955"
"286000","0.13362783193588257","-0.06259915232658386","0.329854816198349"
"288000","0.17626218497753143","-0.16945937275886536","0.5219837427139282"
"290000","0.2236669585108757","0.05193345248699188","0.3954004645347595"
"292000","0.18438675999641418","0.12202304601669312","0.24675047397613525"
"294000","0.2728816494345665","0.2185666412115097","0.3271966576576233"
"296000","0.37079277262091637","0.0397145077586174","0.7018710374832153"
"298000","0.06083764135837555","-0.11939769983291626","0.24107298254966736"
"300000","0.24174057692289352","0.1072540134191513","0.37622714042663574"
"302000","-0.1107705868780613","-0.26167863607406616","0.04013746231794357"
"304000","-0.01607816549949348","-0.02728833630681038","-0.00486799469217658"
"306000","-0.3034087270498276","-0.5470516681671143","-0.059765785932540894"
"308000","0.2316291406750679","0.18029604852199554","0.28296223282814026"
"310000","0.12640249729156494","-0.02327898144721985","0.27608397603034973"
"312000","0.6566823273897171","0.32243093848228455","0.9909337162971497"
"314000","0.27389802038669586","0.18991240859031677","0.35788363218307495"
"316000","0.29517389833927155","0.27353599667549133","0.31681180000305176"
"318000","0.8130967915058136","0.5905149579048157","1.0356786251068115"
"320000","0.0846627950668335","0.06917179375886917","0.10015379637479782"
"322000","0.5001718774437904","0.17879410088062286","0.821549654006958"
"324000","0.3395258039236069","0.2800142765045166","0.39903733134269714"
"326000","0.3791203945875168","0.3153800964355469","0.4428606927394867"
"328000","0.2033641766756773","-0.03397390618920326","0.44070225954055786"
"330000","0.5351121127605438","0.3602628707885742","0.7099613547325134"
"332000","0.41882988810539246","0.2677246332168579","0.569935142993927"
"334000","0.25782934203743935","0.1010444238781929","0.4146142601966858"
"336000","0.4591359421610832","0.09399913251399994","0.8242727518081665"
"338000","0.10055746883153915","0.08628641068935394","0.11482852697372437"
"340000","-0.029433809220790863","-0.05022788420319557","-0.008639734238386154"
"342000","0.3082340806722641","0.20569011569023132","0.4107780456542969"
"344000","0.305395245552063","0.24063849449157715","0.37015199661254883"
"346000","0.3989948481321335","0.24854770302772522","0.5494419932365417"
"348000","0.40962716937065125","0.3987051844596863","0.4205491542816162"
"350000","0.14861325174570084","0.13776351511478424","0.15946298837661743"
"352000","0.21766410768032074","0.1419350802898407","0.2933931350708008"
"354000","0.20930523425340652","-0.11515353620052338","0.5337640047073364"
"356000","0.5548741966485977","0.3467145264148712","0.7630338668823242"
"358000","0.35638487339019775","0.20975983142852783","0.5030099153518677"
"360000","0.11016838997602463","0.086988165974617","0.13334861397743225"
"362000","0.015173066407442093","-0.03599528223276138","0.06634141504764557"
"364000","0.14673736691474915","-0.082058846950531","0.3755335807800293"
"366000","0.1813492476940155","0.14639350771903992","0.2163049876689911"
"368000","-0.06937730312347412","-0.25455111265182495","0.11579650640487671"
"370000","0.1339249685406685","-0.1621338278055191","0.4299837648868561"
"372000","0.6481516398489475","0.061637409031391144","1.234665870666504"
"374000","0.2975950986146927","0.1342439353466034","0.460946261882782"
"376000","-0.07824763003736734","-0.15891657769680023","0.002421317622065544"
"378000","0.007212508469820023","-0.045535191893577576","0.05996020883321762"
"380000","0.3731120824813843","0.2901420593261719","0.4560821056365967"
"382000","0.18425249308347702","0.18215312063694","0.18635186553001404"
"384000","0.3055094853043556","0.1799299567937851","0.43108901381492615"
"386000","-0.03296317532658577","-0.13712529838085175","0.0711989477276802"
"388000","0.2916662022471428","0.16537664830684662","0.41795575618743896"
"390000","0.37065771222114563","0.1896054744720459","0.5517099499702454"
"392000","0.11849294789135456","0.01192963495850563","0.2250562608242035"
"394000","0.1664395686239004","0.009045731276273727","0.3238334059715271"
"396000","0.05427166074514389","0.010507442057132721","0.09803587943315506"
"398000","0.21267195045948029","0.10937419533729553","0.31596970558166504"
"400000","0.48024824261665344","-0.0041977763175964355","0.9646942615509033"
"402000","0.2161758467555046","-0.15988434851169586","0.5922360420227051"
"404000","0.40036286413669586","0.37178176641464233","0.4289439618587494"
"406000","0.5237254649400711","0.23715320229530334","0.8102977275848389"
"408000","0.23865506052970886","0.03752359747886658","0.43978652358055115"
"410000","0.2373044267296791","0.19082589447498322","0.283782958984375"
"412000","0.2660607248544693","0.2236821949481964","0.3084392547607422"
"414000","0.3728395700454712","0.0809294581413269","0.6647496819496155"
"416000","0.5077654421329498","0.281807541847229","0.7337233424186707"
"418000","0.08349127322435379","0.05686000734567642","0.11012253910303116"
"420000","0.3084098696708679","0.25732773542404175","0.3594920039176941"
"422000","0.1749666929244995","0.1609278917312622","0.18900549411773682"
"424000","0.10623445361852646","0.03186357021331787","0.18060533702373505"
"426000","0.27907896041870117","0.21925747394561768","0.33890044689178467"
"428000","0.09018731117248535","-0.16791552305221558","0.3482901453971863"
"430000","0.40642158687114716","0.1275198757648468","0.6853232979774475"
"432000","0.09706271253526211","0.05464706942439079","0.13947835564613342"
"434000","0.07917407713830471","0.05930865928530693","0.09903949499130249"
"436000","0.17405737657099962","0.026990437880158424","0.3211243152618408"
"438000","0.1992279812693596","0.19156873226165771","0.20688723027706146"
"440000","0.1502467766404152","0.12468774616718292","0.17580580711364746"
"442000","0.13469615206122398","0.09181904047727585","0.17757326364517212"
"444000","0.08923176862299442","-0.026494290679693222","0.20495782792568207"
"446000","0.23004200309515","0.08453209698200226","0.37555190920829773"
"448000","0.09540855186060071","0.009933874942362309","0.1808832287788391"
"450000","0.123564338311553","0.055329155176877975","0.19179952144622803"
"452000","0.29711044393479824","0.02745838090777397","0.5667625069618225"
"454000","0.1510116197168827","0.0710301473736763","0.2309930920600891"
"456000","0.3154934123158455","-0.037025436758995056","0.668012261390686"
"458000","0.373674213886261","0.08362388610839844","0.6637245416641235"
"460000","0.48147372901439667","0.3584870398044586","0.6044604182243347"
"462000","0.4826997220516205","0.24135684967041016","0.7240425944328308"
"464000","0.2214378770440817","0.030340295284986496","0.4125354588031769"
"466000","0.15492373332381248","0.04676371067762375","0.2630837559700012"
"468000","0.5698736310005188","0.419988214969635","0.7197590470314026"
"470000","0.9986470341682434","0.8222612142562866","1.1750328540802002"
"472000","0.17988434433937073","-0.08044064044952393","0.4402093291282654"
"474000","0.5154053308069706","0.0863153412938118","0.9444953203201294"
"476000","0.39094559848308563","0.3045291006565094","0.47736209630966187"
"478000","0.146232470870018","0.11690764129161835","0.17555730044841766"
"480000","0.4451277554035187","0.43123310804367065","0.4590224027633667"
"482000","0.628946989774704","0.5570730566978455","0.7008209228515625"
"484000","0.2938866913318634","0.22275879979133606","0.36501458287239075"
"486000","0.3420603796839714","0.16067199409008026","0.5234487652778625"
"488000","0.4984078984707594","-0.015717152506113052","1.0125329494476318"
"490000","0.04405354708433151","-0.08800831437110901","0.17611540853977203"
"492000","0.014303188771009445","-0.04012566804885864","0.06873204559087753"
"494000","0.26050617173314095","-0.04583599418401718","0.5668483376502991"
"496000","0.45738935470581055","0.1450178623199463","0.7697608470916748"
"498000","0.21139109879732132","-0.004887208342552185","0.4276694059371948"
"500000","0.27681754529476166","0.1346917450428009","0.4189433455467224"
"502000","0.169605053961277","0.1362825185060501","0.2029275894165039"
"504000","0.017235788516700268","0.0163668654859066","0.018104711547493935"
"506000","0.20170049369335175","0.13636931777000427","0.2670316696166992"
"508000","0.44979381188750267","0.07348030060529709","0.8261073231697083"
"510000","0.32788587734103203","0.05260094255208969","0.6031708121299744"
"512000","0.021668720990419388","0.00028005242347717285","0.0430573895573616"
"514000","0.2056781891733408","0.04937167838215828","0.3619846999645233"
"516000","0.33903435431420803","0.032047104090452194","0.6460216045379639"
"518000","0.36775726079940796","0.12310051918029785","0.6124140024185181"
"520000","0.41113487631082535","0.06134672462940216","0.7609230279922485"
"522000","0.29788827151060104","0.0723177045583725","0.5234588384628296"
"524000","0.1871587261557579","0.14506900310516357","0.22924844920635223"
"526000","0.12116651237010956","-0.12617042660713196","0.3685034513473511"
"528000","0.5182503461837769","0.4570217728614807","0.579478919506073"
"530000","0.28913265466690063","0.1719110906124115","0.40635421872138977"
"532000","0.3169417604804039","0.09087197482585907","0.5430115461349487"
"534000","0.02597177680581808","0.01029815711081028","0.04164539650082588"
"536000","0.1702113300561905","0.12329304218292236","0.21712961792945862"
"538000","0.1590937077999115","0.004308789968490601","0.3138786256313324"
"540000","0.26658637821674347","0.12585043907165527","0.40732231736183167"
"542000","0.15740049816668034","0.05282663181424141","0.26197436451911926"
"544000","0.17126437183469534","0.03015042655169964","0.31237831711769104"
"546000","0.13175047561526299","0.09922150522470474","0.16427944600582123"
"548000","0.23967306315898895","0.19221946597099304","0.28712666034698486"
"550000","0.3204546347260475","0.11981113255023956","0.5210981369018555"
"552000","0.17838696390390396","0.05232708156108856","0.30444684624671936"
"554000","0.21742544695734978","0.11181130260229111","0.32303959131240845"
"556000","0.2374710664153099","0.1563333123922348","0.318608820438385"
"558000","0.0315004950389266","0.00928555242717266","0.05371543765068054"
"560000","0.31561389192938805","0.07329707592725754","0.5579307079315186"
"562000","0.17887641489505768","0.10533839464187622","0.25241443514823914"
"564000","-0.05541394650936127","-0.1974335014820099","0.08660560846328735"
"566000","0.22191572934389114","0.21533440053462982","0.22849705815315247"
"568000","-0.032297283411026","-0.4170920252799988","0.3524974584579468"
"570000","0.341531902551651","0.32060861587524414","0.36245518922805786"
"572000","-0.031349838711321354","-0.05118937790393829","-0.011510299518704414"
"574000","0.050676874816417694","-0.013652011752128601","0.11500576138496399"
"576000","0.4296746999025345","-0.035110265016555786","0.8944596648216248"
"578000","-0.0040403008460998535","-0.05906780809164047","0.050987206399440765"
"580000","0.3730997145175934","0.3276492953300476","0.41855013370513916"
"582000","0.1162194311618805","-0.20142748951911926","0.43386635184288025"
"584000","0.09235173324123025","0.004109513945877552","0.18059395253658295"
"586000","0.10092291235923767","-0.09376081824302673","0.2956066429615021"
"588000","0.3789161294698715","0.19394245743751526","0.5638898015022278"
"590000","0.2712507694377564","-0.0017303527565672994","0.5442318916320801"
"592000","0.08718175673857331","0.00747536588460207","0.16688814759254456"
"594000","0.12375029921531677","-0.0772848129272461","0.32478541135787964"
"596000","0.1980534791946411","0.15258795022964478","0.24351900815963745"
"598000","0.11504508927464485","-0.06820061057806015","0.29829078912734985"
"600000","0.1756148897111416","0.09873240441083908","0.2524973750114441"
"602000","0.36579613015055656","0.11842688173055649","0.6131653785705566"
"604000","0.07495308481156826","0.0053314827382564545","0.14457468688488007"
"606000","0.25340334326028824","0.09981034696102142","0.40699633955955505"
"608000","0.416418120265007","0.3427990674972534","0.4900371730327606"
"610000","0.22383278608322144","0.20943579077720642","0.23822978138923645"
"612000","0.5411214511841536","0.009613331407308578","1.0726295709609985"
"614000","0.3226064369082451","0.22873185575008392","0.41648101806640625"
"616000","0.15010207518935204","-0.08758438378572464","0.3877885341644287"
"618000","0.26546117663383484","0.2409062683582306","0.2900160849094391"
"620000","0.4864715840667486","-0.013004142791032791","0.98594731092453"
"622000","0.39112965017557144","0.23427696526050568","0.5479823350906372"
"624000","0.45090922713279724","0.4242526888847351","0.4775657653808594"
"626000","-0.06152974860742688","-0.10750940442085266","-0.015550092794001102"
"628000","0.40167927742004395","0.2528703212738037","0.5504882335662842"
"630000","0.00332031212747097","-0.054690755903720856","0.061331380158662796"
"632000","0.258622944355011","0.22605827450752258","0.2911876142024994"
"634000","-0.0032888418063521385","-0.014765605330467224","0.008187921717762947"
"636000","0.030640892684459686","-0.06479279696941376","0.12607458233833313"
"638000","0.09072944743093103","0.0017704262863844633","0.1796884685754776"
"640000","0.009677689522504807","-0.017434637993574142","0.036790017038583755"
"642000","0.18271522223949432","0.1203649640083313","0.24506548047065735"
"644000","0.206847557798028","0.03875984624028206","0.3749352693557739"
"646000","0.2100350558757782","0.14122235774993896","0.27884775400161743"
"648000","0.27161499857902527","0.1927042007446289","0.35052579641342163"
"650000","0.0996573381125927","0.07514527440071106","0.12416940182447433"
"652000","0.16124262777157128","-0.0022725588642060757","0.32475781440734863"
"654000","0.3097711093723774","0.04600445181131363","0.5735377669334412"
"656000","0.3661104291677475","0.2820684015750885","0.4501524567604065"
"658000","0.19996124878525734","0.10541356354951859","0.2945089340209961"
"660000","0.18120799213647842","0.12237048149108887","0.24004550278186798"
"662000","0.3718506246805191","0.3393881916999817","0.4043130576610565"
"664000","0.11491802707314491","0.05567682534456253","0.1741592288017273"
"666000","0.3446481451392174","0.24324117600917816","0.4460551142692566"
"668000","0.1955469250679016","0.12759730219841003","0.2634965479373932"
"670000","0.22063404321670532","0.09819236397743225","0.3430757224559784"
"672000","0.12484406307339668","-0.0065260156989097595","0.2562141418457031"
"674000","0.5180065929889679","0.4743505120277405","0.5616626739501953"
"676000","-0.011209295131266117","-0.04868585988879204","0.026267269626259804"
"678000","0.31026241183280945","0.2187671661376953","0.4017576575279236"
"680000","0.1964552253484726","0.13612332940101624","0.25678712129592896"
"682000","0.014872647821903229","-0.021830983459949493","0.05157627910375595"
"684000","-0.00839182734489441","-0.1202332153916359","0.10344956070184708"
"686000","0.2950948178768158","0.27234572172164917","0.3178439140319824"
"688000","0.3800918087363243","0.20580057799816132","0.5543830394744873"
"690000","0.06457338482141495","-0.10228608548641205","0.23143285512924194"
"692000","0.574320986866951","0.38375696539878845","0.7648850083351135"
"694000","0.210487999022007","0.1135193258523941","0.3074566721916199"
"696000","0.1060371957719326","0.08291592448949814","0.12915846705436707"
"698000","0.08700423315167427","0.05447910726070404","0.1195293590426445"
"700000","0.17013058811426163","0.0865977555513382","0.25366342067718506"
"702000","0.17875894531607628","0.03960629552602768","0.3179115951061249"
"704000","0.4040025903377682","0.005213585216552019","0.8027915954589844"
"706000","0.02419194206595421","0.005495648831129074","0.04288823530077934"
"708000","0.18598352000117302","0.03787346929311752","0.3340935707092285"
"710000","0.2084936909377575","0.10991775244474411","0.3070696294307709"
"712000","0.07911821454763412","-0.04532606899738312","0.20356249809265137"
"714000","0.21330327540636063","0.07073096930980682","0.35587558150291443"
"716000","0.41285866498947144","0.3547765016555786","0.47094082832336426"
"718000","0.11265720427036285","0.03755390644073486","0.18776050209999084"
"720000","0.2207961454987526","0.06436826288700104","0.37722402811050415"
"722000","0.016907671000808477","0.0005813492462038994","0.033233992755413055"
"724000","0.05538336932659149","-0.08428594470024109","0.19505268335342407"
"726000","0.26204946637153625","0.22262945771217346","0.30146947503089905"
"728000","0.05307023145724088","0.0034512116108089685","0.10268925130367279"
"730000","0.38338586688041687","0.2345285415649414","0.5322431921958923"
"732000","0.3699512556195259","0.18944723904132843","0.5504552721977234"
"734000","0.31520552933216095","0.14655569195747375","0.48385536670684814"
"736000","0.3334091454744339","0.18425461649894714","0.48256367444992065"
"738000","0.3836315870285034","0.31506383419036865","0.4521993398666382"
"740000","0.2799752503633499","0.08670076727867126","0.47324973344802856"
"742000","0.20528730005025864","0.19516892731189728","0.21540567278862"
"744000","-0.07058190926909447","-0.22460025548934937","0.08343643695116043"
"746000","0.42026881873607635","0.24434950947761536","0.5961881279945374"
"748000","0.22563771903514862","-0.004720717668533325","0.45599615573883057"
"750000","0.3276895433664322","0.2324010729789734","0.422978013753891"
"752000","0.09255831222981215","0.009055202826857567","0.17606142163276672"
"754000","0.3235632926225662","0.1438559591770172","0.5032706260681152"
"756000","0.1095963567495346","0.06267116963863373","0.15652154386043549"
"758000","0.18531220685690641","0.017003854736685753","0.3536205589771271"
"760000","0.3973233550786972","0.3236684501171112","0.4709782600402832"
"762000","0.3355488181114197","0.12898540496826172","0.5421122312545776"
"764000","-0.016184295644052327","-0.035207249224185944","0.0028386579360812902"
"766000","0.22015272080898285","0.21693283319473267","0.22337260842323303"
"768000","0.4578595906496048","0.43919265270233154","0.47652652859687805"
"770000","0.09022314846515656","0.06748732179403305","0.11295897513628006"
"772000","0.07602670602500439","0.025530662387609482","0.1265227496623993"
"774000","0.43949560821056366","0.37030985951423645","0.5086813569068909"
"776000","0.473889097571373","0.3757013976573944","0.5720767974853516"
"778000","0.05560664087533951","-0.034415215253829956","0.14562849700450897"
"780000","0.5634516924619675","0.452782541513443","0.6741208434104919"
"782000","0.10131842130795121","0.010984872467815876","0.19165197014808655"
"784000","0.16807343810796738","0.13325463235378265","0.2028922438621521"
"786000","0.03274138085544109","-0.03261011466383934","0.09809287637472153"
"788000","0.3281894400715828","0.20344291627407074","0.45293596386909485"
"790000","0.13631705567240715","0.06795232743024826","0.20468178391456604"
"792000","0.019017760176211596","-0.0022129854187369347","0.040248505771160126"
"794000","0.21449913829565048","0.10678090155124664","0.3222173750400543"
"796000","-0.029254430904984474","-0.04197963327169418","-0.016529228538274765"
"798000","0.23934002220630646","0.10671275854110718","0.37196728587150574"
"800000","0.2129962518811226","0.038421615958213806","0.38757088780403137"
"802000","0.2407923974096775","0.09517601877450943","0.3864087760448456"
"804000","0.2610715925693512","0.13565152883529663","0.38649165630340576"
"806000","0.6891707181930542","0.4255666732788086","0.9527747631072998"
"808000","0.2808898091316223","0.2641066908836365","0.29767292737960815"
"810000","0.16821378469467163","0.14173370599746704","0.19469386339187622"
"812000","0.22534459829330444","0.11062559485435486","0.34006360173225403"
"814000","0.11045741639100015","0.0065542529337108135","0.2143605798482895"
"816000","0.0865592285990715","-0.037949755787849426","0.21106821298599243"
"818000","0.21170446276664734","0.07681864500045776","0.3465902805328369"
"820000","0.19197459891438484","0.09946835786104202","0.28448083996772766"
"822000","0.5421107113361359","0.3511366844177246","0.7330847382545471"
"824000","0.3409624993801117","0.13026577234268188","0.5516592264175415"
"826000","0.017397338524460793","0.0006392151117324829","0.0341554619371891"
"828000","0.0053467703983187675","-0.015662120655179024","0.02635566145181656"
"830000","0.03292302042245865","-0.02086188644170761","0.08670792728662491"
"832000","0.07326923683285713","0.03313479572534561","0.11340367794036865"
"834000","0.017206326127052307","-0.0012250691652297974","0.03563772141933441"
"836000","0.2648794874548912","0.17337749898433685","0.35638147592544556"
"838000","0.1966414824128151","0.10199512541294098","0.2912878394126892"
"840000","0.329650342464447","0.26085540652275085","0.3984452784061432"
"842000","0.4058448523283005","0.30899521708488464","0.5026944875717163"
"844000","0.1907423436641693","0.13992123305797577","0.24156345427036285"
"846000","0.21404878050088882","0.03568689525127411","0.39241066575050354"
"848000","0.16450189799070358","0.07374410331249237","0.2552596926689148"
"850000","-0.003928903490304947","-0.06985453516244888","0.06199672818183899"
"852000","0.0910678394138813","0.0884554386138916","0.093680240213871"
"854000","0.022121290559880435","-0.0031697696540504694","0.04741235077381134"
"856000","0.15433956682682037","0.06756716966629028","0.24111196398735046"
"858000","0.014576263725757599","-0.0639110803604126","0.0930636078119278"
"860000","0.2962556853890419","0.20604242384433746","0.38646894693374634"
"862000","0.24103234708309174","0.1279134452342987","0.35415124893188477"
"864000","0.012745929881930351","-0.03236322104930878","0.05785508081316948"
"866000","0.14767102524638176","0.10502638667821884","0.19031566381454468"
"868000","0.25039616227149963","0.12516334652900696","0.3756289780139923"
"870000","0.16456825844943523","0.019645776599645615","0.30949074029922485"
"872000","0.2566164140589535","0.012714863754808903","0.5005179643630981"
"874000","0.5526530593633652","0.4100848138332367","0.6952213048934937"
"876000","0.01085201557725668","-0.00825868546962738","0.02996271662414074"
"878000","0.002268422394990921","-0.10597289353609085","0.11050973832607269"
"880000","0.22376781702041626","0.059675514698028564","0.38786011934280396"
"882000","0.01239282637834549","-0.019036978483200073","0.04382263123989105"
"884000","0.2534068841487169","0.033627692610025406","0.47318607568740845"
"886000","0.5331175401806831","0.1465679556131363","0.91966712474823"
"888000","0.25459614396095276","0.17602574825286865","0.33316653966903687"
"890000","0.0334065374918282","0.013501142151653767","0.05331193283200264"
"892000","0.1363486722111702","0.10795514285564423","0.16474220156669617"
"894000","0.1593048870563507","0.09749704599380493","0.22111272811889648"
"896000","0.14318116381764412","0.070330910384655","0.21603141725063324"
"898000","-0.012992092873901129","-0.03986794501543045","0.013883759267628193"
"900000","0.12555283680558205","0.11446557193994522","0.13664010167121887"
"902000","0.2355578988790512","0.15516936779022217","0.31594642996788025"
"904000","0.33826127648353577","0.04412645101547241","0.6323961019515991"
"906000","0.03153723292052746","0.01873255893588066","0.044341906905174255"
"908000","0.10053582862019539","0.09009168297052383","0.11097997426986694"
"910000","0.2525772526860237","0.004416599869728088","0.5007379055023193"
"912000","0.21418766677379608","0.20339658856391907","0.2249787449836731"
"914000","0.20116613805294037","0.13136950135231018","0.27096277475357056"
"916000","0.13479783409275115","0.007449582684785128","0.26214608550071716"
"918000","0.4917029100470245","-0.013186641968786716","0.9965924620628357"
"920000","0.3811221122741699","0.25717872381210327","0.5050655007362366"
"922000","0.12954546883702278","0.09117402881383896","0.1679169088602066"
"924000","0.37387390434741974","0.24618420004844666","0.5015636086463928"
"926000","0.12260199338197708","0.09968186914920807","0.1455221176147461"
"928000","0.22278227657079697","0.10217936336994171","0.3433851897716522"
"930000","0.15474790334701538","0.1492406129837036","0.16025519371032715"
"932000","0.24049468897283077","0.05380422994494438","0.42718514800071716"
"934000","0.28994540870189667","0.27206671237945557","0.30782410502433777"
"936000","0.09328940883278847","0.060892172157764435","0.1256866455078125"
"938000","0.5371506065130234","0.439707487821579","0.6345937252044678"
"940000","0.046839721500873566","-0.011999011039733887","0.10567845404148102"
"942000","0.4021633416414261","0.16579201817512512","0.638534665107727"
"944000","0.23092477023601532","0.09464731812477112","0.3672022223472595"
"946000","0.12860143184661865","0.018427640199661255","0.23877522349357605"
"948000","0.26124877110123634","0.06698674708604813","0.45551079511642456"
"950000","-0.02306005358695984","-0.12735344469547272","0.08123333752155304"
"952000","0.03333368944004178","0.005753637291491032","0.06091374158859253"
"954000","0.0966840386390686","0.056878745555877686","0.13648933172225952"
"956000","-0.019008230417966843","-0.05256721377372742","0.014550752937793732"
"958000","0.12409007269889116","0.0032666120678186417","0.24491353332996368"
"960000","0.2730856388807297","0.12903717160224915","0.4171341061592102"
"962000","0.07703219726681709","0.06827840954065323","0.08578598499298096"
"964000","0.37443236261606216","0.10977555811405182","0.6390891671180725"
"966000","0.16534476540982723","0.056731682270765305","0.27395784854888916"
"968000","0.36545126140117645","0.2661157548427582","0.4647867679595947"
"970000","0.22282294929027557","0.12367215752601624","0.3219737410545349"
"972000","0.03978566825389862","-0.13493287563323975","0.214504212141037"
"974000","0.2576843472197652","0.0007905308157205582","0.5145781636238098"
"976000","0.30747857689857483","0.18947386741638184","0.4254832863807678"
"978000","0.17045817524194717","0.025110438466072083","0.31580591201782227"
"980000","0.053955042734742165","0.05374906584620476","0.05416101962327957"
"982000","-0.004862884059548378","-0.054602980613708496","0.04487721249461174"
"984000","0.23501699417829514","0.15073262155056","0.3193013668060303"
"986000","0.12444472126662731","0.029854025691747665","0.21903541684150696"
"988000","0.47390227019786835","0.17463549971580505","0.7731690406799316"
"990000","0.7511387765407562","0.306022584438324","1.1962549686431885"
"992000","0.2360781878232956","0.1731037199497223","0.2990526556968689"
"994000","0.31307052820920944","0.031438931822776794","0.5947021245956421"
"996000","0.0941424947232008","0.05350596830248833","0.13477902114391327"
"998000","0.06840750575065613","-0.10801497101783752","0.24482998251914978"
"1000000","0.06434201914817095","-0.007363608106970787","0.13604764640331268"
"1002000","0.6296081095933914","0.4884505569934845","0.7707656621932983"
"1004000","0.07555266097187996","0.06187281012535095","0.08923251181840897"
"1006000","0.19366544857621193","0.04355812817811966","0.3437727689743042"
"1008000","0.21621567010879517","0.04473385214805603","0.3876974880695343"
"1010000","0.09520990028977394","0.0680377408862114","0.12238205969333649"
"1012000","0.05009450018405914","-0.06383039057254791","0.1640193909406662"
"1014000","0.04069322347640991","-0.2690902352333069","0.3504766821861267"
"1016000","0.09754667803645134","-0.08606589585542679","0.28115925192832947"
"1018000","0.053447188809514046","0.05200476944446564","0.054889608174562454"
"1020000","0.28238337859511375","0.0296776220202446","0.5350891351699829"
"1022000","0.2510489821434021","0.1397523581981659","0.3623456060886383"
"1024000","0.2427070438861847","0.1227729320526123","0.3626411557197571"
"1026000","-0.04596509272232652","-0.10533227026462555","0.013402084819972515"
"1028000","0.12575330957770348","0.0768640860915184","0.17464253306388855"
"1030000","0.17700525745749474","0.028662823140621185","0.3253476917743683"
"1032000","0.24661406129598618","0.03224097192287445","0.4609871506690979"
"1034000","0.368256077170372","0.15869954228401184","0.5778126120567322"
"1036000","0.12013878673315048","0.1183074414730072","0.12197013199329376"
"1038000","0.16670939326286316","0.08310461044311523","0.2503141760826111"
"1040000","0.13303003460168839","0.0842469334602356","0.18181313574314117"
"1042000","-0.024719424545764923","-0.1805122047662735","0.13107335567474365"
"1044000","0.11828530579805374","0.07893776893615723","0.15763284265995026"
"1046000","0.08773716166615486","0.08615130186080933","0.0893230214715004"
"1048000","0.1743687093257904","0.17179372906684875","0.17694368958473206"
"1050000","0.5886515080928802","0.4247824549674988","0.7525205612182617"
"1052000","0.8059384226799011","0.7962526082992554","0.8156242370605469"
"1054000","0.04976285621523857","-0.020250879228115082","0.11977659165859222"
"1056000","0.12946715205907822","0.010189056396484375","0.24874524772167206"
"1058000","0.4374433010816574","0.3925595283508301","0.48232707381248474"
"1060000","0.24568317830562592","0.22512131929397583","0.266245037317276"
"1062000","0.16005206108093262","0.09775525331497192","0.2223488688468933"
"1064000","0.5078317075967789","0.29290977120399475","0.722753643989563"
"1066000","0.160274900496006","0.12211154401302338","0.19843825697898865"
"1068000","0.24545899778604507","0.09776528179645538","0.39315271377563477"
"1070000","0.4229401499032974","0.16733500361442566","0.6785452961921692"
"1072000","0.1852630376815796","0.16976237297058105","0.20076370239257812"
"1074000","0.42983347177505493","0.25369328260421753","0.6059736609458923"
"1076000","0.20705301314592361","0.12346385419368744","0.2906421720981598"
"1078000","0.3038366436958313","0.14439275860786438","0.4632805287837982"
"1080000","0.16107157617807388","0.011681482195854187","0.3104616701602936"
"1082000","0.1891962995287031","-0.0067911227233707905","0.385183721780777"
"1084000","0.19334942009299994","0.021425334736704826","0.36527350544929504"
"1086000","0.328096404671669","0.2129240334033966","0.4432687759399414"
"1088000","0.5169991254806519","0.5124597549438477","0.521538496017456"
"1090000","0.0836682952940464","0.06990768760442734","0.09742890298366547"
"1092000","0.39058250188827515","0.3264467120170593","0.45471829175949097"
"1094000","0.1918852999806404","0.1379675418138504","0.24580305814743042"
"1096000","0.014063771814107895","-0.03572879731655121","0.063856340944767"
"1098000","0.05572669208049774","0.0015784800052642822","0.1098749041557312"
"1100000","0.2273177057504654","0.0908345878124237","0.3638008236885071"
"1102000","0.2844659574329853","0.08611542731523514","0.4828164875507355"
"1104000","0.23815692588686943","-0.04260227829217911","0.518916130065918"
"1106000","0.10590434819459915","-0.06923778355121613","0.28104647994041443"
"1108000","0.10830437019467354","0.10340858995914459","0.11320015043020248"
"1110000","0.09869209676980972","-0.04738782346248627","0.2447720170021057"
"1112000","0.2677602916955948","0.23659682273864746","0.2989237606525421"
"1114000","0.05809006420895457","0.014865285716950893","0.10131484270095825"
"1116000","0.2452363222837448","0.14303332567214966","0.34743931889533997"
"1118000","0.2684703916311264","0.22863271832466125","0.30830806493759155"
"1120000","-0.023478357237763703","-0.04382379725575447","-0.003132917219772935"
"1122000","-0.018919131718575954","-0.019045226275920868","-0.01879303716123104"
"1124000","0.001813836395740509","-0.0521414652466774","0.05576913803815842"
"1126000","0.25765348225831985","0.19498206675052643","0.3203248977661133"
"1128000","0.5007068067789078","0.2569980323314667","0.7444155812263489"
"1130000","0.00398111529648304","-0.011231943964958191","0.01919417455792427"
"1132000","0.17614253610372543","-0.0166483074426651","0.36893337965011597"
"1134000","0.16362540423870087","0.1379995048046112","0.18925130367279053"
"1136000","-0.023840732872486115","-0.09906557202339172","0.051384106278419495"
"1138000","0.577489584684372","0.4820020794868469","0.672977089881897"
"1140000","0.3123888820409775","0.15007337927818298","0.474704384803772"
"1142000","0.19488896429538727","0.1586894690990448","0.23108845949172974"
"1144000","0.050840841606259346","0.016057763248682022","0.08562391996383667"
"1146000","0.05877972021698952","0.04614046961069107","0.07141897082328796"
"1148000","0.23891028761863708","0.1410423219203949","0.3367782533168793"
"1150000","0.20075198262929916","0.10509572923183441","0.2964082360267639"
"1152000","0.21548131853342056","0.1942659169435501","0.23669672012329102"
"1154000","0.41917236149311066","0.3397473692893982","0.4985973536968231"
"1156000","0.2680341303348541","0.21798282861709595","0.3180854320526123"
"1158000","0.12864217162132263","0.09316247701644897","0.1641218662261963"
"1160000","0.03967336378991604","-0.04989873245358467","0.12924546003341675"
"1162000","0.16832972317934036","0.0674060732126236","0.26925337314605713"
"1164000","0.1342655997723341","0.04996379837393761","0.2185674011707306"
"1166000","0.1528102457523346","0.03948897123336792","0.26613152027130127"
"1168000","0.16602591797709465","0.05675431340932846","0.27529752254486084"
"1170000","0.1980164684355259","0.07776174694299698","0.3182711899280548"
"1172000","0.12874460220336914","0.08458521962165833","0.17290398478507996"
"1174000","0.12384529784321785","0.10008392482995987","0.14760667085647583"
"1176000","0.3787454068660736","0.15031194686889648","0.6071788668632507"
"1178000","0.09282904490828514","0.016664870083332062","0.16899321973323822"
"1180000","0.3613279312849045","0.10196253657341003","0.6206933259963989"
"1182000","0.32232043147087097","0.2525780200958252","0.39206284284591675"
"1184000","0.111610297113657","0.08496440201997757","0.13825619220733643"
"1186000","0.1267576478421688","0.08439428359270096","0.16912101209163666"
"1188000","0.15307419002056122","-0.2061326801776886","0.512281060218811"
"1190000","0.22362359566614032","-0.0001931348815560341","0.44744032621383667"
"1192000","0.25834881514310837","-0.03882516920566559","0.5555227994918823"
"1194000","0.25808053091168404","0.09272805601358414","0.42343300580978394"
"1196000","0.26450733677484095","0.007655587512999773","0.5213590860366821"
"1198000","0.14060425758361816","0.12396690249443054","0.1572416126728058"
"1200000","0.09262392669916153","-0.008615642786026001","0.19386349618434906"
"1202000","0.20145247504115105","0.06259586662054062","0.3403090834617615"
"1204000","0.14082468394190073","-0.01673598401248455","0.298385351896286"
"1206000","0.1345616914331913","0.054168976843357086","0.2149544060230255"
"1208000","0.40852680802345276","0.2883012890815735","0.528752326965332"
"1210000","0.2426195591688156","0.14964047074317932","0.3355986475944519"
"1212000","0.20990872010588646","0.060870878398418427","0.3589465618133545"
"1214000","0.10979786887764931","0.08509299904108047","0.13450273871421814"
"1216000","0.16068416775669903","-0.0018200885970145464","0.3231884241104126"
"1218000","0.1026245653629303","0.052608802914619446","0.15264032781124115"
"1220000","0.03923743590712547","-0.02339911460876465","0.1018739864230156"
"1222000","0.09186053648591042","0.08671931177377701","0.09700176119804382"
"1224000","-0.007238442078232765","-0.04306472837924957","0.028587844222784042"
"1226000","0.02491147071123123","-0.08295205235481262","0.13277499377727509"
"1228000","0.19465617090463638","0.17339777946472168","0.2159145623445511"
"1230000","0.15772493928670883","0.09027419984340668","0.225175678730011"
"1232000","0.16483482718467712","0.11568918824195862","0.21398046612739563"
"1234000","0.039676010608673096","-0.0681404173374176","0.1474924385547638"
"1236000","0.10264568030834198","0.08795671910047531","0.11733464151620865"
"1238000","0.23645521700382233","0.19353380799293518","0.2793766260147095"
"1240000","0.06620489526540041","0.028510110452771187","0.10389968007802963"
"1242000","0.08476987667381763","0.02323601022362709","0.14630374312400818"
"1244000","0.011092988774180412","-0.013248272240161896","0.03543424978852272"
"1246000","0.48225462436676025","0.3641434907913208","0.6003657579421997"
"1248000","0.2020774520933628","0.11047659069299698","0.29367831349372864"
"1250000","0.31036193668842316","0.22871342301368713","0.3920104503631592"
"1252000","0.10947161912918091","-0.06382876634597778","0.2827720046043396"
"1254000","0.22518953308463097","0.10405265539884567","0.34632641077041626"
"1256000","0.46797867119312286","0.26458844542503357","0.6713688969612122"
"1258000","0.46629661321640015","0.4399350881576538","0.4926581382751465"
"1260000","0.279065411305055","0.006594798993319273","0.5515360236167908"
"1262000","0.25554321706295013","0.25148218870162964","0.25960424542427063"
"1264000","0.18292195349931717","0.11353357136249542","0.2523103356361389"
"1266000","0.25911427289247513","0.22752030193805695","0.2907082438468933"
"1268000","0.1789682349190116","0.029846755787730217","0.32808971405029297"
"1270000","0.3834033142775297","-0.05879959836602211","0.8256062269210815"
"1272000","0.20646580308675766","0.18268589675426483","0.2302457094192505"
"1274000","0.129526199772954","0.008119944483041763","0.2509324550628662"
"1276000","0.12022479996085167","0.044743068516254425","0.1957065314054489"
"1278000","0.1988830268383026","-0.024989336729049683","0.4227553904056549"
"1280000","0.28815536573529243","0.06997761875391006","0.5063331127166748"
"1282000","0.16106955707073212","0.14999930560588837","0.17213980853557587"
"1284000","0.4354490414261818","0.07649697363376617","0.7944011092185974"
"1286000","0.07724954560399055","0.041812650859355927","0.11268644034862518"
"1288000","0.3367314115166664","0.14565332233905792","0.5278095006942749"
"1290000","-0.017419081181287766","-0.022606931626796722","-0.012231230735778809"
"1292000","0.39376701414585114","0.3269416093826294","0.4605924189090729"
"1294000","0.09239120408892632","0.04724571853876114","0.1375366896390915"
"1296000","0.0067055560648441315","-0.032557833939790726","0.04596894606947899"
"1298000","0.19415971636772156","0.004384368658065796","0.3839350640773773"
"1300000","0.1630522385239601","0.05236749351024628","0.27373698353767395"
"1302000","0.1554008312523365","0.027406133711338043","0.28339552879333496"
"1304000","0.10122138634324074","0.084647998213768","0.11779477447271347"
"1306000","0.10403434187173843","0.06645497679710388","0.14161370694637299"
"1308000","0.011209485121071339","-0.022220494225621223","0.0446394644677639"
"1310000","0.39864618331193924","0.14851631224155426","0.6487760543823242"
"1312000","0.12078267824836075","-0.002932061906903982","0.2444974184036255"
"1314000","0.08089001453481615","-0.006327078212052584","0.16810710728168488"
"1316000","0.1594441905617714","0.052022650837898254","0.26686573028564453"
"1318000","0.12540939077734947","0.10288535803556442","0.14793342351913452"
"1320000","0.0843667984008789","0.023219525814056396","0.14551407098770142"
"1322000","0.20518078934401274","0.0030005481094121933","0.4073610305786133"
"1324000","0.253360029309988","0.04316704720258713","0.4635530114173889"
"1326000","0.12302086502313614","0.11751355230808258","0.1285281777381897"
"1328000","0.14861604198813438","0.12149197608232498","0.1757401078939438"
"1330000","0.1086159497499466","0.08054909110069275","0.13668280839920044"
"1332000","0.12899791821837425","0.05241667479276657","0.20557916164398193"
"1334000","0.0870182253420353","0.006478883326053619","0.16755756735801697"
"1336000","0.0807144995778799","-0.04914369061589241","0.21057268977165222"
"1338000","0.04467044770717621","0.022037677466869354","0.06730321794748306"
"1340000","0.1552697867155075","0.08186064660549164","0.22867892682552338"
"1342000","0.010120779741555452","0.005978831090033054","0.01426272839307785"
"1344000","0.08171265199780464","0.007854260504245758","0.15557104349136353"
"1346000","-0.008527529425919056","-0.009218093007802963","-0.007836965844035149"
"1348000","0.2340308204293251","0.11907126009464264","0.34899038076400757"
"1350000","0.01969364657998085","0.017891567200422287","0.021495725959539413"
"1352000","0.22688733786344528","0.07757027447223663","0.37620440125465393"
"1354000","0.1804518699645996","0.16385483741760254","0.19704890251159668"
"1356000","-0.004241470247507095","-0.08096236735582352","0.07247942686080933"
"1358000","0.19449708424508572","-0.033617664128541946","0.4226118326187134"
"1360000","0.03913170471787453","0.025586441159248352","0.0526769682765007"
"1362000","0.25679848436266184","0.007367568090558052","0.5062294006347656"
"1364000","-0.02526825526729226","-0.04052646458148956","-0.01001004595309496"
"1366000","0.20215673372149467","0.09470551460981369","0.30960795283317566"
"1368000","0.09168077632784843","0.026906736195087433","0.15645481646060944"
"1370000","0.20648662745952606","0.1872221827507019","0.22575107216835022"
"1372000","0.060792094096541405","0.016555365175008774","0.10502882301807404"
"1374000","0.15237491577863693","0.1375746876001358","0.16717514395713806"
"1376000","0.12179157882928848","0.07946290075778961","0.16412025690078735"
"1378000","0.16000373661518097","0.1279282569885254","0.19207921624183655"
"1380000","0.10965649969875813","-0.0002570115029811859","0.21957001090049744"
"1382000","0.2750197872519493","0.19758139550685883","0.3524581789970398"
"1384000","0.3024222031235695","0.16669972240924835","0.4381446838378906"
"1386000","0.1736111119389534","0.1604262888431549","0.1867959350347519"
"1388000","0.26254068315029144","0.17614421248435974","0.34893715381622314"
"1390000","0.36381395161151886","0.29045167565345764","0.4371762275695801"
"1392000","0.3753320015966892","0.03244400769472122","0.7182199954986572"
"1394000","0.11062411218881607","0.029388204216957092","0.19186002016067505"
"1396000","0.24374418705701828","0.20404024422168732","0.28344812989234924"
"1398000","0.3767552422359586","0.016561279073357582","0.7369492053985596"
"1400000","-0.013768784236162901","-0.03779099881649017","0.010253430344164371"
"1402000","0.15534869208931923","0.04096800833940506","0.2697293758392334"
"1404000","0.0917566679418087","0.008434005081653595","0.1750793308019638"
"1406000","0.21932589262723923","-0.058202311396598816","0.49685409665107727"
"1408000","0.23611685447394848","0.049773093312978745","0.4224606156349182"
"1410000","0.12196805328130722","0.10535241663455963","0.1385836899280548"
"1412000","0.33862750232219696","0.31243735551834106","0.36481764912605286"
"1414000","0.33607684075832367","0.3233303129673004","0.3488233685493469"
"1416000","0.32657578587532043","0.048517823219299316","0.6046337485313416"
"1418000","0.12069402704946697","-0.0036647007800638676","0.2450527548789978"
"1420000","0.16919220611453056","0.07078679651021957","0.26759761571884155"
"1422000","0.3858897089958191","0.31801748275756836","0.4537619352340698"
"1424000","0.2991983965039253","0.24174977838993073","0.3566470146179199"
"1426000","0.11342227924615145","-0.018640821799635887","0.24548538029193878"
"1428000","0.3192130718380213","0.050835806876420975","0.5875903367996216"
"1430000","0.1880345530807972","0.035572297871112823","0.34049680829048157"
"1432000","0.1407044157385826","-0.005679503083229065","0.2870883345603943"
"1434000","0.07369150780141354","0.02789907529950142","0.11948394030332565"
"1436000","0.17882800102233887","0.16538569331169128","0.19227030873298645"
"1438000","0.04514746181666851","0.028337400406599045","0.061957523226737976"
"1440000","0.012805519625544548","-0.022728949785232544","0.04833998903632164"
"1442000","0.21913236379623413","-0.07698076963424683","0.5152454972267151"
"1444000","0.45781932584941387","-0.0038088299334049225","0.9194474816322327"
"1446000","0.04209051746875048","-0.026092110201716423","0.11027314513921738"
"1448000","0.12738024443387985","0.12377889454364777","0.13098159432411194"
"1450000","0.10545510891824961","0.0008320976048707962","0.21007812023162842"
"1452000","0.15664557367563248","0.15010680258274078","0.16318434476852417"
"1454000","0.24057525023818016","0.021593503654003143","0.4595569968223572"
"1456000","0.12210546061396599","0.057178936898708344","0.18703198432922363"
"1458000","0.14120834693312645","0.06972407549619675","0.21269261837005615"
"1460000","0.21436134353280067","0.11344803124666214","0.3152746558189392"
"1462000","0.17403683066368103","0.11694802343845367","0.2311256378889084"
"1464000","0.2018909752368927","0.04308345913887024","0.36069849133491516"
"1466000","0.17561793327331543","0.1705077886581421","0.18072807788848877"
"1468000","0.11948564648628235","0.11266641318798065","0.12630487978458405"
"1470000","0.2592146247625351","0.1895299255847931","0.3288993239402771"
"1472000","0.23098236322402954","0.07968086004257202","0.38228386640548706"
"1474000","0.2434588074684143","0.1941843330860138","0.2927332818508148"
"1476000","0.18108761310577393","0.17884713411331177","0.18332809209823608"
"1478000","0.02331768162548542","-0.022180993109941483","0.06881635636091232"
"1480000","-0.028043633326888084","-0.08452162891626358","0.02843436226248741"
"1482000","-0.019146233797073364","-0.07999622821807861","0.041703760623931885"
"1484000","0.15091904997825623","0.14642363786697388","0.15541446208953857"
"1486000","0.0174684077501297","-0.09700694680213928","0.13194376230239868"
"1488000","0.1212551980279386","0.004445361904799938","0.23806503415107727"
"1490000","0.16701143234968185","0.07508845627307892","0.2589344084262848"
"1492000","0.12518418580293655","0.09075653553009033","0.15961183607578278"
"1494000","0.1657273769378662","0.16358402371406555","0.16787073016166687"
"1496000","0.11487018689513206","0.030979536473751068","0.19876083731651306"
"1498000","0.08699432387948036","0.06953021138906479","0.10445843636989594"
"1500000","0.08682230301201344","-0.012607123702764511","0.18625172972679138"
"1502000","0.22612576186656952","0.03780987858772278","0.41444164514541626"
"1504000","0.08804491721093655","0.038477640599012375","0.13761219382286072"
"1506000","0.17835229635238647","0.05791658163070679","0.29878801107406616"
"1508000","0.09964685328304768","0.01047838106751442","0.18881532549858093"
"1510000","0.18477363511919975","0.07666473835706711","0.2928825318813324"
"1512000","0.3681241571903229","0.2144877314567566","0.5217605829238892"
"1514000","0.20521268248558044","0.11177065968513489","0.298654705286026"
"1516000","0.15021411329507828","0.08532217144966125","0.2151060551404953"
"1518000","0.41949258744716644","0.11219319701194763","0.7267919778823853"
"1520000","0.156051654368639","0.09316868335008621","0.21893462538719177"
"1522000","0.46934420615434647","0.1488274484872818","0.7898609638214111"
"1524000","0.25701313465833664","0.21870164573192596","0.2953246235847473"
"1526000","0.018933994695544243","-0.018808528780937195","0.05667651817202568"
"1528000","0.4609948620200157","0.1657981127500534","0.756191611289978"
"1530000","0.19965888001024723","-0.00046254321932792664","0.3997803032398224"
"1532000","0.1652443613857031","0.018764715641736984","0.3117240071296692"
"1534000","-0.0089865205809474","-0.025949563831090927","0.007976522669196129"
"1536000","0.019799601286649704","-0.005748152732849121","0.04534735530614853"
"1538000","0.0838225781917572","0.023564964532852173","0.14408019185066223"
"1540000","0.03457922488451004","0.014423325657844543","0.05473512411117554"
"1542000","0.007022371049970388","0.0066355266608297825","0.007409215439110994"
"1544000","-0.03943692706525326","-0.04659247025847435","-0.032281383872032166"
"1546000","0.22320827841758728","0.11410129070281982","0.33231526613235474"
"1548000","0.1471790187060833","0.11187893897294998","0.1824790984392166"
"1550000","0.17956753075122833","0.14134261012077332","0.21779245138168335"
"1552000","0.40509116649627686","0.1702711582183838","0.6399111747741699"
"1554000","0.15534523967653513","0.00554998405277729","0.30514049530029297"
"1556000","0.19339292496442795","0.08453331887722015","0.30225253105163574"
"1558000","0.17464656382799149","0.09123380482196808","0.2580593228340149"
"1560000","0.21282588690519333","0.07167007029056549","0.35398170351982117"
"1562000","0.1158074252307415","0.046078599989414215","0.1855362504720688"
"1564000","0.2314402535557747","0.0832381397485733","0.3796423673629761"
"1566000","0.21830948442220688","0.19901709258556366","0.2376018762588501"
"1568000","0.11957869119942188","0.056352440267801285","0.18280494213104248"
"1570000","0.13463102653622627","0.09385878592729568","0.17540326714515686"
"1572000","0.021253079175949097","-0.1076461672782898","0.150152325630188"
"1574000","0.1908802166581154","0.14320726692676544","0.23855316638946533"
"1576000","0.3524648994207382","0.23618552088737488","0.46874427795410156"
"1578000","0.4278313219547272","0.29928213357925415","0.5563805103302002"
"1580000","0.22053702920675278","0.11624260246753693","0.32483145594596863"
"1582000","0.255731426179409","0.04937945306301117","0.4620833992958069"
"1584000","0.33586497604846954","0.15849199891090393","0.5132379531860352"
"1586000","0.007029891014099121","-0.1392032504081726","0.15326303243637085"
"1588000","0.37767791748046875","0.23867803812026978","0.5166777968406677"
"1590000","-0.006976546719670296","-0.04420066997408867","0.030247576534748077"
"1592000","0.1887706220149994","0.12470787763595581","0.25283336639404297"
"1594000","0.30971450638026","0.012452742084860802","0.6069762706756592"
"1596000","0.08741749823093414","-0.06940242648124695","0.24423742294311523"
"1598000","0.045811017975211143","0.045584965497255325","0.04603707045316696"
"1600000","0.07051762565970421","0.010980434715747833","0.13005481660366058"
"1602000","0.49861983954906464","0.12337133288383484","0.8738683462142944"
"1604000","0.6230384260416031","0.4253961145877838","0.8206807374954224"
"1606000","0.18711496517062187","0.09304835647344589","0.28118157386779785"
"1608000","0.12414268380962312","-0.007473007310181856","0.2557583749294281"
"1610000","0.08443429693579674","0.06196211278438568","0.1069064810872078"
"1612000","0.26176368445158005","0.07789163291454315","0.44563573598861694"
"1614000","0.16447318345308304","0.11811001598834991","0.21083635091781616"
"1616000","0.41222941502928734","-0.007528610527515411","0.8319874405860901"
"1618000","0.2825058773159981","0.13184292614459991","0.43316882848739624"
"1620000","0.20658545941114426","0.17470259964466095","0.23846831917762756"
"1622000","0.26165640354156494","0.2202262282371521","0.3030865788459778"
"1624000","-0.00975622609257698","-0.11171628534793854","0.09220383316278458"
"1626000","0.01223346870392561","-0.025027954950928688","0.04949489235877991"
"1628000","0.2815736010670662","0.12306241691112518","0.4400847852230072"
"1630000","0.2949071521870792","-0.012786568142473698","0.6026008725166321"
"1632000","0.05343894101679325","-0.02115873619914055","0.12803661823272705"
"1634000","0.25581397116184235","0.23470813035964966","0.27691981196403503"
"1636000","0.1928192600607872","0.0958356112241745","0.2898029088973999"
"1638000","0.33550454676151276","0.3053264617919922","0.3656826317310333"
"1640000","0.39537207782268524","0.13861599564552307","0.6521281599998474"
"1642000","0.13399166613817215","-0.0023708194494247437","0.27035415172576904"
"1644000","0.06084836274385452","-0.09374004602432251","0.21543677151203156"
"1646000","0.2749747782945633","0.25449442863464355","0.29545512795448303"
"1648000","0.19319801032543182","0.1907966136932373","0.19559940695762634"
"1650000","0.17005638405680656","0.05937071889638901","0.2807420492172241"
"1652000","0.20951658114790916","-0.036494143307209015","0.45552730560302734"
"1654000","0.3608192279934883","0.2158115655183792","0.5058268904685974"
"1656000","0.12443410605192184","0.043797820806503296","0.2050703912973404"
"1658000","0.08366575464606285","0.037289343774318695","0.130042165517807"
"1660000","0.15236111730337143","0.10356469452381134","0.20115754008293152"
"1662000","0.2871314734220505","0.157222181558609","0.41704076528549194"
"1664000","0.20442639291286469","0.15355262160301208","0.2553001642227173"
"1666000","0.39719943702220917","0.15791729092597961","0.6364815831184387"
"1668000","0.11766520887613297","-0.06460405886173248","0.2999344766139984"
"1670000","0.17190515249967575","-0.03541480004787445","0.37922510504722595"
"1672000","-0.018270320957526565","-0.04084164649248123","0.0043010045774281025"
"1674000","0.20826992392539978","0.13287776708602905","0.2836620807647705"
"1676000","0.17063119262456894","0.07426951825618744","0.26699286699295044"
"1678000","0.08641862496733665","-0.010448537766933441","0.18328578770160675"
"1680000","0.20187155902385712","0.16464488208293915","0.23909823596477509"
"1682000","0.15269268304109573","0.14640522003173828","0.15898014605045319"
"1684000","0.119141960516572","-0.017444264143705368","0.25572818517684937"
"1686000","0.11405429057776928","0.00674336776137352","0.22136521339416504"
"1688000","0.1629091128706932","0.07344882190227509","0.25236940383911133"
"1690000","0.166124333627522","0.020162412896752357","0.3120862543582916"
"1692000","0.05664956942200661","0.018680259585380554","0.09461887925863266"
"1694000","0.25442013144493103","0.22988611459732056","0.2789541482925415"
"1696000","0.23068634420633316","0.14348165690898895","0.31789103150367737"
"1698000","-0.07752735912799835","-0.1590089350938797","0.003954216837882996"
"1700000","0.03659527003765106","-0.0431404635310173","0.11633100360631943"
"1702000","0.02780759846791625","-0.014036801643669605","0.0696519985795021"
"1704000","0.04957124684005976","-0.01334262453019619","0.1124851182103157"
"1706000","0.20820549130439758","0.1487279236316681","0.2676830589771271"
"1708000","0.13240316696465015","0.05264419689774513","0.21216213703155518"
"1710000","0.39700615406036377","0.2740076184272766","0.5200046896934509"
"1712000","0.4332731068134308","0.3248463273048401","0.5416998863220215"
"1714000","0.3277222812175751","0.22041219472885132","0.43503236770629883"
"1716000","0.3449466824531555","-0.07793736457824707","0.7678307294845581"
"1718000","0.4537857174873352","0.4402848482131958","0.4672865867614746"
"1720000","0.20876126736402512","0.15794630348682404","0.2595762312412262"
"1722000","0.21133040077984333","0.03802389279007912","0.38463690876960754"
"1724000","0.23967042565345764","0.05600857734680176","0.4233322739601135"
"1726000","0.07394159445539117","-0.00733028631657362","0.15521347522735596"
"1728000","0.47532831132411957","0.12087056040763855","0.8297860622406006"
"1730000","0.0071456097066402435","-0.07064051926136017","0.08493173867464066"
"1732000","0.06708598509430885","0.04395754635334015","0.09021442383527756"
"1734000","0.47460244596004486","0.3688432276248932","0.5803616642951965"
"1736000","0.1814381463918835","0.006150510627776384","0.3567257821559906"
"1738000","0.4081825464963913","0.145667165517807","0.6706979274749756"
"1740000","0.0912705585360527","0.04446382820606232","0.1380772888660431"
"1742000","0.020620685070753098","-0.05397085100412369","0.09521222114562988"
"1744000","-0.023174709640443325","-0.026486104354262352","-0.019863314926624298"
"1746000","0.22547559812664986","0.09177006036043167","0.35918113589286804"
"1748000","0.3585609793663025","0.2806798815727234","0.4364420771598816"
"1750000","0.1293194554746151","0.04300624877214432","0.21563266217708588"
"1752000","0.22336412966251373","0.20631001889705658","0.2404182404279709"
"1754000","0.09786734357476234","0.08145979791879654","0.11427488923072815"
"1756000","0.1060908455401659","0.05610518530011177","0.15607650578022003"
"1758000","0.1581642001401633","-0.0007805884815752506","0.31710898876190186"
"1760000","0.2862464487552643","0.2513287663459778","0.3211641311645508"
"1762000","0.09627045691013336","0.08013859391212463","0.11240231990814209"
"1764000","0.06126339640468359","0.025456560775637627","0.09707023203372955"
"1766000","0.23684420436620712","0.22207479178905487","0.2516136169433594"
"1768000","0.4382201135158539","0.3080909252166748","0.568349301815033"
"1770000","0.3254217356443405","0.12390634417533875","0.5269371271133423"
"1772000","0.21438957192003727","-0.053217094391584396","0.48199623823165894"
"1774000","0.3310000151395798","0.30651089549064636","0.3554891347885132"
"1776000","0.23682504892349243","0.04797405004501343","0.42567604780197144"
"1778000","0.029905932024121284","-0.00029156729578971863","0.06010343134403229"
"1780000","0.05897584185004234","0.0548604354262352","0.06309124827384949"
"1782000","0.08447729796171188","0.04898722469806671","0.11996737122535706"
"1784000","0.13502515852451324","0.09968483448028564","0.17036548256874084"
"1786000","0.35898298770189285","0.23258037865161896","0.48538559675216675"
"1788000","0.07942304573771253","-0.000049371275963494554","0.15889546275138855"
"1790000","0.17914333939552307","0.17090508341789246","0.1873815953731537"
"1792000","0.13842856884002686","-0.03822833299636841","0.3150854706764221"
"1794000","0.021544957533478737","0.01034848764538765","0.032741427421569824"
"1796000","0.18480629427358508","-0.004462257958948612","0.3740748465061188"
"1798000","0.015741537790745497","0.01091682817786932","0.020566247403621674"
"1800000","0.2649841010570526","0.07623884081840515","0.4537293612957001"
"1802000","0.06001121923327446","-0.10191801935434341","0.22194045782089233"
"1804000","0.33463254570961","0.25316429138183594","0.41610080003738403"
"1806000","0.2519332244992256","0.21963639557361603","0.2842300534248352"
"1808000","0.3191880136728287","0.296692818403244","0.34168320894241333"
"1810000","0.15058733243495226","-0.0036754366010427475","0.30485010147094727"
"1812000","0.12077303929254413","0.00009089615195989609","0.24145518243312836"
"1814000","0.37474969029426575","0.3592485189437866","0.3902508616447449"
"1816000","0.30162815004587173","0.15040625631809235","0.4528500437736511"
"1818000","0.2931431159377098","0.18451286852359772","0.4017733633518219"
"1820000","0.22035957127809525","0.1402282863855362","0.3004908561706543"
"1822000","0.09921692311763763","-0.10930037498474121","0.3077342212200165"
"1824000","0.17567448318004608","0.16690310835838318","0.18444585800170898"
"1826000","0.3453511856496334","0.10161381214857101","0.5890885591506958"
"1828000","0.14810039848089218","0.12251700460910797","0.1736837923526764"
"1830000","0.2593352198600769","0.18378400802612305","0.33488643169403076"
"1832000","0.259971059858799","0.1905718892812729","0.3293702304363251"
"1834000","0.07310119271278381","-0.13645845651626587","0.2826608419418335"
"1836000","0.23684768192470074","0.0444847010076046","0.4292106628417969"
"1838000","0.18191609531641006","-0.06513608992099762","0.42896828055381775"
"1840000","0.027687324211001396","-0.013892848044633865","0.06926749646663666"
"1842000","0.19017553329467773","0.15576469898223877","0.2245863676071167"
"1844000","0.030483750626444817","0.01821083202958107","0.04275666922330856"
"1846000","0.16901226341724396","0.1363837718963623","0.2016407549381256"
"1848000","0.08015468716621399","0.06838418543338776","0.09192518889904022"
"1850000","-0.002585025504231453","-0.023294836282730103","0.018124785274267197"
"1852000","0.1284144683741033","0.008062305860221386","0.24876663088798523"
"1854000","0.2790335025638342","0.03777579590678215","0.5202912092208862"
"1856000","0.1765037402510643","0.16827520728111267","0.18473227322101593"
"1858000","0.024598462041467428","0.004023483954370022","0.045173440128564835"
"1860000","0.008190220221877098","-0.04320138320326805","0.05958182364702225"
"1862000","0.16491001099348068","0.09524671733379364","0.23457330465316772"
"1864000","-0.03719107061624527","-0.0559229850769043","-0.018459156155586243"
"1866000","0.15715556789655238","0.0009125957731157541","0.313398540019989"
"1868000","0.7184907048940659","0.42465779185295105","1.0123236179351807"
"1870000","0.04687575623393059","-0.0012979060411453247","0.0950494185090065"
"1872000","-0.04057733342051506","-0.18589794635772705","0.10474327951669693"
"1874000","0.07469765096902847","0.04992859810590744","0.0994667038321495"
"1876000","0.13920454308390617","0.11282356828451157","0.16558551788330078"
"1878000","0.39956972002983093","0.1983014941215515","0.6008379459381104"
"1880000","0.025214483961462975","-0.023786652833223343","0.07421562075614929"
"1882000","0.07298504561185837","0.038266345858573914","0.10770374536514282"
"1884000","0.17462312057614326","0.024857528507709503","0.324388712644577"
"1886000","0.04060935787856579","0.024712566286325455","0.05650614947080612"
"1888000","0.234661303460598","0.046342357993125916","0.42298024892807007"
"1890000","0.43940701335668564","0.18410633504390717","0.6947076916694641"
"1892000","0.06977691128849983","0.03136763721704483","0.10818618535995483"
"1894000","0.5302696898579597","0.1620183140039444","0.8985210657119751"
"1896000","0.02176073659211397","0.012391123920679092","0.03113034926354885"
"1898000","0.14961929619312286","0.1414772868156433","0.15776130557060242"
"1900000","0.14459937252104282","0.01741110160946846","0.2717876434326172"
"1902000","0.20442920178174973","0.17751549184322357","0.23134291172027588"
"1904000","0.14795637503266335","0.05142291635274887","0.24448983371257782"
"1906000","0.22433406487107277","0.051913149654865265","0.3967549800872803"
"1908000","0.23416220396757126","0.1320323795080185","0.336292028427124"
"1910000","0.1933101788163185","0.1908281296491623","0.19579222798347473"
"1912000","0.5312459543347359","0.028741732239723206","1.0337501764297485"
"1914000","-0.02682074997574091","-0.04930958151817322","-0.004331918433308601"
"1916000","0.19531039893627167","0.10914722084999084","0.2814735770225525"
"1918000","0.1584022492170334","0.1254325956106186","0.19137190282344818"
"1920000","0.36521387845277786","0.22557498514652252","0.5048527717590332"
"1922000","0.12600281089544296","-0.014032378792762756","0.2660380005836487"
"1924000","0.24130642414093018","0.16155454516410828","0.3210583031177521"
"1926000","0.46272610127925873","0.3028589189052582","0.6225932836532593"
"1928000","0.1721588335931301","-0.021397359669208527","0.36571502685546875"
"1930000","0.2005356140434742","0.048993684351444244","0.35207754373550415"
"1932000","0.19246912002563477","0.1787259578704834","0.20621228218078613"
"1934000","0.01906295446678996","0.014770648442208767","0.023355260491371155"
"1936000","0.1412426382303238","0.13389301300048828","0.1485922634601593"
"1938000","0.24378478527069092","0.15222010016441345","0.3353494703769684"
"1940000","0.22948189079761505","0.028449028730392456","0.43051475286483765"
"1942000","0.37572240829467773","0.2468949556350708","0.5045498609542847"
"1944000","0.17083407938480377","0.16331321001052856","0.17835494875907898"
"1946000","0.5655252784490585","0.4735635817050934","0.6574869751930237"
"1948000","0.26108571887016296","0.23373502492904663","0.2884364128112793"
"1950000","0.4150759279727936","0.13596367835998535","0.6941881775856018"
"1952000","0.23431109264492989","0.03463081270456314","0.43399137258529663"
"1954000","0.23014608025550842","0.057582974433898926","0.4027091860771179"
"1956000","0.2517728954553604","0.176580548286438","0.32696524262428284"
"1958000","0.1806919053196907","0.12615586817264557","0.23522794246673584"
"1960000","0.22446675971150398","0.07837013155221939","0.3705633878707886"
"1962000","0.06135704927146435","0.05314762517809868","0.06956647336483002"
"1964000","0.2520739585161209","0.19351494312286377","0.31063297390937805"
"1966000","0.25687943398952484","0.20629915595054626","0.3074597120285034"
"1968000","0.042556127649731934","-0.0015258004423230886","0.08663805574178696"
"1970000","0.29984183702617884","0.028669031336903572","0.5710146427154541"
"1972000","0.11338258534669876","-0.0059389472007751465","0.23270411789417267"
"1974000","0.0917070060968399","0.07817143201828003","0.10524258017539978"
"1976000","0.14441505633294582","0.04312531277537346","0.2457047998905182"
"1978000","-0.015582908876240253","-0.037265487015247345","0.006099669262766838"
"1980000","0.20579989440739155","0.052421484142541885","0.3591783046722412"
"1982000","0.08062481135129929","0.009826436638832092","0.15142318606376648"
"1984000","0.25787682831287384","0.21790319681167603","0.29785045981407166"
"1986000","-0.026208162307739258","-0.044551998376846313","-0.007864326238632202"
"1988000","0.1820642277598381","0.17450320720672607","0.18962524831295013"
"1990000","0.3740185312926769","0.050783656537532806","0.697253406047821"
"1992000","0.03831906616687775","-0.055917203426361084","0.13255533576011658"
"1994000","0.25518589466810226","0.13102935254573822","0.3793424367904663"
"1996000","0.06366646196693182","0.024158639833331108","0.10317428410053253"
"1998000","0.3044603690505028","0.10965125262737274","0.4992694854736328"
"2000000","0.32195576280355453","0.1342567652463913","0.5096547603607178"