"Step","Grouped runs - collection/reward/mean_int_return_100","Grouped runs - collection/reward/mean_int_return_100__MIN","Grouped runs - collection/reward/mean_int_return_100__MAX"
"2000","0","0","0"
"4000","0.7324086427688599","0.12814247608184814","1.3366748094558716"
"6000","0.09373627230525017","-0.6718178590138754","0.8592904036243757"
"8000","0.2637362787500024","-0.6302941143512726","1.1577666718512774"
"10000","0.18216786347329617","-0.5081645630300045","0.8725002899765968"
"12000","0.3490561144426465","-0.33195403404533863","1.0300662629306316"
"14000","0.051265767376337756","-0.42570026591420174","0.5282318006668772"
"16000","0.10850215307436883","-0.42067758878692985","0.6376818949356675"
"18000","0.08309882030718857","-0.35584315119518173","0.5220407918095589"
"20000","0.05322760473936794","-0.4275682847946882","0.5340234942734241"
"22000","0.11311915499920192","-0.3452543192966418","0.5714926292950456"
"24000","0.1723121105072399","-0.27048287882159155","0.6151070998360714"
"26000","0.21112896831562886","-0.22666727665525216","0.6489252132865099"
"28000","0.2730674082413316","-0.16117569032524312","0.7073105068079063"
"30000","0.2629316706210375","-0.10283872758348783","0.6287020688255628"
"32000","0.23851377551909536","-0.10803859657607973","0.5850661476142704"
"34000","0.23069592976175687","-0.10300841675523449","0.5644002762787482"
"36000","0.23995425319299102","-0.07100357042832507","0.5509120768143071"
"38000","0.24785246871607866","-0.06490473380606425","0.5606096712382216"
"40000","0.25272932774387297","-0.009861230943351984","0.5153198864310979"
"42000","0.2501905629233945","0.029301308361547335","0.47107981748524164"
"44000","0.24344655105166815","0.005465335381979292","0.481427766721357"
"46000","0.25311619152679393","0.026838890803248985","0.47939349225033884"
"48000","0.2368674810277298","0.03960695358303686","0.4341280084724228"
"50000","0.22161665868014097","0.023957565948367118","0.4192757514119148"
"52000","0.2416472974806451","0.03382192888798622","0.44947266607330394"
"54000","0.23222369297097126","0.04812561134221377","0.41632177459972874"
"56000","0.2130727210148637","0.037479106802493334","0.38866633522723404"
"58000","0.21821433726441242","0.04823226963394675","0.3881964048948781"
"60000","0.2051241255986194","0.04456208168218533","0.36568616951505345"
"62000","0.20280520491782694","0.05239044388215388","0.3532199659535"
"64000","0.20904475898714736","0.053611154144164175","0.36447836383013055"
"66000","0.21322322958572346","0.07864869764131127","0.34779776153013564"
"68000","0.1991882848498576","0.06459396589985665","0.3337826037998585"
"70000","0.18850906014974628","0.05340344261910234","0.3236146776803902"
"72000","0.1800632702652365","0.04372962931584981","0.3163969112146232"
"74000","0.17163843769781492","0.0344857770345501","0.30879109836107976"
"76000","0.1683224699962394","0.035923978754956475","0.30072096123752234"
"78000","0.16990471225924408","0.029407245369675834","0.31040217914881235"
"80000","0.17482540208511635","0.04700035988353193","0.3026504442867008"
"82000","0.1546577496103454","0.034892833223793565","0.27442266599689724"
"84000","0.1453536100653721","0.027413594713878064","0.26329362541686613"
"86000","0.13978556155154026","0.03254006850684798","0.24703105459623256"
"88000","0.13211745209264336","0.03218863794410771","0.23204626624117902"
"90000","0.1205166394440716","0.0306916577120622","0.210341621176081"
"92000","0.12606622877280207","0.04818403809938742","0.20394841944621672"
"94000","0.1204385399908828","0.04905830490145278","0.19181877508031284"
"96000","0.1336021340230218","0.055858428978050746","0.21134583906799284"
"98000","0.14525959480432699","0.07007680688889659","0.22044238271975738"
"100000","0.14304136134043802","0.065657774284482","0.22042494839639404"
"102000","0.12853845463912733","0.051197180634035784","0.20587972864421888"
"104000","0.1421081808405758","0.07270951690868689","0.21150684477246473"
"106000","0.14892638691993132","0.08301423862576485","0.2148385352140978"
"108000","0.1486390848774506","0.08137114071804616","0.21590702903685505"
"110000","0.14572570517246441","0.08598832002078945","0.2054630903241394"
"112000","0.13902687710703635","0.07356739471599992","0.20448635949807276"
"114000","0.13254577604688197","0.06873516870760604","0.1963563833861579"
"116000","0.13135523660808945","0.07428056671252024","0.18842990650365868"
"118000","0.1375048079442083","0.07507357646916378","0.1999360394192528"
"120000","0.13631586907674015","0.07237227138442298","0.20025946676905731"
"122000","0.12568914478303117","0.07384154617358915","0.1775367433924732"
"124000","0.12626364962582762","0.07471807374648991","0.17780922550516534"
"126000","0.13546351985202082","0.09171964655378981","0.17920739315025183"
"128000","0.13177869838773404","0.08998252580931876","0.17357487096614932"
"130000","0.122274867361501","0.08327645282619274","0.16127328189680926"
"132000","0.11981694488018879","0.0885509960494484","0.15108289371092917"
"134000","0.1266365067693648","0.08489156582517855","0.16838144771355107"
"136000","0.11929837206373443","0.08085693255998194","0.15773981156748693"
"138000","0.11519599544176279","0.07407752684978904","0.15631446403373653"
"140000","0.11367247668968047","0.07648936224036983","0.15085559113899114"
"142000","0.11187823576086962","0.07586691031416118","0.14788956120757807"
"144000","0.11541706704115819","0.08410171953599072","0.14673241454632566"
"146000","0.11353605626069635","0.09084012855660833","0.13623198396478436"
"148000","0.11600913925645431","0.09828283533302916","0.13373544317987948"
"150000","0.11884552630479447","0.10342228528112173","0.1342687673284672"
"152000","0.1159586192029804","0.09293239795308757","0.13898484045287324"
"154000","0.11724470243917766","0.09024187425369179","0.14424753062466353"
"156000","0.12412747958240708","0.10348327731331572","0.14477168185149844"
"158000","0.12259825684691639","0.10152946541062262","0.14366704828321014"
"160000","0.12470473328321531","0.10917110290611162","0.140238363660319"
"162000","0.12918584488143994","0.11580628521142551","0.1425654045514544"
"164000","0.13076581840194682","0.1159415233812136","0.14559011342268005"
"166000","0.13671436957651692","0.1235162439498018","0.14991249520323205"
"168000","0.14014919862945263","0.12482453985804957","0.1554738574008557"
"170000","0.1413603455941056","0.12209047908511232","0.16063021210309886"
"172000","0.13195788195569252","0.11773015096307148","0.14618561294831356"
"174000","0.13221638592063106","0.1181582317462769","0.14627454009498522"
"176000","0.13053639641789647","0.12186642318159681","0.1392063696541961"
"178000","0.1247542337897061","0.11955189986384651","0.12995656771556569"
"180000","0.12128068041218082","0.11242251542086402","0.13013884540349763"
"182000","0.12502050639423135","0.12026400107808494","0.12977701171037773"
"184000","0.12430797010291944","0.12034220715134364","0.12827373305449524"
"186000","0.12157997387988362","0.12006338546553286","0.1230965622942344"
"188000","0.12012650638458348","0.117622016684494","0.12263099608467297"
"190000","0.12244251671547413","0.12123599375267267","0.12364903967827559"
"192000","0.11770105737529471","0.11570243701680738","0.11969967773378205"
"194000","0.11083531520988302","0.110753238479578","0.11091739194018804"
"196000","0.10797699189617782","0.10609485966400528","0.10985912412835037"
"198000","0.10609461847284687","0.10105579546793844","0.1111334414777553"
"200000","0.1072297178991721","0.10384323802776635","0.11061619777057785"
"202000","0.11028080590447645","0.10690634039230645","0.11365527141664643"
"204000","0.09573262654623249","0.08433721948240418","0.1071280336100608"
"206000","0.09958488811185817","0.07623852055345197","0.12293125567026436"
"208000","0.09554035110777476","0.0625227443483891","0.12855795786716043"
"210000","0.09393268820276718","0.06602546091948171","0.12183991548605264"
"212000","0.08163551386824111","0.04314382340584416","0.12012720433063805"
"214000","0.09959034007420996","0.07158287729893345","0.12759780284948646"
"216000","0.09664986845484236","0.06378608133469242","0.1295136555749923"
"218000","0.09924423572054365","0.06426975961599965","0.13421871182508766"
"220000","0.10261589803179959","0.057172439282876436","0.14805935678072274"
"222000","0.09315016590437153","0.04047243851993699","0.14582789328880608"
"224000","0.08447534010192612","0.02828535768960137","0.14066532251425087"
"226000","0.07829374850174645","0.02165195766661782","0.13493553933687508"
"228000","0.06998654306313255","0.017283634578925556","0.12268945154733955"
"230000","0.06867097095033387","0.02396042126987595","0.11338152063079178"
"232000","0.07397432804486016","0.03147958714340348","0.11646906894631684"
"234000","0.06741400781465927","0.021135217284900136","0.11369279834441841"
"236000","0.0630144293923513","0.021801267897826618","0.10422759088687598"
"238000","0.05811158280266682","0.014739347135764547","0.10148381846956908"
"240000","0.05599551475985208","0.01756653304968495","0.09442449647001921"
"242000","0.05048074691934744","0.020491148045402953","0.08047034579329193"
"244000","0.05118619188113371","0.016172163000446743","0.08620022076182067"
"246000","0.04832488092972198","0.01646512310777325","0.08018463875167071"
"248000","0.04602608102752129","0.025254040470463222","0.06679812158457935"
"250000","0.044823542641534","0.017975971659761853","0.07167111362330615"
"252000","0.041845027910603676","0.010628051718813368","0.07306200410239398"
"254000","0.04676643337501446","0.02284697647963185","0.07068589027039707"
"256000","0.048887981431616934","0.023945967367035338","0.07382999549619854"
"258000","0.05148640121711651","0.02417849402700085","0.07879430840723217"
"260000","0.05278206411196151","0.02773269135330338","0.07783143687061965"
"262000","0.0479494795613573","0.025238931680214592","0.0706600274425"
"264000","0.042351769845990934","0.014094848835957236","0.07060869085602463"
"266000","0.04183236431708792","0.016580846661818215","0.06708388197235764"
"268000","0.048147012334375176","0.0191621967201354","0.07713182794861495"
"270000","0.05354272582946578","0.025514001099509187","0.08157145055942237"
"272000","0.05433144932059804","0.02628478504542727","0.08237811359576881"
"274000","0.0552896477599279","0.028331514930468985","0.08224778058938682"
"276000","0.06015425205376232","0.033888780524139295","0.08641972358338534"
"278000","0.06359839402284706","0.032368627240066415","0.0948281608056277"
"280000","0.0593853042810224","0.03178307675290853","0.08698753180913626"
"282000","0.06308613618602976","0.04144245602656156","0.08472981634549796"
"284000","0.06279616383602843","0.03713772692251951","0.08845460074953734"
"286000","0.0660213896422647","0.04255261190701276","0.08949016737751662"
"288000","0.06279719738988206","0.03692789920140058","0.08866649557836354"
"290000","0.07034985258011148","0.041356366355903444","0.0993433388043195"
"292000","0.06968590828357264","0.0410954760061577","0.0982763405609876"
"294000","0.07124408817617223","0.049323334847576915","0.09316484150476753"
"296000","0.059019708770792934","0.0311242337571457","0.08691518378444016"
"298000","0.04909376083640382","0.020233141337521375","0.07795438033528626"
"300000","0.04960772446123883","0.016827069823630154","0.08238837909884751"
"302000","0.05782009160844609","0.02035033524502069","0.0952898479718715"
"304000","0.0540254237386398","0.029895640914328395","0.0781552065629512"
"306000","0.04729479319183156","0.020331340138800443","0.07425824624486267"
"308000","0.05025901459390297","0.021289067273028196","0.07922896191477775"
"310000","0.05212656311923638","0.020982423429377377","0.08327070280909538"
"312000","0.057819574924651534","0.025336850588209926","0.09030229926109314"
"314000","0.06821107134455814","0.03828939229715615","0.09813275039196015"
"316000","0.06777805283898487","0.03781321943271905","0.0977428862452507"
"318000","0.06566167552256957","0.03125504583586007","0.10006830520927906"
"320000","0.071318083407823","0.03530913696158677","0.10732702985405922"
"322000","0.07975888267392292","0.05088976935017854","0.10862799599766731"
"324000","0.07785958729917183","0.05152170569170266","0.104197468906641"
"326000","0.075176611172501","0.061452787523157894","0.08890043482184411"
"328000","0.0813666533329524","0.06950949639547616","0.09322381027042866"
"330000","0.09299061823869123","0.08458438247907907","0.10139685399830341"
"332000","0.0939812921383418","0.0821090129064396","0.10585357137024402"
"334000","0.0893779156752862","0.07529650360811502","0.10345932774245739"
"336000","0.09683872487628833","0.08458425701130182","0.10909319274127484"
"338000","0.09746053906390442","0.07638395797926932","0.11853712014853954"
"340000","0.09736324200639501","0.07321525808889419","0.12151122592389584"
"342000","0.10441552940988913","0.08469258878845722","0.12413847003132104"
"344000","0.09902368549490348","0.08484270964283497","0.11320466134697199"
"346000","0.10052443940425292","0.09727273080963642","0.10377614799886942"
"348000","0.09316488221520558","0.0911689567938447","0.09516080763656647"
"350000","0.08906770065659657","0.08887161914259195","0.08926378217060119"
"352000","0.09599586248630658","0.09397373106796295","0.09801799390465021"
"354000","0.09560195688391104","0.08923178684432059","0.1019721269235015"
"356000","0.09493951756739989","0.09257990818470717","0.09729912695009262"
"358000","0.09120522950077428","0.09089615557342767","0.0915143034281209"
"360000","0.09053210679674521","0.08577600974589586","0.09528820384759457"
"362000","0.08501835288712756","0.07833626221865415","0.09170044355560095"
"364000","0.08008725518593565","0.07051430206745862","0.08966020830441267"
"366000","0.07565152922878042","0.0685006521269679","0.08280240633059294"
"368000","0.07654103094944731","0.06868803273886442","0.08439402916003019"
"370000","0.06704870878020301","0.06559323586989194","0.06850418169051409"
"372000","0.07128506744513288","0.0703057761117816","0.07226435877848417"
"374000","0.07652963103959337","0.07476531486958266","0.07829394720960409"
"376000","0.07896905856439844","0.06906769882887602","0.08887041829992086"
"378000","0.08570305174449458","0.07971379090100526","0.09169231258798391"
"380000","0.09004294110694899","0.08920960295945406","0.09087627925444394"
"382000","0.09050552921602503","0.08356064695864916","0.09745041147340089"
"384000","0.09088244348065927","0.08263912469148636","0.09912576226983219"
"386000","0.09494985743658617","0.0845077708363533","0.10539194403681904"
"388000","0.09948532449547201","0.08960326939821243","0.1093673795927316"
"390000","0.09706474343780427","0.09408053562045098","0.10004895125515759"
"392000","0.10173465783242136","0.09753443524241448","0.10593488042242825"
"394000","0.10634858072269707","0.10509664248675107","0.10760051895864307"
"396000","0.1101356973242946","0.10878893582616002","0.11148245882242919"
"398000","0.10931935613276436","0.10819897841662168","0.11043973384890705"
"400000","0.10948765970068053","0.10946087460964918","0.10951444479171187"
"402000","0.11204251400427892","0.11008773427456617","0.11399729373399169"
"404000","0.11525901225628332","0.10763117365539074","0.12288685085717589"
"406000","0.12623142247321084","0.11343723960220814","0.13902560534421354"
"408000","0.12000748235033824","0.11155001793056726","0.12846494677010922"
"410000","0.12263296793447807","0.11430939737707377","0.13095653849188238"
"412000","0.126587827608455","0.11672694060951472","0.13644871460739524"
"414000","0.12453139837132768","0.11763506520539523","0.13142773153726012"
"416000","0.12086082282708957","0.12082209142390639","0.12089955423027277"
"418000","0.1284978427295573","0.12561058852821588","0.13138509693089873"
"420000","0.1323288970370777","0.1274912339821458","0.13716656009200962"
"422000","0.1432948015560396","0.12622822154313326","0.16036138156894594"
"424000","0.14789637274341658","0.12946235496550798","0.16633039052132517"
"426000","0.15260765674756838","0.14392158169299363","0.16129373180214315"
"428000","0.15384975779103116","0.15314890522509814","0.15455061035696416"
"430000","0.1526565334503539","0.15098524067550897","0.1543278262251988"
"432000","0.15531494493829084","0.1510847647860646","0.1595451250905171"
"434000","0.15776960636721923","0.15755072625819594","0.15798848647624253"
"436000","0.1585703932796605","0.15073460015002638","0.1664061864092946"
"438000","0.16249771054135637","0.1582139995926991","0.1667814214900136"
"440000","0.15819324030773713","0.1507734645390883","0.16561301607638598"
"442000","0.167183589853812","0.16671500707510858","0.16765217263251542"
"444000","0.16500194533960894","0.1643941778317094","0.1656097128475085"
"446000","0.16434163480298594","0.16004678341094405","0.16863648619502783"
"448000","0.16802203751401976","0.15884087728802115","0.17720319774001836"
"450000","0.16970508328871803","0.1663351183757186","0.17307504820171743"
"452000","0.16118869415717202","0.15777429547160865","0.16460309284273536"
"454000","0.1611703366716392","0.15305391248315572","0.16928676086012273"
"456000","0.16258330724434927","0.15896503787487745","0.1662015766138211"
"458000","0.15726424793014304","0.1525848938152194","0.16194360204506666"
"460000","0.16584648294607177","0.1651180660771206","0.16657489981502294"
"462000","0.16789725551614537","0.1673370584473014","0.16845745258498937"
"464000","0.1711255413875915","0.17071678567677737","0.17153429709840565"
"466000","0.17267440824070945","0.16417520392686127","0.18117361255455763"
"468000","0.17362124586710706","0.15843634393066167","0.18880614780355245"
"470000","0.1747544035525061","0.16160856645554303","0.1879002406494692"
"472000","0.17590212231036276","0.16370964067522437","0.18809460394550115"
"474000","0.17986858381191267","0.1740172095829621","0.18571995804086328"
"476000","0.1763480641157366","0.17185733633581549","0.18083879189565777"
"478000","0.17313204797217624","0.1636468623811379","0.18261723356321455"
"480000","0.17662974756443872","0.16370795822236686","0.18955153690651058"
"482000","0.18441903196508064","0.17110860778484493","0.19772945614531637"
"484000","0.18966423336649313","0.1692130348691717","0.2101154318638146"
"486000","0.18933483232045545","0.16650713837239892","0.212162526268512"
"488000","0.198824022191111","0.16826277925167232","0.22938526513054966"
"490000","0.18697956290328877","0.15755167356226593","0.21640745224431157"
"492000","0.18258416274795308","0.14744717052672057","0.2177211549691856"
"494000","0.1820175693766214","0.1528208194533363","0.2112143192999065"
"496000","0.18286018938058987","0.1547424121433869","0.21097796661779283"
"498000","0.18877105180406945","0.15508407975081354","0.22245802385732533"
"500000","0.1915513538965024","0.156650162586011","0.22645254520699382"
"502000","0.1872440589615144","0.14086840773466974","0.23361971018835903"
"504000","0.18572418358409776","0.14772097940091045","0.2237273877672851"
"506000","0.18844165437156335","0.14436863648239523","0.23251467226073147"
"508000","0.1867816811078228","0.13679296302143484","0.23677039919421078"
"510000","0.18445736314868555","0.12816481674555688","0.2407499095518142"
"512000","0.17696117888903246","0.1259147190535441","0.2280076387245208"
"514000","0.16989520054077728","0.1245847004139796","0.215205700667575"
"516000","0.17103304769610986","0.13141269082669169","0.21065340456552803"
"518000","0.1723493717215024","0.13333663816098124","0.21136210528202354"
"520000","0.16952154632424934","0.123832562812604","0.2152105298358947"
"522000","0.16632706995820626","0.11778442824725062","0.2148697116691619"
"524000","0.16970465879654512","0.12199060613755136","0.21741871145553887"
"526000","0.1639344697794877","0.13158589805010706","0.19628304150886833"
"528000","0.159152110775467","0.12558847660664468","0.19271574494428934"
"530000","0.15633593324339018","0.1199021370196715","0.19276972946710885"
"532000","0.15585021991049872","0.11314538399223238","0.19855505582876504"
"534000","0.15677825957303865","0.12081085989717394","0.19274565924890338"
"536000","0.1546640567923896","0.11692215878982097","0.19240595479495823"
"538000","0.1571932223881595","0.11320275310892612","0.20118369166739286"
"540000","0.1595470284554176","0.10825109877157957","0.21084295813925563"
"542000","0.14899241915671155","0.09922809519339353","0.19875674312002956"
"544000","0.15153065875871108","0.10464989305008203","0.19841142446734011"
"546000","0.1458836716483347","0.10764597803819925","0.18412136525847017"
"548000","0.14653178074164316","0.11152948126662522","0.1815340802166611"
"550000","0.14344301485223696","0.0968073581205681","0.19007867158390582"
"552000","0.1386540509085171","0.09164853767026215","0.18565956414677204"
"554000","0.14105382458074017","0.09036924794781953","0.19173840121366084"
"556000","0.13558509551687165","0.08347658068407326","0.18769361034967005"
"558000","0.13823730481555685","0.08331003413069993","0.19316457550041377"
"560000","0.1414888393669389","0.08484473586548119","0.19813294286839664"
"562000","0.14193925686879083","0.08517573073972017","0.1987027829978615"
"564000","0.14670511320931837","0.09267873242963105","0.2007314939890057"
"566000","0.14767234177095817","0.08920873448718339","0.20613594905473293"
"568000","0.14575172283453866","0.09150343016255646","0.20000001550652086"
"570000","0.1501407276908867","0.08873062655795366","0.21155082882381976"
"572000","0.15855439212871716","0.0924469541804865","0.22466183007694782"
"574000","0.16667482015443966","0.0968401711480692","0.23650946916081012"
"576000","0.1751004355843179","0.10418852143455297","0.2460123497340828"
"578000","0.1737429401720874","0.09743766002822668","0.25004822031594814"
"580000","0.1708466037060134","0.09165770374704152","0.2500355036649853"
"582000","0.16458143521798774","0.09336894534993917","0.23579392508603633"
"584000","0.16737652358366176","0.10025658231694251","0.234496464850381"
"586000","0.16738471125019713","0.0962284016283229","0.23854102087207138"
"588000","0.16592435748782008","0.10063714560586959","0.23121156936977058"
"590000","0.16721964047756044","0.09608970251400023","0.23834957844112067"
"592000","0.1634085513977334","0.09541987568605691","0.23139722710940988"
"594000","0.16273355526383967","0.09399962191004306","0.23146748861763627"
"596000","0.1591285298531875","0.08466545258183032","0.2335916071245447"
"598000","0.16313049027230592","0.09151368108112365","0.23474729946348816"
"600000","0.16732478437479587","0.09549637284595519","0.2391531959036365"
"602000","0.16641829875763506","0.09627745356876403","0.2365591439465061"
"604000","0.15987160346936435","0.0933318616496399","0.2264113452890888"
"606000","0.16381892576348037","0.10396592915523797","0.22367192237172276"
"608000","0.16573359235655516","0.10290640488732607","0.22856077982578427"
"610000","0.1687194078741595","0.10799643673468381","0.2294423790136352"
"612000","0.16190817843656988","0.09800121285486967","0.22581514401827008"
"614000","0.17459653388243168","0.10532003455329686","0.2438730332115665"
"616000","0.17853258538525552","0.10655361392069608","0.25051155684981496"
"618000","0.16920145023148508","0.10279190697241575","0.2356109934905544"
"620000","0.16585184916388243","0.10173494406510145","0.22996875426266342"
"622000","0.16385897747706624","0.10261560164857655","0.2251023533055559"
"624000","0.16016881371382624","0.10027267136145383","0.22006495606619864"
"626000","0.1619596692780033","0.09787041523028166","0.2260489233257249"
"628000","0.15911597228143365","0.09276375137735159","0.2254681931855157"
"630000","0.15998717165086418","0.09355633967090399","0.2264180036308244"
"632000","0.14905037781689318","0.08788337074685842","0.2102173848869279"
"634000","0.15338490092661233","0.08372953085694462","0.22304027099628002"
"636000","0.15585166373755782","0.07995145796332509","0.23175186951179058"
"638000","0.15680390508379788","0.08319861574564129","0.23040919442195446"
"640000","0.16689797656144947","0.09121252818498761","0.24258342493791132"
"642000","0.16223967764060945","0.09453049498144538","0.22994886029977352"
"644000","0.16252742094453423","0.09604474233929068","0.2290100995497778"
"646000","0.16660395452287047","0.10007244455162435","0.2331354644941166"
"648000","0.16829926203470677","0.10203159546945244","0.2345669285999611"
"650000","0.16986315499525517","0.11556804752442985","0.22415826246608048"
"652000","0.1743086802540347","0.11678200072143227","0.23183535978663714"
"654000","0.17421453069429843","0.12685970312450082","0.22156935826409607"
"656000","0.17516090195160358","0.1260440874705091","0.22427771643269806"
"658000","0.18528896727133543","0.1312952736625448","0.23928266088012606"
"660000","0.18623946004081515","0.13260782158467918","0.23987109849695115"
"662000","0.18844943870324643","0.13367159417364746","0.24322728323284537"
"664000","0.18961345587391407","0.12972178182099015","0.249505129926838"
"666000","0.18089623264502736","0.13068327423650772","0.23110919105354696"
"668000","0.17388795065227897","0.13048645155970007","0.21728944974485784"
"670000","0.1652132205897942","0.12304358171764761","0.20738285946194082"
"672000","0.1679044448514469","0.12253498774021863","0.21327390196267515"
"674000","0.16649260368663818","0.11918568771332502","0.21379951965995134"
"676000","0.16864708565641195","0.11907048385590314","0.21822368745692075"
"678000","0.1630362205998972","0.11430941950529813","0.21176302169449626"
"680000","0.15715412507299334","0.1065799993276596","0.20772825081832708"
"682000","0.15441129168961196","0.10869551353156566","0.20012706984765827"
"684000","0.157096488350071","0.113654453009367","0.20053852369077504"
"686000","0.1525964323664084","0.1056328459084034","0.19956001882441343"
"688000","0.14722552000079303","0.10330526866018772","0.19114577134139835"
"690000","0.15555702390614898","0.10529887214303017","0.20581517566926777"
"692000","0.15530003101099282","0.10574396550655366","0.204856096515432"
"694000","0.15470034029800445","0.1075052834302187","0.2018953971657902"
"696000","0.16625404002610594","0.11732423502951861","0.21518384502269328"
"698000","0.1654105751821771","0.11987258013337851","0.21094857023097574"
"700000","0.16228816299233587","0.11372823756188154","0.21084808842279018"
"702000","0.164018567414023","0.12162903171032667","0.2064081031177193"
"704000","0.15790573252830656","0.11635163497179747","0.19945983008481563"
"706000","0.1594217991316691","0.1196095946803689","0.1992340035829693"
"708000","0.15928719448391349","0.12654700789600612","0.19202738107182085"
"710000","0.16077053560875357","0.12310793157666922","0.19843313964083792"
"712000","0.1691382651834283","0.12440026059048251","0.2138762697763741"
"714000","0.173272568291286","0.12872298552887515","0.21782215105369687"
"716000","0.17887170643196443","0.1251658911933191","0.23257752167060972"
"718000","0.1674723175226245","0.11022578492062167","0.22471885012462736"
"720000","0.15921021357760765","0.10029190703528001","0.21812852011993528"
"722000","0.16213869274244644","0.10695980235235765","0.2173175831325352"
"724000","0.16611303240642883","0.11260680361883715","0.2196192611940205"
"726000","0.16392635640338996","0.10617273605661466","0.22167997675016524"
"728000","0.16148568433360197","0.10139227367239073","0.2215790949948132"
"730000","0.15641051649930887","0.10007896415190771","0.21274206884671001"
"732000","0.16028100773575715","0.10296783349709586","0.21759418197441846"
"734000","0.15858053047093562","0.10143928683595732","0.21572177410591395"
"736000","0.15624165042187088","0.09812286165775731","0.21436043918598444"
"738000","0.1588565779372584","0.09501690921606495","0.22269624665845186"
"740000","0.15587963883648626","0.096808690961916","0.21495058671105652"
"742000","0.15672875209595077","0.10268796754302457","0.21076953664887696"
"744000","0.15328150887857192","0.10217755411984399","0.20438546363729984"
"746000","0.15724230135208928","0.10209945974173024","0.2123851429624483"
"748000","0.16271575324586593","0.10847380054416135","0.2169577059475705"
"750000","0.16813484527519904","0.12218598705949262","0.21408370349090547"
"752000","0.17046628110460005","0.13372334760846571","0.2072092146007344"
"754000","0.16777501151314939","0.13115015116753057","0.20439987185876818"
"756000","0.16502366710803473","0.13218956199707463","0.1978577722189948"
"758000","0.17013733662082814","0.1419305589538999","0.1983441142877564"
"760000","0.1700736609788146","0.1407209059339948","0.19942641602363437"
"762000","0.16985113872564397","0.1422000051033683","0.19750227234791964"
"764000","0.16762135367258452","0.14157632642658427","0.19366638091858476"
"766000","0.17483069162233733","0.15455746256979183","0.19510392067488283"
"768000","0.17139744463725948","0.1529368090000935","0.18985808027442544"
"770000","0.1753278880135622","0.15344453954370693","0.19721123648341746"
"772000","0.1705820531115751","0.15045042079349513","0.19071368542965503"
"774000","0.15287097838678165","0.14076033320685383","0.16498162356670945"
"776000","0.1437345654980163","0.13217498001118655","0.15529415098484606"
"778000","0.1501782688961248","0.13316137429734226","0.16719516349490732"
"780000","0.15056430620112224","0.13574946832319257","0.1653791440790519"
"782000","0.15456023883976738","0.13952686768432612","0.16959360999520867"
"784000","0.15780535093479559","0.14237040382286067","0.17324029804673047"
"786000","0.16044306813710135","0.14782432672043797","0.17306180955376477"
"788000","0.15878127667092484","0.1350262806232786","0.18253627271857112"
"790000","0.15646142310433786","0.1323289127316093","0.18059393347706645"
"792000","0.1548918530807714","0.12919018097629306","0.18059352518524974"
"794000","0.15701103945233624","0.12990892596950288","0.18411315293516964"
"796000","0.16225151848950192","0.14469683476199863","0.1798062022170052"
"798000","0.15811365387373372","0.14540262606402393","0.17082468168344347"
"800000","0.15067073061101838","0.133188646104536","0.16815281511750071"
"802000","0.14754841788642808","0.13353491422196384","0.1615619215508923"
"804000","0.15249740554922028","0.14344844248553273","0.16154636861290783"
"806000","0.15249932638340397","0.13534069281478878","0.16965795995201916"
"808000","0.15278400941722792","0.1360440303053474","0.16952398852910847"
"810000","0.15775488245271846","0.13733594168385024","0.17817382322158665"
"812000","0.16202050222986145","0.14354503591021056","0.18049596854951233"
"814000","0.15487858123116893","0.139554083388648","0.17020307907368987"
"816000","0.15412632598512574","0.1395920634682989","0.1686605885019526"
"818000","0.15293564761959716","0.1315966716076946","0.1742746236314997"
"820000","0.15028527281217977","0.12459095564146992","0.1759795899828896"
"822000","0.14882792822056218","0.12523148563166614","0.1724243708094582"
"824000","0.14917459879041417","0.12704615932365415","0.1713030382571742"
"826000","0.13403395924688083","0.11910744857450481","0.14896046991925688"
"828000","0.13336750213027698","0.11846306484600064","0.14827193941455336"
"830000","0.1364269968678127","0.12245942771842237","0.15039456601720302"
"832000","0.13987144503713353","0.12538919479062316","0.1543536952836439"
"834000","0.13999853272893234","0.12482921483402606","0.15516785062383862"
"836000","0.1396167024222086","0.12518813707341905","0.15404526777099817"
"838000","0.14013051912159424","0.12064703308453317","0.15961400515865534"
"840000","0.13513876207143766","0.1126546268950915","0.15762289724778383"
"842000","0.13597688397363528","0.12076108951529023","0.1511926784319803"
"844000","0.13430761057854396","0.11870439324935432","0.1499108279077336"
"846000","0.13243535775662169","0.11625726554950233","0.148613449963741"
"848000","0.13324857497558695","0.1191099323373055","0.14738721761386842"
"850000","0.1294407267306815","0.11172931954672094","0.14715213391464205"
"852000","0.1307822784219752","0.11245617434789892","0.1491083824960515"
"854000","0.12984270358429056","0.10917165384104009","0.15051375332754105"
"856000","0.1332433017526637","0.10976604506780858","0.15672055843751878"
"858000","0.12465457873389824","0.100073947016499","0.14923521045129745"
"860000","0.11537030817911728","0.08864215404202697","0.1420984623162076"
"862000","0.11383724221930608","0.08476532832195517","0.14290915611665697"
"864000","0.1130451545768301","0.088789135668776","0.13730117348488421"
"866000","0.11525963150692406","0.08506847868149635","0.14545078433235176"
"868000","0.11702390694787027","0.07883492600580212","0.15521288788993842"
"870000","0.12172848874499323","0.08744505387207027","0.1560119236179162"
"872000","0.11749499732424738","0.08723406617005822","0.14775592847843655"
"874000","0.117689630498935","0.0850204904790735","0.1503587705187965"
"876000","0.11704757987550693","0.08880966324766632","0.14528549650334754"
"878000","0.12379413767746883","0.0990560789819574","0.14853219637298026"
"880000","0.1289661555647035","0.10571535248716828","0.15221695864223875"
"882000","0.12457557111076312","0.10025727797707078","0.14889386424445547"
"884000","0.11558833955816226","0.09226549167593476","0.13891118744038977"
"886000","0.12100570297829108","0.09633886654337402","0.14567253941320815"
"888000","0.12298730603448348","0.09992366116901394","0.146050950899953"
"890000","0.12421958143851952","0.09986556109448429","0.14857360178255477"
"892000","0.1252964086367865","0.10461151462455746","0.14598130264901557"
"894000","0.12393977771542268","0.10024703126808163","0.14763252416276373"
"896000","0.1166377025100519","0.09187141959031578","0.14140398542978802"
"898000","0.11339451303734677","0.0907769683044171","0.13601205777027645"
"900000","0.1157964502091636","0.09531465396692511","0.13627824645140207"
"902000","0.11865050857915775","0.10039222166349646","0.13690879549481905"
"904000","0.12329366300284164","0.1075731505494332","0.13901417545625008"
"906000","0.12371188603370684","0.10480282120814081","0.14262095085927284"
"908000","0.12070550538628595","0.09723204367270227","0.14417896709986963"
"910000","0.11860716018389211","0.10196323185635264","0.13525108851143158"
"912000","0.10989725874649595","0.09499963071371895","0.12479488677927293"
"914000","0.10793675145047019","0.08733411360706668","0.12853938929387368"
"916000","0.10305298333900281","0.08697918225254397","0.11912678442546167"
"918000","0.10778378784569213","0.0959576386975823","0.11960993699380197"
"920000","0.11127490021201084","0.10771411739464383","0.11483568302937783"
"922000","0.10946576476009795","0.10236867375846487","0.11656285576173105"
"924000","0.10785983621986817","0.09856280811305623","0.11715686432668009"
"926000","0.1138407878196449","0.10077458471234423","0.12690699092694557"
"928000","0.11518179010512539","0.1039415127056418","0.126422067504609"
"930000","0.11690871790662641","0.1150239256041823","0.11879351020907052"
"932000","0.11308579918608302","0.10936634876008611","0.11680524961207993"
"934000","0.11309999403223628","0.10865059823845513","0.11754938982601743"
"936000","0.11575612888351317","0.10669156798277982","0.1248206897842465"
"938000","0.11959679015591973","0.10194041856680996","0.1372531617450295"
"940000","0.1172272168440395","0.10528845726628788","0.12916597642179112"
"942000","0.12017462180607252","0.10994678973336704","0.13040245387877802"
"944000","0.12729784657858545","0.12419426798005588","0.130401425177115"
"946000","0.12506548404839124","0.11821451496449299","0.13191645313228947"
"948000","0.11950333008688176","0.1161163797986228","0.12289028037514071"
"950000","0.12324610391777241","0.1191938883077819","0.12729831952776294"
"952000","0.12102653627429391","0.1189571576769231","0.12309591487166471"
"954000","0.11729688960273052","0.11398276105639525","0.12061101814906579"
"956000","0.11928358434844993","0.11326621987042017","0.1253009488264797"
"958000","0.11583474031795049","0.11116065435227938","0.1205088262836216"
"960000","0.11051997049857164","0.10070845045265742","0.12033149054448586"
"962000","0.1096711968924501","0.10183847740408965","0.11750391638081055"
"964000","0.10932133143913234","0.09898344317567535","0.11965921970258933"
"966000","0.10058556096773827","0.09463244022917934","0.10653868170629721"
"968000","0.10230096480023348","0.09757545450818725","0.10702647509227972"
"970000","0.10217583701160038","0.09441182771814055","0.10993984630506021"
"972000","0.10128888537699822","0.09175846994039602","0.11081930081360042"
"974000","0.10179805991763714","0.09978432536241598","0.10381179447285831"
"976000","0.09977554669196252","0.0943791931134183","0.10517190027050674"
"978000","0.09419120793754701","0.0830229195218999","0.10535949635319412"
"980000","0.09605653008038643","0.08585431821760721","0.10625874194316566"
"982000","0.08983125498110894","0.08659340091166086","0.09306910905055701"
"984000","0.07692909305507784","0.07599121603183448","0.07786697007832118"
"986000","0.07358863150293474","0.06846881158766337","0.0787084514182061"
"988000","0.07192349688673857","0.06325590886292048","0.08059108491055668"
"990000","0.07285798478464131","0.0640028834354598","0.0817130861338228"
"992000","0.0742543341551209","0.06612467050668784","0.08238399780355393"
"994000","0.07083696264366154","0.06277991056558677","0.07889401472173631"
"996000","0.0632935038540745","0.0625624075543601","0.06402460015378893"
"998000","0.06506204714591149","0.06437429711339064","0.06574979717843235"
"1000000","0.06578267623262946","0.06273345787194558","0.06883189459331333"
"1002000","0.06585072322341148","0.06431824036873877","0.06738320607808418"
"1004000","0.0694216546282405","0.06412817069329321","0.07471513856318779"
"1006000","0.06077814390475396","0.05918045544065535","0.06237583236885257"
"1008000","0.060170577369281095","0.05330080168438144","0.06704035305418074"
"1010000","0.05405014579708223","0.04581210153293796","0.06228819006122649"
"1012000","0.05163300776446704","0.04767245287192054","0.05559356265701353"
"1014000","0.04829413907194976","0.04125284353387542","0.055335434610024097"
"1016000","0.048602106883772644","0.04238820994389243","0.05481600382365286"
"1018000","0.04436225662997458","0.03305404150974937","0.0556704717501998"
"1020000","0.04300800020864699","0.029586542492033914","0.056429457925260065"
"1022000","0.03883379782608244","0.02600071454537101","0.05166688110679388"
"1024000","0.0417749692039797","0.03689132625353522","0.04665861215442419"
"1026000","0.05345888356736395","0.050857921205461024","0.05605984592926688"
"1028000","0.055387747763306835","0.04905132705462165","0.06172416847199202"
"1030000","0.05208396541944239","0.04396058654529043","0.06020734429359436"
"1032000","0.05620086451119277","0.04892852777731605","0.0634732012450695"
"1034000","0.06070999221003149","0.04900266135227867","0.07241732306778431"
"1036000","0.061062119436101056","0.047162150089861826","0.07496208878234029"
"1038000","0.05608121844066773","0.03294752756250091","0.07921490931883454"
"1040000","0.051926061157719236","0.029454319124342872","0.0743978031910956"
"1042000","0.05284168770594988","0.038265388851286844","0.06741798656061292"
"1044000","0.05608089668734465","0.04300366813433357","0.06915812524035574"
"1046000","0.051559348535374736","0.04181835496914573","0.06130034210160375"
"1048000","0.05120071021898184","0.04663930589449592","0.05576211454346776"
"1050000","0.05575070692284498","0.05064937675488181","0.06085203709080815"
"1052000","0.05355582421703729","0.04656798372161575","0.060543664712458846"
"1054000","0.05154600707872305","0.047183939014794306","0.055908075142651795"
"1056000","0.04918094435764943","0.04861424723640084","0.04974764147889801"
"1058000","0.04798658673709724","0.04514474758994766","0.050828425884246825"
"1060000","0.04654632438963745","0.040132777189137415","0.05295987159013748"
"1062000","0.05031162773317192","0.03800371835124679","0.06261953711509705"
"1064000","0.05114462494908366","0.043270009608240796","0.05901924028992653"
"1066000","0.05210087060229853","0.04234644195530564","0.06185529924929142"
"1068000","0.05264282687800005","0.035244966209866106","0.07004068754613399"
"1070000","0.05335538464831188","0.041694706142880025","0.06501606315374374"
"1072000","0.0555527678062208","0.042951688379980625","0.06815384723246097"
"1074000","0.057713697322178625","0.04398906698916107","0.07143832765519618"
"1076000","0.05613557856529951","0.04631416216492653","0.06595699496567249"
"1078000","0.05448004137724638","0.037352169305086134","0.07160791344940662"
"1080000","0.05322398566640914","0.031080736014992","0.07536723531782627"
"1082000","0.05716122918762267","0.03499981502071023","0.07932264335453511"
"1084000","0.06017664731480181","0.03919105673208833","0.0811622378975153"
"1086000","0.06013447248376906","0.032106438968330625","0.0881625059992075"
"1088000","0.060898328470066196","0.03128499986603856","0.09051165707409382"
"1090000","0.06210188412107527","0.033575807008892296","0.09062796123325825"
"1092000","0.06382268504985404","0.039389164540916684","0.0882562055587914"
"1094000","0.06859112562426162","0.04681001672521234","0.0903722345233109"
"1096000","0.0659563079155123","0.04245811112225056","0.08945450470877404"
"1098000","0.06885761319241283","0.05021393813192845","0.08750128825289721"
"1100000","0.06976409381768463","0.04849760465323925","0.09103058298213"
"1102000","0.07006437248131987","0.0486771684139967","0.09145157654864305"
"1104000","0.07093447119510529","0.051409989707171914","0.09045895268303866"
"1106000","0.07147530753678438","0.04926931899040937","0.0936812960831594"
"1108000","0.07271210877737758","0.04862633060663939","0.09679788694811578"
"1110000","0.0749704695777109","0.05173993539065123","0.09820100376477058"
"1112000","0.08279670129577425","0.05757331263273954","0.10802008995880896"
"1114000","0.07885710961232689","0.05417582955211401","0.10353838967253978"
"1116000","0.0771578136743119","0.055374186746776105","0.09894144060184772"
"1118000","0.08772403669590859","0.06356996279209852","0.11187811059971864"
"1120000","0.08929307696456817","0.06344123017042876","0.11514492375870759"
"1122000","0.08490237091715244","0.055780322067439554","0.11402441976686532"
"1124000","0.0811587135964146","0.0491519857570529","0.1131654414357763"
"1126000","0.08041819170164671","0.04565564351156354","0.1151807398917299"
"1128000","0.08379282839643565","0.04533012004569173","0.12225553674717958"
"1130000","0.08940973855602351","0.05387591214850545","0.12494356496354157"
"1132000","0.09176476094919053","0.056213126946240664","0.1273163949521404"
"1134000","0.09619408417540398","0.07160026686266065","0.12078790148814733"
"1136000","0.09333370268392173","0.07060935432091356","0.1160580510469299"
"1138000","0.08423231724696961","0.06474423663690686","0.10372039785703237"
"1140000","0.09044476897503045","0.06907551314681769","0.11181402480324323"
"1142000","0.09593642347168498","0.06980218197408249","0.12207066496928747"
"1144000","0.09351445597272687","0.06429940070214797","0.12272951124330575"
"1146000","0.10335100036721998","0.07479355926814606","0.13190844146629388"
"1148000","0.10841159131985478","0.07908190916481544","0.13774127347489412"
"1150000","0.1028439295352655","0.07328492897751858","0.1324029300930124"
"1152000","0.10173147041026823","0.07048916026207735","0.1329737805584591"
"1154000","0.10729957569066756","0.0818325821981125","0.1327665691832226"
"1156000","0.10700654401120119","0.08206245630237391","0.13195063172002847"
"1158000","0.10725623185422592","0.0837722220197611","0.13074024168869072"
"1160000","0.10956876399603062","0.08654712653908064","0.1325904014529806"
"1162000","0.11267632922765186","0.0861161668524437","0.13923649160286003"
"1164000","0.1124485984319108","0.09207408144327928","0.13282311542054231"
"1166000","0.10921211092409067","0.09249055936190416","0.12593366248627716"
"1168000","0.10718028000930643","0.0921877282038622","0.12217283181475068"
"1170000","0.10636126681605673","0.08965008891376783","0.12307244471834565"
"1172000","0.1037578219957868","0.09112347633767058","0.11639216765390302"
"1174000","0.10444900028782286","0.08786098049211433","0.12103702008353139"
"1176000","0.10924721580373442","0.0880176846795075","0.13047674692796135"
"1178000","0.10987778250502743","0.09259480790424277","0.1271607571058121"
"1180000","0.10767086577045121","0.0920459574573033","0.1232957740835991"
"1182000","0.11095311340319312","0.09477423803138663","0.12713198877499962"
"1184000","0.1163260353021542","0.09640853987264564","0.13624353073166276"
"1186000","0.11687205296384491","0.10123711110281874","0.13250699482487108"
"1188000","0.11791687261687912","0.10064774156737258","0.13518600366638567"
"1190000","0.11432858204843796","0.09677976795661379","0.13187739614026214"
"1192000","0.1153506554514388","0.09536213704574038","0.1353391738571372"
"1194000","0.11840041263403692","0.10051151582229068","0.13628930944578316"
"1196000","0.1239427190870265","0.10377474152672221","0.14411069664733078"
"1198000","0.1180189028978566","0.09909113773333957","0.13694666806237366"
"1200000","0.11605855971018172","0.09930104692655732","0.13281607249380614"
"1202000","0.11405036692882277","0.09340303291755844","0.1346977009400871"
"1204000","0.11081851222927071","0.08957897571104695","0.13205804874749447"
"1206000","0.11341157772021687","0.09168215646597673","0.13514099897445703"
"1208000","0.12124250807242788","0.10820889189097216","0.1342761242538836"
"1210000","0.11998690172473289","0.10331412560495665","0.13665967784450914"
"1212000","0.1253409419898162","0.10484166986498167","0.14584021411465073"
"1214000","0.12533419340292312","0.11307330510768225","0.137595081698164"
"1216000","0.12448262430170871","0.10866095922145177","0.14030428938196565"
"1218000","0.12888644290997037","0.12139371975514222","0.1363791660647985"
"1220000","0.13597343599332817","0.12955110996219446","0.14239576202446189"
"1222000","0.1373429878605748","0.12333112239095499","0.1513548533301946"
"1224000","0.1357154063685084","0.11237289442869951","0.1590579183083173"
"1226000","0.13109055027274735","0.11087567973139813","0.1513054208140966"
"1228000","0.12657684780566342","0.11636778268220951","0.13678591292911732"
"1230000","0.1315569998128558","0.12185438356551458","0.141259616060197"
"1232000","0.12828620219512232","0.11629128909858992","0.1402811152916547"
"1234000","0.12471093902273422","0.1135506231263571","0.13587125491911137"
"1236000","0.122449935431614","0.11011734157058527","0.13478252929264273"
"1238000","0.1291568826316143","0.11495453431460191","0.14335923094862665"
"1240000","0.13332972429601797","0.1169302346855693","0.14972921390646662"
"1242000","0.13714467462061292","0.1146294375807338","0.15965991166049207"
"1244000","0.13879112774415261","0.10997165001186658","0.16761060547643866"
"1246000","0.14092489460392243","0.1081832364872389","0.17366655272060597"
"1248000","0.13998429998664505","0.1010641332269006","0.17890446674638952"
"1250000","0.13213241532354006","0.09440227973464062","0.16986255091243949"
"1252000","0.1284606658658231","0.08719954553249408","0.16972178619915212"
"1254000","0.12468932082785614","0.08274497880789568","0.16663366284781658"
"1256000","0.1230076520322109","0.07699104606363108","0.1690242580007907"
"1258000","0.11991679866707272","0.07012220262738993","0.16971139470675553"
"1260000","0.12107698728239483","0.07431692569705774","0.16783704886773193"
"1262000","0.11942561273372121","0.07232501059028436","0.16652621487715805"
"1264000","0.11579007540738531","0.06764826699349215","0.16393188382127846"
"1266000","0.11886500329619593","0.07074510841819574","0.16698489817419612"
"1268000","0.12683591836041158","0.07390878676626017","0.17976304995456302"
"1270000","0.12640972250050253","0.07298229902240565","0.17983714597859943"
"1272000","0.12744704131877369","0.07527853167805006","0.17961555095949733"
"1274000","0.12046555166041799","0.06303524411472608","0.1778958592061099"
"1276000","0.12006976430213398","0.06190761781486799","0.17823191078939998"
"1278000","0.12042420108711667","0.0711194518879347","0.16972895028629864"
"1280000","0.11802892565636283","0.07110987988489796","0.16494797142782772"
"1282000","0.11886607326476223","0.07373393071073224","0.16399821581879223"
"1284000","0.11954161953090078","0.0725038833655708","0.16657935569623078"
"1286000","0.11423834498880753","0.0691725857295387","0.15930410424807634"
"1288000","0.11064000937996751","0.07523348805683781","0.14604653070309723"
"1290000","0.11061812002120859","0.0708362382389896","0.15040000180342758"
"1292000","0.10762416902092808","0.06567673352736164","0.14957160451449453"
"1294000","0.10768840520737286","0.06237565686184098","0.15300115355290472"
"1296000","0.11111243746105175","0.06675734166245093","0.15546753325965257"
"1298000","0.11265884495202044","0.05983497668246855","0.16548271322157235"
"1300000","0.1062092369687889","0.055339818635984556","0.15707865530159323"
"1302000","0.1044569989186857","0.05488632414679159","0.15402767369057982"
"1304000","0.10445435793000797","0.056765904167696134","0.1521428116923198"
"1306000","0.09965579603660443","0.05041643325428595","0.14889515881892293"
"1308000","0.09853559347662667","0.05005446035604109","0.14701672659721227"
"1310000","0.10254271562072972","0.05658963743786444","0.148495793803595"
"1312000","0.10161932091090421","0.055623625854059354","0.14761501596774906"
"1314000","0.10379845606956223","0.055062881747289794","0.15253403039183466"
"1316000","0.1054686707523797","0.058258074263139864","0.15267926724161954"
"1318000","0.09851850378188828","0.052468667665525576","0.144568339898251"
"1320000","0.09675678188774327","0.059164373019739286","0.13434919075574725"
"1322000","0.10007985482785443","0.058722183147474426","0.14143752650823443"
"1324000","0.09871607283923367","0.05896873627047171","0.13846340940799565"
"1326000","0.09555944777886907","0.05856671376343001","0.13255218179430814"
"1328000","0.09262216240029374","0.05978599487061729","0.1254583299299702"
"1330000","0.0882505249404494","0.06312910763735999","0.1133719422435388"
"1332000","0.08618204829144815","0.05943862889151205","0.11292546769138426"
"1334000","0.08288375112089852","0.05729453746418585","0.1084729647776112"
"1336000","0.08404955821904878","0.0545625882242166","0.11353652821388095"
"1338000","0.08393585185382108","0.05516600493530859","0.11270569877233357"
"1340000","0.07843537730026583","0.05133631996999611","0.10553443463053554"
"1342000","0.07567299832822755","0.05366142430342734","0.09768457235302776"
"1344000","0.07111376215936616","0.04871116825379431","0.09351635606493801"
"1346000","0.0640506856632419","0.04187016018666327","0.08623121113982052"
"1348000","0.06283279156778007","0.04024935008957982","0.08541623304598034"
"1350000","0.0640627612406388","0.04550279701128602","0.08262272546999157"
"1352000","0.06463393148500472","0.04518778083845973","0.08408008213154972"
"1354000","0.06407729035709053","0.04269379584118724","0.08546078487299383"
"1356000","0.0627344737527892","0.04343626005575061","0.08203268744982779"
"1358000","0.06216876539867371","0.04454775860533118","0.07978977219201625"
"1360000","0.05900644741486758","0.044143046569079164","0.073869848260656"
"1362000","0.05953255556058139","0.04646607084199786","0.07259904027916492"
"1364000","0.05973312146496028","0.04035607410594821","0.07911016882397234"
"1366000","0.0647431432036683","0.0399986014328897","0.0894876849744469"
"1368000","0.06493187977699563","0.0417114601098001","0.08815229944419116"
"1370000","0.06606934618903323","0.04065519442781806","0.09148349795024842"
"1372000","0.06735730168176815","0.03589002897962928","0.09882457438390702"
"1374000","0.07223305185092613","0.039035634007304906","0.10543046969454735"
"1376000","0.06851112623466178","0.039521620254963634","0.09750063221435994"
"1378000","0.06396144245518372","0.03198423771187663","0.0959386471984908"
"1380000","0.06422417704714463","0.03049134625121951","0.09795700784306974"
"1382000","0.05892365951789543","0.022008745353668927","0.09583857368212194"
"1384000","0.05978164520813152","0.024450734537094832","0.09511255587916821"
"1386000","0.05639248457504436","0.024377232771366834","0.08840773637872189"
"1388000","0.05560484745306894","0.027834852151572706","0.08337484275456518"
"1390000","0.05994303271872923","0.034472961835563184","0.08541310360189527"
"1392000","0.06424606793327257","0.04831751745194197","0.08017461841460317"
"1394000","0.06363379334798083","0.044929411094635725","0.08233817560132593"
"1396000","0.06039162428816781","0.04028258053585887","0.08050066804047674"
"1398000","0.06058491678675637","0.0377907976321876","0.08337903594132513"
"1400000","0.0627628600760363","0.03667631087824702","0.08884940927382559"
"1402000","0.06268428139155731","0.04019732126966119","0.08517124151345343"
"1404000","0.06027775279944762","0.041738148424774406","0.07881735717412085"
"1406000","0.06186353327473626","0.03884373197332024","0.08488333457615227"
"1408000","0.06164421560009942","0.035768714044243095","0.08751971715595573"
"1410000","0.06527954543707892","0.039315652716904875","0.09124343815725297"
"1412000","0.062265162437688565","0.037043660636991264","0.08748666423838586"
"1414000","0.0601333921472542","0.02945082126185298","0.09081596303265542"
"1416000","0.05836896775988862","0.030432945918291807","0.08630498960148543"
"1418000","0.06115460338769481","0.0325585119985044","0.08975069477688521"
"1420000","0.058552387307863676","0.0291493465565145","0.08795542805921286"
"1422000","0.05674600171623752","0.03366472443565726","0.07982727899681777"
"1424000","0.059627933900337673","0.03830201214179397","0.08095385565888137"
"1426000","0.06282574818236754","0.04098230184987187","0.0846691945148632"
"1428000","0.06574713312787936","0.04274890499189496","0.08874536126386375"
"1430000","0.0681862796167843","0.041745983231812715","0.09462657600175589"
"1432000","0.06706349639920518","0.040725423712283375","0.09340156908612698"
"1434000","0.06454788081115112","0.03918217940256","0.08991358221974224"
"1436000","0.06601927984273062","0.042528350558131936","0.0895102091273293"
"1438000","0.06663762632524595","0.0432952200435102","0.08998003260698169"
"1440000","0.061840314005967234","0.036858739349991086","0.08682188866194337"
"1442000","0.05813407856738195","0.038650699947029354","0.07761745718773455"
"1444000","0.051537318003829574","0.03898034499958158","0.06409429100807756"
"1446000","0.05336355819134042","0.04569999502971769","0.06102712135296315"
"1448000","0.05331330374581739","0.04399019679054618","0.06263641070108861"
"1450000","0.06512379095656798","0.056135041322559115","0.07411254059057683"
"1452000","0.0692200757865794","0.06130462408065796","0.07713552749250084"
"1454000","0.06975312424125149","0.059566561914980415","0.07993968656752258"
"1456000","0.06747920860769227","0.05426988411694765","0.08068853309843689"
"1458000","0.06810255526797845","0.05935802895575762","0.0768470815801993"
"1460000","0.06460163983749226","0.06319978620857","0.06600349346641451"
"1462000","0.06397320765303448","0.06097768064588308","0.06696873466018588"
"1464000","0.06569530747132375","0.05940522018820047","0.07198539475444704"
"1466000","0.06635265357093886","0.06091789547353983","0.07178741166833788"
"1468000","0.05592412649886683","0.0553369132662192","0.056511339731514454"
"1470000","0.058275085242930805","0.05504294854123146","0.061507221944630146"
"1472000","0.05620902764843777","0.05305674816016108","0.05936130713671446"
"1474000","0.05858492779778317","0.0515387816214934","0.06563107397407293"
"1476000","0.05854690774576738","0.050549227469600735","0.06654458802193403"
"1478000","0.057148646705318246","0.051926125162281095","0.06237116824835539"
"1480000","0.05878620005445555","0.05619506435934454","0.06137733574956655"
"1482000","0.05501677592517808","0.053971833698451516","0.056061718151904645"
"1484000","0.052622866753954445","0.050380715043284","0.05486501846462488"
"1486000","0.05333325264276936","0.05230347013566643","0.054363035149872306"
"1488000","0.058458345730323345","0.05084929946810007","0.06606739199254662"
"1490000","0.05488854204537347","0.05405208621174097","0.05572499787900597"
"1492000","0.05389290162594989","0.05058184674475342","0.05720395650714636"
"1494000","0.053338859353680164","0.04506759157869965","0.06161012712866068"
"1496000","0.05593344090273604","0.047373915375210345","0.06449296643026173"
"1498000","0.05309995688265189","0.03860686758998781","0.06759304617531597"
"1500000","0.057474885804113","0.03785917232278734","0.07709059928543865"
"1502000","0.058327726197894655","0.03787313649896532","0.078782315896824"
"1504000","0.056178559788968414","0.03257625302765518","0.07978086655028165"
"1506000","0.057371905089821665","0.028337812260724606","0.08640599791891873"
"1508000","0.058368887936230754","0.030931966924108566","0.08580580894835294"
"1510000","0.05533169474219903","0.028906440609134734","0.08175694887526333"
"1512000","0.055948639323469246","0.030558376186527313","0.08133890246041119"
"1514000","0.056827792560216035","0.03435195031110197","0.0793036348093301"
"1516000","0.06069122705375776","0.038540597432292996","0.08284185667522252"
"1518000","0.05971174742793664","0.03288462417665869","0.08653887067921459"
"1520000","0.06384690578794107","0.04899961488787085","0.0786941966880113"
"1522000","0.0633467555581592","0.04504465995822102","0.08164885115809739"
"1524000","0.06841220816364511","0.05206036149058491","0.08476405483670532"
"1526000","0.06920149993849918","0.052916367934085426","0.08548663194291294"
"1528000","0.07015873276395723","0.05881910173688084","0.08149836379103363"
"1530000","0.06746408275095746","0.05536036858800799","0.07956779691390693"
"1532000","0.06668865160783752","0.05331904532853514","0.08005825788713991"
"1534000","0.06466396569972857","0.051815107823349534","0.07751282357610761"
"1536000","0.06605138368671759","0.04830433359835297","0.08379843377508223"
"1538000","0.06441833140095696","0.0500575794512406","0.07877908335067332"
"1540000","0.06528535771882162","0.05252594577614218","0.07804476966150105"
"1542000","0.06442426082445309","0.05321672576013953","0.07563179588876665"
"1544000","0.06669536587549374","0.057831278168596324","0.07555945358239115"
"1546000","0.06775420483900234","0.053237678431905806","0.08227073124609888"
"1548000","0.06997320394497365","0.054773090863600375","0.08517331702634692"
"1550000","0.06737479861360043","0.05475328573025763","0.07999631149694324"
"1552000","0.07082579005043954","0.055075814509764315","0.08657576559111475"
"1554000","0.06789351079147309","0.05360272006131708","0.08218430152162909"
"1556000","0.07163084495346994","0.05990545646287501","0.08335623344406486"
"1558000","0.07014711502473801","0.05961733759380877","0.08067689245566725"
"1560000","0.07144499372225255","0.062183143952861425","0.08070684349164367"
"1562000","0.07017198036890476","0.05929126844741404","0.0810526922903955"
"1564000","0.06852923955302685","0.055374991158023475","0.08168348794803024"
"1566000","0.06642474994529038","0.05028179894201457","0.08256770094856619"
"1568000","0.06834857402835041","0.05432732353918254","0.08236982451751829"
"1570000","0.06931432089302689","0.05456712345592678","0.084061518330127"
"1572000","0.07179734118282795","0.05316473914310336","0.09042994322255254"
"1574000","0.06805734040215611","0.046784122120589015","0.08933055868372321"
"1576000","0.06609355768188833","0.04813555439934134","0.08405156096443533"
"1578000","0.06639179758727551","0.0467832843028009","0.08600031087175011"
"1580000","0.0667833261191845","0.0443826868198812","0.08918396541848779"
"1582000","0.07449229441583156","0.053096713926643134","0.09588787490502"
"1584000","0.07384056132286787","0.05216948283836245","0.09551163980737329"
"1586000","0.075079405894503","0.05593959618359804","0.09421921560540795"
"1588000","0.07439512300305069","0.05675124386325479","0.09203900214284659"
"1590000","0.07366087845526637","0.058225016985088585","0.08909673992544413"
"1592000","0.07100900917313993","0.06067005911841988","0.08134795922785998"
"1594000","0.07283550227060914","0.062375647891312835","0.08329535664990545"
"1596000","0.07297257026657462","0.06195540005341172","0.08398974047973752"
"1598000","0.077286779563874","0.0665857888199389","0.08798777030780912"
"1600000","0.0745084430091083","0.06597077349200844","0.08304611252620817"
"1602000","0.07847763661295176","0.06780294688418508","0.08915232634171844"
"1604000","0.07566359847784043","0.06740099610760808","0.08392620084807277"
"1606000","0.06998410686850548","0.05623974384739995","0.08372846988961101"
"1608000","0.06996654495596885","0.05566137315705419","0.08427171675488353"
"1610000","0.06515606462955474","0.047290214914828536","0.08302191434428095"
"1612000","0.062429822068661454","0.044291526544839144","0.08056811759248377"
"1614000","0.06598614418879152","0.05354702727869153","0.0784252610988915"
"1616000","0.06626905206590891","0.056904956009238956","0.07563314812257886"
"1618000","0.06475632216781378","0.055856659766286613","0.07365598456934094"
"1620000","0.06505932103842496","0.05381568169221282","0.07630296038463712"
"1622000","0.06681095216423273","0.057825713660568","0.07579619066789746"
"1624000","0.06024297386407852","0.04678255995735526","0.07370338777080178"
"1626000","0.05569577967748046","0.04091461544856429","0.07047694390639662"
"1628000","0.052042477037757634","0.03293618446215987","0.0711487696133554"
"1630000","0.04878417572006583","0.026306807454675438","0.07126154398545623"
"1632000","0.051175719518214466","0.028776069153100253","0.07357536988332868"
"1634000","0.04785287798382342","0.027098000906407835","0.068607755061239"
"1636000","0.04808477983810008","0.028802840523421764","0.06736671915277839"
"1638000","0.04560904056765139","0.024771658591926097","0.06644642254337668"
"1640000","0.05090311481617391","0.029188837110996246","0.07261739252135158"
"1642000","0.04896851635538041","0.028716077730059623","0.0692209549807012"
"1644000","0.05391903792507947","0.03671005912125111","0.07112801672890783"
"1646000","0.054314882736653095","0.038459688667207954","0.07017007680609823"
"1648000","0.05269813315942883","0.03424473645165563","0.07115152986720204"
"1650000","0.04952110534533859","0.03396109940484166","0.0650811112858355"
"1652000","0.049263377892784774","0.035235739564523104","0.06329101622104645"
"1654000","0.0535583434579894","0.038002612357959153","0.06911407455801964"
"1656000","0.05487307395320386","0.03686686164699495","0.07287928625941277"
"1658000","0.055749762873165305","0.038349620914086696","0.07314990483224391"
"1660000","0.06149797800462693","0.048879501735791565","0.07411645427346229"
"1662000","0.06442742336075753","0.04998398474417627","0.0788708619773388"
"1664000","0.06482374928425998","0.05401477656327188","0.07563272200524807"
"1666000","0.061859679440967735","0.05427685207687318","0.0694425068050623"
"1668000","0.06570118627976626","0.059929916029796006","0.07147245652973652"
"1670000","0.0645076227420941","0.06244211283512414","0.06657313264906406"
"1672000","0.06620845047291368","0.0628551338147372","0.06956176713109016"
"1674000","0.07014327344950289","0.06519338245503604","0.07509316444396973"
"1676000","0.07077688673976809","0.06487480138428509","0.07667897209525108"
"1678000","0.07298966030124575","0.06672216956503689","0.0792571510374546"
"1680000","0.07034524741116911","0.06397854735143482","0.0767119474709034"
"1682000","0.06996264747809619","0.06396225824020803","0.07596303671598434"
"1684000","0.07601247090380639","0.07388907357119023","0.07813586823642255"
"1686000","0.07717719891574235","0.07434567674063146","0.08000872109085322"
"1688000","0.07408823417034","0.07252397461794317","0.07565249372273683"
"1690000","0.07547481251414866","0.07457612652331591","0.0763734985049814"
"1692000","0.08497312770690768","0.07997357692569494","0.08997267848812043"
"1694000","0.0847136397799477","0.07656344067305326","0.09286383888684213"
"1696000","0.08129141421522945","0.07590934317559003","0.08667348525486887"
"1698000","0.08170313875656575","0.07555291440337897","0.08785336310975253"
"1700000","0.08354898955207318","0.07083113189786673","0.09626684720627963"
"1702000","0.08069823119323702","0.063680281303823","0.09771618108265102"
"1704000","0.07977175730746239","0.055341657660901544","0.10420185695402324"
"1706000","0.08051887336652726","0.05225076373666525","0.10878698299638927"
"1708000","0.07734210589434952","0.04703870233148336","0.10764550945721567"
"1710000","0.07586617795284838","0.046138952933251855","0.10559340297244489"
"1712000","0.07449025829788297","0.046728299222886564","0.10225221737287939"
"1714000","0.07087949653621763","0.04653572585433721","0.09522326721809804"
"1716000","0.06641856221016497","0.04223577748984098","0.09060134693048895"
"1718000","0.0662274390971288","0.041915122531354425","0.09053975566290319"
"1720000","0.062247842452488836","0.046052332185208794","0.07844335271976888"
"1722000","0.06745790402870626","0.04954601813107729","0.08536978992633522"
"1724000","0.061689894632436335","0.044919617865234615","0.07846017139963805"
"1726000","0.06374010420870035","0.04612969409674406","0.08135051432065665"
"1728000","0.06195000200998038","0.04598290208727121","0.07791710193268955"
"1730000","0.061691097128205","0.042749264501035215","0.08063292975537478"
"1732000","0.06339358508121222","0.045063126310706136","0.0817240438517183"
"1734000","0.061992520201019946","0.042512474954128264","0.08147256544791162"
"1736000","0.058565156045369805","0.03289698749780655","0.08423332459293306"
"1738000","0.06160224621649831","0.04008506432175636","0.08311942811124026"
"1740000","0.0594192331423983","0.0372381766885519","0.0816002895962447"
"1742000","0.059532428090460596","0.038318375702947376","0.08074648047797382"
"1744000","0.06024165950249881","0.041560011710971595","0.07892330729402602"
"1746000","0.062183390702120964","0.04433444639667869","0.08003233500756324"
"1748000","0.0603511881781742","0.03991734197363257","0.08078503438271582"
"1750000","0.0630307127488777","0.044448017980903386","0.08161340751685202"
"1752000","0.05819643994327635","0.03823862927034497","0.07815425061620772"
"1754000","0.059723020992241804","0.035871115867048504","0.0835749261174351"
"1756000","0.05949488039594143","0.03480470484122634","0.08418505595065653"
"1758000","0.06697503044735639","0.0429909617267549","0.0909590991679579"
"1760000","0.062319651334546505","0.042102351430803535","0.08253695123828947"
"1762000","0.06090515950229019","0.03837414870038629","0.08343617030419409"
"1764000","0.06159526774194092","0.03557666102424264","0.0876138744596392"
"1766000","0.06152780894655735","0.03771224508062005","0.08534337281249464"
"1768000","0.05996037079486996","0.03501536665484309","0.08490537493489683"
"1770000","0.05719812548253685","0.03467134280130267","0.07972490816377104"
"1772000","0.05638193574734032","0.034217621963471175","0.07854624953120946"
"1774000","0.0550079897325486","0.030800635162740946","0.07921534430235624"
"1776000","0.06091674569062888","0.04282444709911942","0.07900904428213834"
"1778000","0.06297103644348681","0.04158842882141471","0.08435364406555891"
"1780000","0.06296846293844283","0.04024720450863242","0.08568972136825323"
"1782000","0.06283582136966288","0.046670270916074515","0.07900137182325125"
"1784000","0.06612232734449208","0.0522190453670919","0.08002560932189226"
"1786000","0.06923801409080625","0.05240234097465873","0.08607368720695377"
"1788000","0.06782088147476316","0.05455985775217414","0.08108190519735217"
"1790000","0.06957949480041861","0.05515628172084689","0.08400270787999034"
"1792000","0.06895182302221656","0.053830888401716945","0.08407275764271617"
"1794000","0.06406755516305565","0.05136830603703856","0.07676680428907275"
"1796000","0.07060193726792932","0.053789542224258184","0.08741433231160045"
"1798000","0.07514917971566319","0.06231346538290381","0.08798489404842258"
"1800000","0.07821926714852452","0.06679575046524405","0.08964278383180499"
"1802000","0.07527605900540948","0.0607492639683187","0.08980285404250025"
"1804000","0.08123598774895072","0.06953155240043998","0.09294042309746146"
"1806000","0.08681104494258761","0.07793450152501463","0.09568758836016059"
"1808000","0.08782658500596881","0.08308584785088896","0.09256732216104865"
"1810000","0.08978814056143164","0.08093516057357192","0.09864112054929138"
"1812000","0.09389321365393699","0.08704001938924194","0.10074640791863203"
"1814000","0.08973104567267001","0.08256791343912483","0.09689417790621518"
"1816000","0.08940409020520747","0.0798554321192205","0.09895274829119444"
"1818000","0.08608953231014312","0.07648698111996055","0.09569208350032568"
"1820000","0.08046907753683627","0.06996173223480583","0.09097642283886671"
"1822000","0.07569540024735033","0.06598266443237662","0.08540813606232404"
"1824000","0.0791343514341861","0.06665842397138476","0.09161027889698743"
"1826000","0.07999186157248914","0.06221925722435117","0.09776446592062711"
"1828000","0.08556833243928849","0.06259562658146024","0.10854103829711675"
"1830000","0.08321904729120433","0.05961656766012311","0.10682152692228555"
"1832000","0.08499240954406559","0.06317719941958785","0.10680761966854334"
"1834000","0.08917781915515662","0.07018426543101669","0.10817137287929654"
"1836000","0.08603668678551912","0.06559249302372336","0.10648088054731489"
"1838000","0.0820485070720315","0.059463273491710426","0.10463374065235258"
"1840000","0.08040814515203237","0.06023338815197349","0.10058290215209126"
"1842000","0.07929316505789757","0.058354470562189814","0.10023185955360532"
"1844000","0.0767011372745037","0.054860689025372264","0.09854158552363515"
"1846000","0.07332866296172141","0.05216925946995616","0.09448806645348667"
"1848000","0.07411845742724836","0.05431271372362971","0.09392420113086701"
"1850000","0.07655023674480617","0.05283800324425101","0.10026247024536133"
"1852000","0.07300446989946067","0.05218695363029838","0.09382198616862297"
"1854000","0.07168488076888024","0.05161664953455329","0.09175311200320721"
"1856000","0.07180408894084395","0.05178334167227149","0.0918248362094164"
"1858000","0.0757294740062207","0.05457560522481799","0.09688334278762341"
"1860000","0.08146432000212371","0.06064639938995242","0.102282240614295"
"1862000","0.07659871905110777","0.056479576881974934","0.09671786122024059"
"1864000","0.07741956590674817","0.0625179005227983","0.09232123129069805"
"1866000","0.07978178492747248","0.06755060901865363","0.09201296083629132"
"1868000","0.07936520157614724","0.06905497435946018","0.08967542879283429"
"1870000","0.07500854699173942","0.06551562671083958","0.08450146727263927"
"1872000","0.07053808499360457","0.05765322778839618","0.08342294219881297"
"1874000","0.06760111026698723","0.05507319290656596","0.0801290276274085"
"1876000","0.06772914591478184","0.05088275116402656","0.08457554066553712"
"1878000","0.06836412477539852","0.052012487766332924","0.08471576178446412"
"1880000","0.07074954970972612","0.0552091544913128","0.08628994492813945"
"1882000","0.06816076901042833","0.054384067659266296","0.08193747036159038"
"1884000","0.06426688332343475","0.053309964989311995","0.07522380165755749"
"1886000","0.06440152196446433","0.05133608837146312","0.07746695555746555"
"1888000","0.06732050506630913","0.0593532993318513","0.07528771080076695"
"1890000","0.06479890944669023","0.05687379140872508","0.07272402748465538"
"1892000","0.061451519264373936","0.05205962282139808","0.07084341570734978"
"1894000","0.061062549485359344","0.04836955216247588","0.0737555468082428"
"1896000","0.06159798817941919","0.047493890193291005","0.07570208616554737"
"1898000","0.06079241587081924","0.046590525903739036","0.07499430583789944"
"1900000","0.06002806594828144","0.04338314408902079","0.07667298780754209"
"1902000","0.062149492625612764","0.04733911641407758","0.07695986883714795"
"1904000","0.06123382558347657","0.04795221277046949","0.07451543839648365"
"1906000","0.06227209520759061","0.04561701857019216","0.07892717184498906"
"1908000","0.061701399956364186","0.0436257215635851","0.07977707834914327"
"1910000","0.06047750377329066","0.041099812765605745","0.07985519478097558"
"1912000","0.059210716423112895","0.04038258009124547","0.07803885275498032"
"1914000","0.06077451342018321","0.04307436235714704","0.07847466448321938"
"1916000","0.058792105701286346","0.042465671678073705","0.07511853972449899"
"1918000","0.05776864473940804","0.03971295617986471","0.07582433329895139"
"1920000","0.06242254932643845","0.04731385730672628","0.07753124134615064"
"1922000","0.05769286533119157","0.04360110350418836","0.07178462715819478"
"1924000","0.060570119416806845","0.04608520703855902","0.07505503179505467"
"1926000","0.059653169757220896","0.042562436633743345","0.07674390288069845"
"1928000","0.06256642332533374","0.04638148757163435","0.07875135907903313"
"1930000","0.06561517225112766","0.0472010048571974","0.08402933964505792"
"1932000","0.06368778891395778","0.04761091494001448","0.07976466288790107"
"1934000","0.06615135967265814","0.0493015203718096","0.08300119897350669"
"1936000","0.06615743273403496","0.052099368954077366","0.08021549651399255"
"1938000","0.06133280472364276","0.05434824221767485","0.06831736722961068"
"1940000","0.06568881598766893","0.05650780872441828","0.07486982325091958"
"1942000","0.06752019514795393","0.061418450186029074","0.07362194010987878"
"1944000","0.06619324060622603","0.06109708004631102","0.07128940116614103"
"1946000","0.06620512256864458","0.05759992801584304","0.07481031712144613"
"1948000","0.06678944828454406","0.062042092317715285","0.07153680425137282"
"1950000","0.0687683522561565","0.06368384861387312","0.07385285589843989"
"1952000","0.07146145880687982","0.06659362954087555","0.07632928807288408"
"1954000","0.06999212682712823","0.06662784409709274","0.07335640955716372"
"1956000","0.06910782661754639","0.0665489870775491","0.07166666615754366"
"1958000","0.06535341497976332","0.060057472037151456","0.0706493579223752"
"1960000","0.07202126166317613","0.061460997993126515","0.08258152533322573"
"1962000","0.07104430957231671","0.06270058401860297","0.07938803512603045"
"1964000","0.06918482987675816","0.06470783659256994","0.07366182316094637"
"1966000","0.07023220155388117","0.06459826298989356","0.07586614011786878"
"1968000","0.07178977198898792","0.06729551927186549","0.07628402470611036"
"1970000","0.06869402348995209","0.0648907479736954","0.07249729900620877"
"1972000","0.07318497009575367","0.06710242138244212","0.07926751880906523"
"1974000","0.07874333009123802","0.07373439148999751","0.08375226869247854"
"1976000","0.07296359978616238","0.06813515485264361","0.07779204471968114"
"1978000","0.07258065296337009","0.07087227479554713","0.07428903113119305"
"1980000","0.07192529847845436","0.06572873012162744","0.07812186683528126"
"1982000","0.07191826723515987","0.0647504009399563","0.07908613353036344"
"1984000","0.0677741901949048","0.058614994743838904","0.0769333856459707"
"1986000","0.0640721957013011","0.053332041213288904","0.07481235018931329"
"1988000","0.06531104315072297","0.054145328560844065","0.07647675774060189"
"1990000","0.06408217766322195","0.05240862841717899","0.07575572690926492"
"1992000","0.061492808023467654","0.049279800159856675","0.07370581588707864"
"1994000","0.06896283616311849","0.05491166370920837","0.0830140086170286"
"1996000","0.06332411595620216","0.052684312639757994","0.07396391927264631"
"1998000","0.06105521024204791","0.04839556875638664","0.07371485172770917"
"2000000","0.061450186939910056","0.04927691350691021","0.0736234603729099"