"Step","Grouped runs - collection/reward/mean_ext_return_100","Grouped runs - collection/reward/mean_ext_return_100__MIN","Grouped runs - collection/reward/mean_ext_return_100__MAX"
"2000","-0.8999956846237183","-1.199995756149292","-0.5999956130981445"
"4000","-1.3499957025051117","-1.79999577999115","-0.8999956250190735"
"6000","-1.7999957308173484","-2.999995787938436","-0.5999956736962607"
"8000","-1.9499956447631348","-2.3999957740306854","-1.4999955154955842"
"10000","-1.919995659887809","-2.39999577999115","-1.439995539784468"
"12000","-2.0999956083794586","-2.3999957044919333","-1.7999955122669842"
"14000","-2.1857099322336193","-2.2285671404429843","-2.142852724024254"
"16000","-2.1374956408515686","-2.174995720386505","-2.099995561316632"
"18000","-1.9333289878235922","-1.999995728333791","-1.8666622473133936"
"20000","-2.1899956718087195","-2.3399957358837127","-2.0399956077337267"
"22000","-2.154541114514524","-2.290904798290946","-2.018177430738102"
"24000","-2.174995642155409","-2.3499956876039505","-1.9999955967068672"
"26000","-2.1461494943270316","-2.215380306427295","-2.076918682226768"
"28000","-2.228567086160183","-2.2714241977248872","-2.1857099745954787"
"30000","-2.2399956156810124","-2.3199955840905506","-2.159995647271474"
"32000","-2.193745614029467","-2.2874955739825964","-2.099995654076338"
"34000","-2.135289743542671","-2.2235250034753014","-2.047054483610041"
"36000","-2.033328967086138","-2.133328932854864","-1.9333290013174116"
"38000","-2.0210482573430744","-2.0842061278067137","-1.9578903868794346"
"40000","-1.9799956296756818","-1.9799956458061843","-1.9799956135451793"
"42000","-1.9857099257409507","-2.0857099481281693","-1.8857099033537321"
"44000","-1.9090865414589602","-2.018177472935473","-1.7999956099824472"
"46000","-1.9043434493243656","-2.034778249198968","-1.7739086494497631"
"48000","-1.9874956307622256","-2.1499956512823624","-1.8249956102420886"
"50000","-2.0039956281483136","-2.1359956421255992","-1.871995614171028"
"52000","-2.0653802429540766","-2.215380252725796","-1.9153802331823568"
"54000","-2.055551182147526","-2.155551187583687","-1.9555511767113651"
"56000","-2.046424203499084","-2.1214242078896013","-1.9714241991085666"
"58000","-2.1310301256847763","-2.2137887489692853","-2.048271502400267"
"60000","-2.1399956403424314","-2.239995639671876","-2.0399956410129865"
"62000","-2.1580601525162466","-2.303221442189903","-2.0128988628425906"
"64000","-2.146870624111031","-2.249995631305495","-2.043745616916567"
"66000","-2.1454501710380542","-2.218177449658056","-2.072722892418052"
"68000","-2.1264662092441995","-2.2058779782670332","-2.0470544402213657"
"70000","-2.1085670469701263","-2.2114241882307137","-2.0057099057095393"
"72000","-2.10832894661774","-2.2499956100765153","-1.9666622831589646"
"74000","-2.0594550737456685","-2.1891847997501066","-1.9297253477412302"
"76000","-2.0526271897515174","-2.163153505991946","-1.9421008735110885"
"78000","-2.0461494551828263","-2.1384571534318777","-1.9538417569337747"
"80000","-2.077495613303034","-2.114995618499813","-2.0399956081062554"
"82000","-2.085361462886013","-2.1365809807326714","-2.034141945039354"
"84000","-2.049995612903011","-2.114281332528305","-1.9857098932777175"
"86000","-2.0232514299105775","-2.093018877263677","-1.9534839825574783"
"88000","-2.01135925306854","-2.059086527641522","-1.9636319784955587"
"90000","-1.979995615300206","-2.0266622811224706","-1.9333289494779415"
"92000","-1.9630390914399996","-2.0086912593439847","-1.9173869235360144"
"94000","-1.9659530637904696","-2.0042509299960525","-1.9276551975848866"
"96000","-1.9562456164043407","-1.9999956118874234","-1.912495620921258"
"98000","-1.9591792916308868","-1.971424182124282","-1.9469344011374918"
"100000","-1.9919956109076749","-2.0159955992996674","-1.967995622515682"
"102000","-1.9941132580094487","-2.0352897190872343","-1.952936796931663"
"104000","-1.9903802272935336","-2.007687909356675","-1.973072545230392"
"106000","-1.9754673095103712","-2.0150899361045838","-1.9358446829161589"
"108000","-1.9611067208978865","-1.9777733765818422","-1.9444400652139309"
"110000","-1.9527228838560942","-1.9636319860003244","-1.941813781711864"
"112000","-1.94463846575236","-1.9607099045068057","-1.9285670269979147"
"114000","-1.9578903480400256","-1.989469307085927","-1.9263113889941244"
"116000","-1.9551680227629205","-1.9758576920834112","-1.93447835344243"
"118000","-1.962707477689611","-2.0135549514475546","-1.9118600039316673"
"120000","-1.9499956116902961","-1.9899956291417311","-1.909995594238861"
"122000","-1.9770447920412444","-1.9967169434809324","-1.9573726406015564"
"124000","-1.9838665767858235","-1.983866597904316","-1.9838665556673307"
"126000","-1.957138468829235","-1.9619003540141464","-1.9523765836443234"
"128000","-1.9546831133848173","-1.97812059392745","-1.9312456328421845"
"130000","-1.938457152942339","-1.9661494425770167","-1.9107648633076608"
"132000","-1.9227228893771415","-1.9363592348908119","-1.9090865438634712"
"134000","-1.911935914570548","-1.916413510971657","-1.9074583181694387"
"136000","-1.9191132588709199","-1.9235250082661304","-1.9147015094757094"
"138000","-1.9434738761556416","-1.9565173701963576","-1.9304303821149256"
"140000","-1.9414241873645874","-1.9457099151611341","-1.937138459568041"
"142000","-1.9436575877270321","-1.9521082766170406","-1.9352068988370237"
"144000","-1.9624956198308294","-1.9833289393663576","-1.9416623002953013"
"146000","-1.9561599997076358","-1.972598341283423","-1.9397216581318488"
"148000","-1.9662118310322723","-1.9702658994777795","-1.9621577625867648"
"150000","-1.9519956165415533","-1.9599956309000663","-1.9439956021830402"
"152000","-1.953942982172347","-1.9815745717600783","-1.926311392584616"
"154000","-1.9363592490420798","-1.9714241928868492","-1.9012943051973106"
"156000","-1.9384571496170384","-1.9769186976628437","-1.8999956015712332"
"158000","-1.9291095355325192","-1.9746791655504263","-1.8835399055146118"
"160000","-1.923745611949124","-1.9799956205487264","-1.867495603349522"
"162000","-1.9333289426475475","-2.0074030266867755","-1.8592548586083197"
"164000","-1.931702921199952","-2.0121907347586108","-1.851215107641293"
"166000","-1.9373449990963438","-2.0313209111432005","-1.8433690870494874"
"168000","-1.9357098872163545","-2.0285670405342477","-1.8428527338984613"
"170000","-1.9447014849731579","-2.0541132635228783","-1.8352897064234373"
"172000","-1.929065371310164","-2.030228175153567","-1.827902567466761"
"174000","-1.9103404308583616","-2.013788719047076","-1.806892142669647"
"176000","-1.912495602706488","-2.0113592538305314","-1.8136319515824446"
"178000","-1.9348270629616335","-2.0494338218080874","-1.8202203041151794"
"180000","-1.923328935873383","-2.0399956197539977","-1.806662251992768"
"182000","-1.9252703303051586","-2.0175780378200208","-1.8329626227902966"
"184000","-1.927169518161604","-2.028256488170314","-1.8260825481528944"
"186000","-1.9322536679255131","-2.038705296990693","-1.825802038860333"
"188000","-1.9276551758246283","-2.0361658302393377","-1.8191445214099191"
"190000","-1.9263113858090013","-2.033679823436236","-1.8189429481817665"
"192000","-1.924995593281345","-2.0312456084415325","-1.8187455781211572"
"194000","-1.9113358002856897","-2.0164904550793255","-1.806181145492054"
"196000","-1.8979547767662344","-1.9959139768870537","-1.799995576645415"
"198000","-1.9030258958434887","-1.9939350015888337","-1.8121167900981439"
"200000","-1.9139955903934311","-2.009995610088113","-1.8179955706987494"
"202000","-1.9199955842094483","-2.0039956077337275","-1.835995560685169"
"204000","-1.9379955855207505","-2.021995608448983","-1.8539955625925177"
"206000","-1.9379955852078252","-2.0639956106841555","-1.8119955597314947"
"208000","-1.931995586355215","-2.0579956140220155","-1.8059955586884144"
"210000","-1.931995583971029","-2.069995610922574","-1.7939955570194843"
"212000","-1.9409955837326105","-2.0819956161677826","-1.7999955512974384"
"214000","-1.9289955805884667","-2.039995610356332","-1.8179955508206012"
"216000","-1.9319955813037222","-2.051995613217355","-1.8119955493900897"
"218000","-1.9649955797987058","-2.0819956129491355","-1.847995546648276"
"220000","-1.9469955790834503","-2.05199561056495","-1.8419955476019505"
"222000","-1.9619955778913574","-2.0699956124722987","-1.853995543310416"
"224000","-1.9679955793218686","-2.0939956134259727","-1.8419955452177645"
"226000","-1.9649955771164969","-2.0699956106841593","-1.8599955435488347"
"228000","-1.9589955774741248","-2.0699956106841593","-1.8479955442640903"
"230000","-1.9379955832110727","-2.0399956166744277","-1.8359955497477176"
"232000","-1.9469955817805613","-2.051995617151265","-1.8419955464098576"
"234000","-1.9619955793963755","-2.0579956161975907","-1.8659955425951602"
"236000","-1.973995578211734","-2.0639956152439165","-1.8839955411795517"
"238000","-1.9679955782713388","-2.0579956144094513","-1.8779955421332262"
"240000","-1.9739955775411817","-2.0879956130683466","-1.8599955420140168"
"242000","-1.9739955752017","-2.099995613634592","-1.8479955367688081"
"244000","-1.9889955720277521","-2.12999560669065","-1.8479955373648544"
"246000","-1.9799955709101642","-2.1359956021606967","-1.8239955396596315"
"248000","-1.9619955707909549","-2.129995603114371","-1.7939955384675386"
"250000","-1.9619955716999264","-2.1479956050217197","-1.7759955383781334"
"252000","-1.9469955711038802","-2.1539956016838597","-1.7399955405239007"
"254000","-1.9469955705078337","-2.1419955988228367","-1.7519955421928308"
"256000","-1.9439955674083922","-2.1299955959618138","-1.7579955388549706"
"258000","-1.9379955612095092","-2.123995587378745","-1.7519955350402734"
"260000","-1.9199955622823928","-2.111995586305861","-1.7279955382589243"
"262000","-1.9109955613287184","-2.1239955843985125","-1.6979955382589242"
"264000","-1.9199955646665785","-2.0999955917894884","-1.7399955375436684"
"266000","-1.9349955640705319","-2.11199558988214","-1.757995538258924"
"268000","-1.952995564785788","-2.1299955917894886","-1.775995537782087"
"270000","-1.964995565262625","-2.141995592266326","-1.787995538258924"
"272000","-1.964995565262625","-2.141995592266326","-1.787995538258924"
"274000","-1.9949955653669327","-2.171995594054465","-1.8179955366794003"
"276000","-1.9979955660821882","-2.1779955978691623","-1.8179955342952143"
"278000","-2.00699556584377","-2.1719956012070223","-1.8419955304805171"
"280000","-2.0009955644132584","-2.1479955978691625","-1.8539955309573544"
"282000","-1.991995565024206","-2.1599956007301855","-1.8239955293182266"
"284000","-2.0159955608965836","-2.1899955953359633","-1.8419955264572037"
"286000","-2.0279955589892347","-2.2019955958128","-1.8539955221656692"
"288000","-2.0369955587508164","-2.2199955929517774","-1.853995524549855"
"290000","-2.0549955564858395","-2.2319955880641964","-1.877995524907483"
"292000","-2.0549955570818863","-2.225995587825778","-1.8839955263379944"
"294000","-2.0549955550702292","-2.2019955864250687","-1.9079955237153898"
"296000","-2.0549955556662756","-2.20799558785558","-1.9019955234769714"
"298000","-2.057995555487462","-2.1899955859482314","-1.925995525026692"
"300000","-2.051995555249043","-2.189995588332417","-1.9139955221656693"
"302000","-2.0489955545337875","-2.20199559119344","-1.8959955178741348"
"304000","-2.045995552626439","-2.183995589286092","-1.907995515966786"
"306000","-2.036995551851578","-2.18999558579922","-1.8839955179039363"
"308000","-2.042995550830849","-2.183995586752894","-1.9019955149088037"
"310000","-2.0579955528676512","-2.17199558746815","-1.943995518267152"
"312000","-2.084995553344488","-2.2019955922365217","-1.9679955144524548"
"314000","-2.0729955510795115","-2.189995586991313","-1.9559955151677104"
"316000","-2.063995553657412","-2.1959955884218245","-1.9319955188929998"
"318000","-2.060995549961924","-2.1719955850839643","-1.949995514839884"
"320000","-2.087995551630854","-2.2019955826997784","-1.97399552056193"
"322000","-2.0909955499619244","-2.207995574593547","-1.9739955253303014"
"324000","-2.0699955531954766","-2.201995576739314","-1.9379955296516391"
"326000","-2.1059955522865064","-2.2499955787360704","-1.961995525836942"
"328000","-2.1269955495446924","-2.279995575159792","-1.9739955239295932"
"330000","-2.135995546460151","-2.2739955728054064","-1.997995520114896"
"332000","-2.1389955441951747","-2.2799955682754534","-1.997995520114896"
"334000","-2.1569955419301983","-2.285995567321779","-2.0279955165386174"
"336000","-2.141995543196797","-2.2619955689013023","-2.0219955174922917"
"338000","-2.1089955420196045","-2.2139955672621725","-2.003995516777036"
"340000","-2.0999955419599994","-2.2079955688118935","-1.9919955151081057"
"342000","-2.0939955414235576","-2.219995564520359","-1.9679955183267566"
"344000","-2.0789955354630933","-2.20799555927515","-1.9499955116510364"
"346000","-2.0729955376088607","-2.2019955590367317","-1.9439955161809894"
"348000","-2.054995536893605","-2.171995557844639","-1.9379955159425708"
"350000","-2.0549955354034886","-2.171995555460453","-1.9379955153465245"
"352000","-2.057995538204907","-2.1719955626130103","-1.9439955137968037"
"354000","-2.072995539322494","-2.165995562970638","-1.9799955156743498"
"356000","-2.063995539158582","-2.1659955605864525","-1.9619955177307111"
"358000","-2.0669955398291338","-2.1779955610632897","-1.9559955185949776"
"360000","-2.0759955378025756","-2.177995558679104","-1.9739955169260475"
"362000","-2.072995541259645","-2.1419955584406853","-2.0039955240786047"
"364000","-2.075995543166994","-2.141995560824871","-2.009995525509116"
"366000","-2.081995542809366","-2.1479955622553826","-2.0159955233633493"
"368000","-2.102995544835924","-2.153995562493801","-2.0519955271780463"
"370000","-2.0969955413192496","-2.1479955539107323","-2.045995528727767"
"372000","-2.1029955384582264","-2.1719955505430697","-2.0339955263733827"
"374000","-2.1029955381304015","-2.1719955511391165","-2.033995525121686"
"376000","-2.1029955333620296","-2.171995541602373","-2.033995525121686"
"378000","-2.0879955345541226","-2.1359955401718618","-2.0399955289363834"
"380000","-2.087995534256099","-2.1299955393373966","-2.0459955291748018"
"382000","-2.0849955319762215","-2.153995540738106","-2.0159955232143374"
"384000","-2.0819955270886408","-2.1299955409765245","-2.033995513200757"
"386000","-2.081995530068873","-2.105995538830757","-2.0579955213069887"
"388000","-2.087995533540843","-2.0879955398142327","-2.0879955272674535"
"390000","-2.078995536163448","-2.0819955407679074","-2.0759955315589878"
"392000","-2.0729955377131684","-2.0759955417215816","-2.069995533704755"
"394000","-2.0999955316334944","-2.0999955343306054","-2.0999955289363834"
"396000","-2.1209955318570106","-2.1239955340623826","-2.117995529651639"
"398000","-2.123995526611802","-2.1419955264329884","-2.105995526790616"
"400000","-2.1149955268502207","-2.1179955207109424","-2.111995532989499"
"402000","-2.1209955317229015","-2.153995520681142","-2.087995542764661"
"404000","-2.105995529934762","-2.135995519965886","-2.075995539903638"
"406000","-2.111995524212716","-2.123995509952306","-2.0999955384731264"
"408000","-2.11499552413821","-2.123995509952306","-2.1059955383241142"
"410000","-2.1299955211579773","-2.135995510429143","-2.1239955318868122"
"412000","-2.1149955247342564","-2.117995539993044","-2.1119955094754688"
"414000","-2.135995526447889","-2.1719955124258967","-2.099995540469881"
"416000","-2.1389955241829126","-2.1839955105185482","-2.093995537847277"
"418000","-2.1269955248981685","-2.1899955119490597","-2.0639955378472767"
"420000","-2.1359955258518424","-2.2259955157637568","-2.0459955359399284"
"422000","-2.1299955268055166","-2.2319955124258968","-2.027995541185137"
"424000","-2.120995526447889","-2.213995510518548","-2.02799554237723"
"426000","-2.120995527118441","-2.237995510876176","-2.0039955433607064"
"428000","-2.117995525807139","-2.2019955070614787","-2.0339955445527993"
"430000","-2.1479955240040978","-2.2319955058395817","-2.063995542168614"
"432000","-2.135995522931214","-2.213995503932233","-2.057995541930195"
"434000","-2.1389955218583303","-2.2259955008327914","-2.051995542883869"
"436000","-2.144995520904656","-2.2259955008327914","-2.0639955409765207"
"438000","-2.147995520681138","-2.2199955022931044","-2.0759955390691722"
"440000","-2.1329955178946216","-2.1959954977631515","-2.0699955380260917"
"442000","-2.1359955150335983","-2.207995493471617","-2.06399553659558"
"444000","-2.1389955172389703","-2.2079955006241745","-2.0699955338537666"
"446000","-2.129995518803594","-2.1899955030381624","-2.069995534569025"
"448000","-2.13299551773071","-2.195995502084488","-2.069995533376932"
"450000","-2.126995515391227","-2.177995495408768","-2.075995535373686"
"452000","-2.123995515868064","-2.1479954989850465","-2.0999955327510818"
"454000","-2.1119955162852966","-2.1359955008923954","-2.0879955316781977"
"456000","-2.108995518550273","-2.135995502084488","-2.081995535016058"
"458000","-2.1029955218881335","-2.123995503991837","-2.0819955397844296"
"460000","-2.1149955193847383","-2.129995503634209","-2.0999955351352675"
"462000","-2.1059955198168723","-2.105995536565779","-2.1059955030679656"
"464000","-2.090995518624779","-2.1059955030679656","-2.075995534181593"
"466000","-2.060995517581698","-2.0639955040812445","-2.0579955310821516"
"468000","-2.0459955184757677","-2.0639955040812445","-2.0279955328702908"
"470000","-2.024995517641303","-2.0519955012202216","-1.9979955340623838"
"472000","-2.024995517045256","-2.0699954995512915","-1.9799955345392208"
"474000","-2.000995517283675","-2.039995497167106","-1.9619955374002438"
"476000","-2.0069955133497683","-2.0399954900145487","-1.9739955366849882"
"478000","-2.0159955154955354","-2.0639954933524085","-1.9679955376386624"
"480000","-2.0189955138266056","-2.045995493829246","-1.9919955338239652"
"482000","-2.0189955146461696","-2.0339954933524087","-2.00399553593993"
"484000","-2.0129955144077507","-2.0159955316483957","-2.0099954971671057"
"486000","-2.0159955133348673","-2.0219955330789072","-2.0099954935908273"
"488000","-2.0159955127388205","-2.0339955299794656","-1.9979954954981758"
"490000","-2.0279955167919366","-2.0459955352246744","-2.0099954983591988"
"492000","-2.030995515719053","-2.0459955328404886","-2.015995498597617"
"494000","-2.0429955152273145","-2.0459954990446523","-2.039995531409977"
"496000","-2.030995512619611","-2.03399552759528","-2.0279954976439423"
"498000","-2.02499550940096","-2.0279955237805827","-2.0219954950213377"
"500000","-2.021995513454076","-2.027995496451849","-2.0159955304563026"
"502000","-2.0279955142885413","-2.0399955361783486","-2.0159954923987335"
"504000","-2.0429955154806336","-2.0639955419003946","-2.021995489060873"
"506000","-2.06399551427364","-2.093995536625384","-2.033995491921896"
"508000","-2.066995515584942","-2.09999553567171","-2.033995495498175"
"510000","-2.0399955113083093","-2.063995528280734","-2.0159954943358844"
"512000","-2.030995510354635","-2.0519955301880826","-2.009995490521187"
"514000","-2.027995512023565","-2.05199552899599","-2.0039954950511403"
"516000","-2.039995512247083","-2.05799552872777","-2.021995495766396"
"518000","-2.042995510578153","-2.05799552872777","-2.027995492428536"
"520000","-2.018995507836339","-2.027995522767305","-2.009995492905373"
"522000","-2.012995505213735","-2.0159954943358844","-2.009995516091585"
"524000","-2.0309955000728337","-2.0339954902827686","-2.027995509862899"
"526000","-2.00699549733102","-2.0159955093860615","-1.9979954852759783"
"528000","-1.9859954982846943","-1.9919955108165732","-1.9799954857528155"
"530000","-1.967995500445363","-1.9799954886138402","-1.9559955122768862"
"532000","-1.9649954998940211","-1.967995490521189","-1.9619955092668533"
"534000","-1.952995499417184","-1.967995490521189","-1.937995508313179"
"536000","-1.9619955002963525","-1.9859954898953402","-1.9379955106973648"
"538000","-1.9649954971373065","-1.9859954881072008","-1.943995506167412"
"540000","-1.9769954986795755","-2.0219954913258515","-1.9319955060332996"
"542000","-1.9709954972490642","-2.0039954923987353","-1.937995502099393"
"544000","-1.9589954980388256","-2.0039954923987353","-1.913995503678916"
"546000","-1.9529954972118118","-1.991995493128893","-1.9139955012947303"
"548000","-1.9589954956620907","-1.991995493128893","-1.9259954981952887"
"550000","-1.9679954927414633","-2.003995488837359","-1.931995496645568"
"552000","-1.9679954915493703","-1.9919954835921498","-1.943995499506591"
"554000","-1.9709954913705565","-2.0039954870492194","-1.9379954956918937"
"556000","-1.9859954893887015","-1.9979954880028936","-1.9739954907745096"
"558000","-2.006995490863917","-2.0159954937249402","-1.9979954880028936"
"560000","-1.9889954904615865","-1.9919954922050238","-1.9859954887181492"
"562000","-1.9649954867959014","-1.9799954889863693","-1.9499954846054335"
"564000","-1.9469954872876407","-1.961995490059253","-1.9319954845160283"
"566000","-1.9349954897910355","-1.9379954907149113","-1.93199548886716"
"568000","-1.913995486572385","-1.9199954871982299","-1.9079954859465398"
"570000","-1.9079954890161752","-1.913995484396819","-1.9019954936355317"
"572000","-1.9079954886585484","-1.913995483681565","-1.9019954936355317"
"574000","-1.9169954871684332","-1.919995491370555","-1.913995482966311"
"576000","-1.9139954888373631","-1.9259954939931594","-1.901995483681567"
"578000","-1.8929954888522638","-1.907995496168728","-1.8779954815357995"
"580000","-1.8929954882562174","-1.9079954937845423","-1.8779954827278926"
"582000","-1.9019954850375667","-1.9019954875856593","-1.901995482489474"
"584000","-1.883995488822461","-1.8959954864233668","-1.8719954912215553"
"586000","-1.8749954854846012","-1.9079954857081112","-1.841995485261091"
"588000","-1.8629954835623517","-1.9199954868704026","-1.8059954802543006"
"590000","-1.8629954835623517","-1.9199954880624954","-1.8059954790622077"
"592000","-1.8569954839199796","-1.9139954902082628","-1.7999954776316962"
"594000","-1.829995487868787","-1.883995495483273","-1.7759954802543008"
"596000","-1.8149954869747171","-1.8659954941719707","-1.7639954797774635"
"598000","-1.796995491027833","-1.8419955015629466","-1.7519954804927194"
"600000","-1.7849954917430888","-1.8419955039471325","-1.7279954795390449"
"602000","-1.7849954887628565","-1.8299955010861095","-1.7399954764396035"
"604000","-1.7759954872131356","-1.8299954998940167","-1.7219954745322548"
"606000","-1.7459954899549484","-1.7999955059736885","-1.6919954739362084"
"608000","-1.7459954914450646","-1.7999955107420602","-1.691995472148069"
"610000","-1.7159954943209892","-1.7639955132752585","-1.6679954753667199"
"612000","-1.6949954905807976","-1.7459955083876775","-1.6439954727739177"
"614000","-1.6709954872429376","-1.697995505288236","-1.643995469197639"
"616000","-1.6649954890906815","-1.6859955071955846","-1.6439954709857785"
"618000","-1.6439954874366527","-1.655995502427213","-1.631995472446092"
"620000","-1.6349954805225138","-1.64399549956619","-1.6259954614788377"
"622000","-1.6139954790472983","-1.6139954983740972","-1.6139954597204997"
"624000","-1.595995476737619","-1.5959954988509344","-1.5959954546243034"
"626000","-1.5959954754859222","-1.6259954526871525","-1.565995498284692"
"628000","-1.574995474070313","-1.5899954500943523","-1.5599954980462736"
"630000","-1.5509954742044236","-1.5539954508394112","-1.5479954975694363"
"632000","-1.5479954749792841","-1.5479954987615292","-1.547995451197039"
"634000","-1.5179954749941862","-1.5179954985529138","-1.5179954514354586"
"636000","-1.4969954747445922","-1.5059954966753686","-1.487995452813816"
"638000","-1.4909954742528544","-1.5119954952150556","-1.4699954532906532"
"640000","-1.496995476681743","-1.5119954993873808","-1.4819954539761055"
"642000","-1.4759954784847833","-1.4939955010563108","-1.4579954559132557"
"644000","-1.457995479810986","-1.4639955015629493","-1.4519954580590229"
"646000","-1.46099547973648","-1.4699955028444491","-1.4519954566285105"
"648000","-1.454995471153411","-1.4579954940229618","-1.4519954482838602"
"650000","-1.4459954732544746","-1.4459954995065891","-1.4459954470023604"
"652000","-1.436995471242817","-1.4579954964071475","-1.4159954460784865"
"654000","-1.4429954700060215","-1.4759954935461246","-1.4099954464659186"
"656000","-1.4429954676367378","-1.487995490446683","-1.3979954448267926"
"658000","-1.4159954645819994","-1.475995489969846","-1.3559954391941529"
"660000","-1.3979954644925918","-1.4639954896420204","-1.3319954393431634"
"662000","-1.3949954641349631","-1.4759954921156122","-1.313995436154314"
"664000","-1.3859954636730276","-1.4759954885393336","-1.2959954388067216"
"666000","-1.3799954635240148","-1.4759954870194134","-1.283995440028616"
"668000","-1.361995462063701","-1.445995484426612","-1.2779954397007895"
"670000","-1.3619954615421603","-1.4519954834729378","-1.2719954396113826"
"672000","-1.3409954633601022","-1.4279954854100878","-1.2539954413101169"
"674000","-1.331995460469277","-1.4219954830557027","-1.2419954378828515"
"676000","-1.3049954644329864","-1.3919954894035982","-1.2179954394623747"
"678000","-1.277995460990819","-1.3499954853802865","-1.2059954366013517"
"680000","-1.2479954609610173","-1.337995485052461","-1.1579954368695735"
"682000","-1.2359954586513369","-1.3199954818636115","-1.151995435439062"
"684000","-1.2209954587258425","-1.331995477572077","-1.1099954398796081"
"686000","-1.1999954590387665","-1.3199954776912863","-1.0799954403862466"
"688000","-1.175995459664616","-1.2899954765289976","-1.0619954428002347"
"690000","-1.1399954561181402","-1.2599954763203822","-1.0199954359158983"
"692000","-1.1279954562522516","-1.247995472893117","-1.0079954396113862"
"694000","-1.094995455507192","-1.2179954695850574","-0.9719954414293261"
"696000","-1.0919954561181406","-1.2179954692274304","-0.965995443008851"
"698000","-1.07399545805529","-1.2059954708069518","-0.941995445303628"
"700000","-1.046995456714185","-1.169995467498893","-0.9239954459294768"
"702000","-1.0229954538829633","-1.157995466932648","-0.8879954408332787"
"704000","-0.992995451766999","-1.1399954685121703","-0.8459954350218277"
"706000","-0.9719954535104353","-1.1279954656511473","-0.8159954413697232"
"708000","-0.9509954538755141","-1.1099954641312297","-0.7919954436197986"
"710000","-0.9509954541735374","-1.1159954624324973","-0.7859954459145775"
"712000","-0.9209954554997398","-1.0739954628199258","-0.7679954481795539"
"714000","-0.9089954539202176","-1.0559954598694958","-0.7619954479709395"
"716000","-0.8879954509697882","-1.019995456561437","-0.7559954453781392"
"718000","-0.8669954524748049","-1.0019954576343206","-0.7319954473152893"
"720000","-0.8519954533986765","-0.9839954582601694","-0.7199954485371837"
"722000","-0.8219954569302512","-0.9539954624324946","-0.689995451428008"
"724000","-0.8009954601190998","-0.929995465800157","-0.6719954544380425"
"726000","-0.7859954614006006","-0.9179954666644243","-0.6539954561367768"
"728000","-0.7679954617284261","-0.8999954683631586","-0.6359954550936936"
"730000","-0.7709954601042","-0.9059954654723333","-0.6359954547360667"
"732000","-0.7679954595230538","-0.8939954658597616","-0.6419954531863459"
"734000","-0.7499954602681123","-0.8699954685121702","-0.6299954520240544"
"736000","-0.7349954593889447","-0.8519954684227651","-0.6179954503551244"
"738000","-0.728995459344244","-0.8519954669922573","-0.6059954516962307"
"740000","-0.7079954546727322","-0.8099954611808061","-0.6059954481646582"
"742000","-0.6989954558946283","-0.803995463117958","-0.5939954486712986"
"744000","-0.6929954572804353","-0.7919954655319452","-0.5939954490289255"
"746000","-0.6899954573027867","-0.7919954656660547","-0.5879954489395186"
"748000","-0.6749954588823106","-0.7799954661726951","-0.5699954515919262"
"750000","-0.6569954614155086","-0.755995470494031","-0.5579954523369861"
"752000","-0.6329954607896593","-0.7319954710006686","-0.5339954505786499"
"754000","-0.6089954588525075","-0.7139954680502387","-0.5039954496547762"
"756000","-0.5819954605512407","-0.6959954686760875","-0.46799545242639395"
"758000","-0.5459954563491124","-0.665995464652774","-0.42599544804545075"
"760000","-0.5399954574965","-0.6539954655170414","-0.4259954494759586"
"762000","-0.5429954570643667","-0.6599954628646355","-0.42599545126409794"
"764000","-0.5399954573176865","-0.6539954630136481","-0.4259954516217249"
"766000","-0.5219954559765825","-0.6419954642355424","-0.40199544771762247"
"768000","-0.5039954565428275","-0.6299954637885093","-0.37799544929714557"
"770000","-0.48899545496330576","-0.6119954601228256","-0.36599544980378595"
"772000","-0.47699545664713694","-0.5879954620599755","-0.36599545123429833"
"774000","-0.46799545754120575","-0.5699954631328592","-0.36599545194955224"
"776000","-0.4559954600446008","-0.551995467185975","-0.3599954529032266"
"778000","-0.4529954583905714","-0.5519954636096963","-0.3539954531714466"
"780000","-0.4439954571686758","-0.5459954660236827","-0.3419954483136689"
"782000","-0.4169954597614788","-0.5279954701066026","-0.30599544941635487"
"784000","-0.4169954594038518","-0.527995471537115","-0.3059954472705886"
"786000","-0.40199546014890986","-0.5099954732358492","-0.2939954470619705"
"788000","-0.39299546005950337","-0.4979954713583038","-0.2879954487607029"
"790000","-0.3899954601936133","-0.49799547016621093","-0.28199545022101574"
"792000","-0.3839954601042064","-0.4919954711496894","-0.27599544905872336"
"794000","-0.37799546035752657","-0.4919954711496894","-0.26399544956536375"
"796000","-0.3719954599551943","-0.4979954707920615","-0.24599544911832708"
"798000","-0.3629954598061841","-0.4859954712987019","-0.2399954483136662"
"800000","-0.35399545929954457","-0.47399547025562244","-0.2339954483434667"
"802000","-0.33299546123669416","-0.44999547457695827","-0.21599544789643005"
"804000","-0.3209954609088686","-0.4379954746067597","-0.20399544721097754"
"806000","-0.31799546117709043","-0.4379954745173563","-0.1979954478368245"
"808000","-0.2969954597763808","-0.40199547263981006","-0.1919954469129516"
"810000","-0.2939954595528639","-0.4019954708516707","-0.185995448254057"
"812000","-0.2909954612962997","-0.39599547183514916","-0.18599545075745028"
"814000","-0.27899546216056703","-0.38399547305704346","-0.17399545126409066"
"816000","-0.2609954598061836","-0.3539954693913569","-0.16799545022101028"
"818000","-0.2609954579584405","-0.35399546998740333","-0.16799544592947768"
"820000","-0.2339954608492667","-0.32399546703697524","-0.14399545466155814"
"822000","-0.22799546146021382","-0.31199546825886953","-0.14399545466155814"
"824000","-0.2249954641573254","-0.3059954704344409","-0.14399545788020987"
"826000","-0.20999546601997054","-0.3059954729378342","-0.1139954591021069"
"828000","-0.2069954638294985","-0.2999954714179148","-0.11399545624108214"
"830000","-0.2009954645447533","-0.28199547240139056","-0.11999545668811606"
"832000","-0.19199546558783367","-0.26999547326565787","-0.11399545791000947"
"834000","-0.1919954659007567","-0.26999547433853877","-0.11399545746297463"
"836000","-0.19199546474964108","-0.2699954732656533","-0.11399545623362883"
"838000","-0.18299546382576865","-0.2639954704344336","-0.10199545721710365"
"840000","-0.17699546145648354","-0.2639954674542014","-0.08999545545876572"
"842000","-0.1739954605177104","-0.25799546700716747","-0.08999545402825333"
"844000","-0.17099545868486757","-0.2579954645037742","-0.08399545286596094"
"846000","-0.16799545804411764","-0.2519954646527867","-0.08399545143544856"
"848000","-0.1499954644516174","-0.23399547123909997","-0.06599545766413485"
"850000","-0.14099546243996203","-0.2159954679310431","-0.06599545694888093"
"852000","-0.1319954625740729","-0.19799546748400643","-0.06599545766413939"
"854000","-0.11999546139687936","-0.17399546727539017","-0.06599545551836855"
"856000","-0.10799546129257123","-0.14999546813965936","-0.06599545444548312"
"858000","-0.10199546241015923","-0.13799547055364655","-0.06599545426667192"
"860000","-0.10199546205253228","-0.13799546983839264","-0.06599545426667192"
"862000","-0.09599546278269144","-0.1259954705834525","-0.06599545498193038"
"864000","-0.09299546369166137","-0.1199954720437654","-0.06599545533955734"
"866000","-0.09299546288700186","-0.11999547150732724","-0.06599545426667647"
"868000","-0.09299546288700185","-0.1199954718649542","-0.0659954539090495"
"870000","-0.08999546342344275","-0.10799547344447546","-0.07199545340241002"
"872000","-0.08999546145648993","-0.10799547129870916","-0.07199545161427068"
"874000","-0.09299546281249604","-0.11399547365309445","-0.07199545197189763"
"876000","-0.09299546209723986","-0.11399547186495511","-0.07199545232952459"
"878000","-0.08399546360225713","-0.11399547043444272","-0.05399545677007154"
"880000","-0.08399546270818746","-0.11399546900393034","-0.05399545641244458"
"882000","-0.08099546379597314","-0.11399547079206968","-0.047995456799876594"
"884000","-0.07199546494336119","-0.09599547272921882","-0.04799545715750355"
"886000","-0.06899546573312364","-0.0899954732358583","-0.047995458230388977"
"888000","-0.068995464481427","-0.0899954732358583","-0.04799545572699571"
"890000","-0.06899546501786745","-0.08999547252059983","-0.04799545751513506"
"892000","-0.06599546378107107","-0.08999547144771441","-0.041995456114427725"
"894000","-0.06599546395988681","-0.08999547252059983","-0.041995455399173806"
"896000","-0.06599546467514074","-0.08999547144771441","-0.04199545790256707"
"898000","-0.06599546431751606","-0.08999547216297288","-0.04199545647205923"
"900000","-0.06599546413870257","-0.08999547180534591","-0.04199545647205923"
"902000","-0.06599546539040148","-0.08999547359348525","-0.041995457187317696"
"904000","-0.06599546628447114","-0.08999547502399764","-0.04199545754494466"
"906000","-0.06299546606095419","-0.08399547457696371","-0.04199545754494466"
"908000","-0.06299546501042187","-0.08399547386170525","-0.04199545615913849"
"910000","-0.05999546317757905","-0.07799547198415895","-0.04199545437099914"
"912000","-0.05699546247722538","-0.07799547055365111","-0.03599545440079965"
"914000","-0.056995462119596135","-0.07799547126890502","-0.03599545297028726"
"916000","-0.05699546229840963","-0.07799547055365111","-0.03599545404316814"
"918000","-0.05399546237291589","-0.07199547249080297","-0.035995452255028794"
"920000","-0.05699546194078266","-0.07799547377230283","-0.03599545010926249"
"922000","-0.0539954605251728","-0.07199547165633703","-0.035995449394008575"
"924000","-0.05399545927347617","-0.07199546772243139","-0.03599545082452096"
"926000","-0.05399545784296379","-0.07199546664954597","-0.03599544903638161"
"928000","-0.056995457172411085","-0.0779954656660675","-0.035995448678754656"
"930000","-0.0539954587966372","-0.07199546748400736","-0.03599545010926704"
"932000","-0.04799545750023754","-0.07199546426536017","-0.0239954507351149"
"934000","-0.04799545785786449","-0.07199546211958932","-0.02399545359613967"
"936000","-0.04499545745553178","-0.07199546176195781","-0.017995453149105743"
"938000","-0.05699545700849512","-0.07799546077847935","-0.03599545323851089"
"940000","-0.056995458975447943","-0.07799546149373328","-0.035995456457162615"
"942000","-0.05699545772375132","-0.07799545934796698","-0.03599545609953566"
"944000","-0.05699545826019403","-0.07799545970559393","-0.03599545681479412"
"946000","-0.05699545790256706","-0.07799545899034001","-0.03599545681479412"
"948000","-0.05699545682968164","-0.07799545827508154","-0.03599545538428174"
"950000","-0.056995455220355776","-0.07799545720220066","-0.03599545323851089"
"952000","-0.056995455220355776","-0.07799545863271305","-0.035995451807998506"
"954000","-0.056995455041544574","-0.07799545791745914","-0.035995452165630014"
"956000","-0.059995454788224836","-0.07799545720220522","-0.04199545237424445"
"958000","-0.05999545496704059","-0.0779954586327176","-0.041995451301363576"
"960000","-0.05999545425178667","-0.0779954586327176","-0.04199544987085574"
"962000","-0.05699545539917608","-0.07199546021224251","-0.04199545058610966"
"964000","-0.05699545441569853","-0.07199545878173012","-0.04199545004966694"
"966000","-0.05699545495213897","-0.07199545842410317","-0.04199545148017478"
"968000","-0.056995454952138966","-0.07199545735121773","-0.041995452553060204"
"970000","-0.056995455130950175","-0.07199545699358623","-0.04199545326831412"
"972000","-0.05699545459450746","-0.07199545699358623","-0.0419954521954287"
"974000","-0.05399545484782721","-0.06599545750022572","-0.0419954521954287"
"976000","-0.04799545457960448","-0.05999545633793332","-0.03599545282127565"
"978000","-0.047995453864348295","-0.059995454907420934","-0.03599545282127565"
"980000","-0.047995454400791004","-0.059995453476913096","-0.03599545532466891"
"982000","-0.047995454400791004","-0.059995452046400714","-0.035995456755181295"
"984000","-0.047995454400791004","-0.05999545097351984","-0.03599545782806217"
"986000","-0.050995454266681006","-0.06599544999004138","-0.03599545854332064"
"988000","-0.05099545355142482","-0.06599544999004138","-0.03599545711280825"
"990000","-0.04499545511604765","-0.05399545347691401","-0.035995456755181295"
"992000","-0.04499545475842069","-0.05399545168877466","-0.03599545782806672"
"994000","-0.04799545498193765","-0.05399545168877466","-0.04199545827510064"
"996000","-0.041995456308141","-0.04199545934798607","-0.04199545326829593"
"998000","-0.04199545738102188","-0.04199546042086695","-0.04199545434117681"
"1000000","-0.041995458453905024","-0.04199546149375237","-0.041995455414057685"
"1002000","-0.04199545809627807","-0.04199546149375237","-0.041995454698803766"
"1004000","-0.04199545845390503","-0.04199546185137933","-0.04199545505643073"
"1006000","-0.04199545845390503","-0.04199546292426476","-0.0419954539835453"
"1008000","-0.04199545648695221","-0.04199546220901084","-0.041995450764893576"
"1010000","-0.04799545723200936","-0.04799546384813766","-0.047995450615881056"
"1012000","-0.04799545758963632","-0.04799546384813766","-0.047995451331134975"
"1014000","-0.04799545776845207","-0.04799546527865004","-0.047995450258254094"
"1016000","-0.04799545812607903","-0.04799546599390396","-0.047995450258254094"
"1018000","-0.04499545927346617","-0.0479954674244118","-0.04199545112252054"
"1020000","-0.0449954598099066","-0.04799546706678484","-0.04199545255302837"
"1022000","-0.047995460093029574","-0.04799546670915788","-0.047995453476901276"
"1024000","-0.047995457589631765","-0.047995463848133114","-0.04799545133113042"
"1026000","-0.04799545562267895","-0.04799546241762073","-0.04799544882773717"
"1028000","-0.04799545580149242","-0.047995463132874644","-0.047995448470110204"
"1030000","-0.04499545450509231","-0.04799544811248325","-0.04199546089770138"
"1032000","-0.04499545343220916","-0.04799544703959782","-0.0419954598248205"
"1034000","-0.04499545218051253","-0.047995445609089984","-0.041995458751935076"
"1036000","-0.044995452359326005","-0.04799544703960237","-0.04199545767904965"
"1038000","-0.04799545443058832","-0.04799546003343494","-0.04799544882774171"
"1040000","-0.04499545480311781","-0.04799546003343494","-0.04199544957280068"
"1042000","-0.04499545516074477","-0.04799546003343494","-0.0419954502880546"
"1044000","-0.044995455339558246","-0.047995459675807976","-0.041995451003308516"
"1046000","-0.044995455518371724","-0.0479954607486934","-0.04199545028805005"
"1048000","-0.04499545641243913","-0.047995461821574284","-0.04199545100330397"
"1050000","-0.044995456591252606","-0.04799546217920124","-0.04199545100330397"
"1052000","-0.04499545764178492","-0.04799546360971362","-0.041995451673856224"
"1054000","-0.04499545835704339","-0.04799546396734513","-0.04199545274674165"
"1056000","-0.04499545907229731","-0.04799546396734513","-0.04199545417724949"
"1058000","-0.04499545871467035","-0.04799546432497209","-0.041995453104368606"
"1060000","-0.04499546068162317","-0.04799546611311143","-0.04199545525013491"
"1062000","-0.044995458893481555","-0.047995463967340585","-0.041995453819622525"
"1064000","-0.04499545799941188","-0.04799546289445516","-0.041995453104368606"
"1066000","-0.04499545907229276","-0.04799546360970908","-0.04199545453487644"
"1068000","-0.04499545853585005","-0.047995462179196695","-0.041995454892503406"
"1070000","-0.04199545807391587","-0.04199546268583618","-0.04199545346199557"
"1072000","-0.04199546039849565","-0.04199546375871705","-0.04199545703827425"
"1074000","-0.04199546039849565","-0.04799546360970453","-0.03599545718728678"
"1076000","-0.04199546039849565","-0.04799546360970453","-0.03599545718728678"
"1078000","-0.04199545914679675","-0.04799546182156519","-0.03599545647202831"
"1080000","-0.04199546004086642","-0.04799546217919214","-0.03599545790254069"
"1082000","-0.04499545978754668","-0.053995462387806586","-0.03599545718728678"
"1084000","-0.044995459966362436","-0.053995462030179624","-0.03599545790254524"
"1086000","-0.04499545907229276","-0.0539954609572942","-0.03599545718729132"
"1088000","-0.044995457105337665","-0.053995459526781815","-0.035995454683893514"
"1090000","-0.04499545728415341","-0.05399545916915485","-0.03599545539915198"
"1092000","-0.04499545728415115","-0.05399545881152335","-0.03599545575677894"
"1094000","-0.044995458178220815","-0.05399546095728965","-0.03599545539915198"
"1096000","-0.044995457105339934","-0.05399545845389639","-0.035995455756783486"
"1098000","-0.04499545639008147","-0.05399545952677727","-0.03599545325338568"
"1100000","-0.04499545596539974","-0.05399545916915031","-0.03599545276164918"
"1102000","-0.04499545578658626","-0.053995459884404226","-0.0359954516887683"
"1104000","-0.04499545668065366","-0.05399546095728511","-0.035995452404022216"
"1106000","-0.04499545578658399","-0.05399545952677272","-0.03599545204639526"
"1108000","-0.04499545542895476","-0.053995458811514255","-0.03599545204639526"
"1110000","-0.04499545793235029","-0.05399546238779294","-0.03599545347690764"
"1112000","-0.04499545828997953","-0.05399546310305141","-0.03599545347690764"
"1114000","-0.04499545793235029","-0.05399546417593228","-0.0359954516887683"
"1116000","-0.04499545721709637","-0.05399546310305141","-0.03599545133114134"
"1118000","-0.04499545721709637","-0.05399546489119075","-0.035995449543001996"
"1120000","-0.04199545675515992","-0.05399546667933009","-0.029995446830989748"
"1122000","-0.04199545729160263","-0.053995466321703135","-0.029995448261502133"
"1124000","-0.04199545747041611","-0.05399546596407617","-0.029995448976756052"
"1126000","-0.04199545818567231","-0.053995467036957054","-0.02999544933438756"
"1128000","-0.03899545724689915","-0.053995465606444665","-0.02399544888735363"
"1130000","-0.03899545581638904","-0.053995463460678364","-0.023995448172099712"
"1132000","-0.03899545760452838","-0.053995464175936835","-0.023995451033119935"
"1134000","-0.038995457962157615","-0.05399546453356379","-0.023995451390751443"
"1136000","-0.03899545778334414","-0.05399546489119075","-0.023995450675497524"
"1138000","-0.026995458409194272","-0.035995465159412564","-0.01799545165897598"
"1140000","-0.026995458409194272","-0.03599546337127322","-0.017995453447115325"
"1142000","-0.02699545823037852","-0.03599546301364171","-0.017995453447115325"
"1144000","-0.02699545823037852","-0.03599546229838325","-0.01799545416237379"
"1146000","-0.02699545894563471","-0.03599546337126867","-0.01799545452000075"
"1148000","-0.026995459839704382","-0.03599546515940801","-0.01799545452000075"
"1150000","-0.02699546073377405","-0.03599546766280582","-0.01799545380474228"
"1152000","-0.026995461270216764","-0.03599546802043278","-0.01799545452000075"
"1154000","-0.026995461985470683","-0.03599546837805974","-0.017995455592881626"
"1156000","-0.02399546170234771","-0.02999546852707226","-0.01799545487762316"
"1158000","-0.02399546241760163","-0.02999546924232618","-0.017995455592877078"
"1160000","-0.023995461523529684","-0.029995468527067713","-0.017995454519991655"
"1162000","-0.02399546205997012","-0.029995468527067713","-0.017995455592872533"
"1164000","-0.02399546304344767","-0.029995469421137386","-0.017995456665757956"
"1166000","-0.02399546268582071","-0.029995469063510426","-0.017995456308130996"
"1168000","-0.02399546197056452","-0.029995469063510426","-0.017995454877618614"
"1170000","-0.023995461791751042","-0.029995467275371085","-0.017995456308130996"
"1172000","-0.0239954612553106","-0.029995468348256508","-0.017995454162364696"
"1174000","-0.023995460540054407","-0.02999546799062955","-0.01799545308947927"
"1176000","-0.02399545982480049","-0.02999546691774867","-0.01799545273185231"
"1178000","-0.023995460897685915","-0.02999546691774867","-0.01799545487762316"
"1180000","-0.023995461434126356","-0.02999546656012171","-0.017995456308130996"
"1182000","-0.023995460897683642","-0.02999546477198237","-0.017995457023384915"
"1184000","-0.023995460540056683","-0.02999546405672845","-0.017995457023384915"
"1186000","-0.02099546054005714","-0.029995464146136328","-0.011995456933977949"
"1188000","-0.020995461255313333","-0.029995464861394795","-0.011995457649231867"
"1190000","-0.020995459467171712","-0.02999546378850937","-0.011995455145834057"
"1192000","-0.023995460107921644","-0.03599546328186989","-0.0119954569339734"
"1194000","-0.020995458632705778","-0.029995462119577498","-0.011995455145834057"
"1196000","-0.020995457381009146","-0.029995459616184234","-0.011995455145834057"
"1198000","-0.020995457202195665","-0.029995459616184234","-0.011995454788207098"
"1200000","-0.02099545791745186","-0.029995460331438153","-0.011995455503465565"
"1202000","-0.02099545827508109","-0.02999546104669662","-0.011995455503465565"
"1204000","-0.020995457023384463","-0.02999546104669662","-0.011995453000072303"
"1206000","-0.020995456710459166","-0.02999545970559211","-0.011995453715326222"
"1208000","-0.020995456889272644","-0.02999546077847299","-0.011995453000072303"
"1210000","-0.014995457038285167","-0.023995460569858552","-0.005995453506711783"
"1212000","-0.014995456323031248","-0.023995459854604634","-0.005995452791457865"
"1214000","-0.014995456144215494","-0.023995458781719207","-0.005995453506711783"
"1216000","-0.017995456486942202","-0.02999545732140632","-0.005995455652478086"
"1218000","-0.017995456665757956","-0.029995458751918704","-0.005995454579597208"
"1220000","-0.017995456308130996","-0.029995458751918704","-0.00599545386434329"
"1222000","-0.014995456203823778","-0.02999546054005805","0.000004548132410491234"
"1224000","-0.014995456203823778","-0.02999546054005805","0.000004548132410491234"
"1226000","-0.014995456919077697","-0.029995461255311967","0.000004547417156572919"
"1228000","-0.014995457634333888","-0.02999546232819739","0.000004547059529613762"
"1230000","-0.01799545821547781","-0.029995463401078268","-0.005995453029877354"
"1232000","-0.01799545821547781","-0.029995461612938926","-0.005995454818016697"
"1234000","-0.017995458394291293","-0.029995461970565886","-0.005995454818016697"
"1236000","-0.01799545821547781","-0.02999546268582435","-0.005995453745131271"
"1238000","-0.014995457395914399","-0.023995461046697527","-0.005995453745131271"
"1240000","-0.014995457217098647","-0.023995461404324486","-0.005995453029872806"
"1242000","-0.014995456680658208","-0.023995460689070568","-0.005995452672245847"
"1244000","-0.014995458468799825","-0.02399546355009534","-0.005995453387504313"
"1246000","-0.014995457932357112","-0.023995462477209913","-0.005995453387504313"
"1248000","-0.01499545668066048","-0.023995460689070568","-0.005995452672250394"
"1250000","-0.014995455965404289","-0.023995460689070568","-0.00599545124173801"
"1252000","-0.014995455987757396","-0.023995458900931226","-0.005995453074583565"
"1254000","-0.017995457105341756","-0.02999545970559211","-0.005995454505091402"
"1256000","-0.017995456926528278","-0.02999545970559211","-0.005995454147464443"
"1258000","-0.017995457820595674","-0.02999546006321907","-0.00599545557797228"
"1260000","-0.017995456390083292","-0.029995458632706685","-0.005995454147459896"
"1262000","-0.017995456926526005","-0.029995461493731456","-0.0059954523593205526"
"1264000","-0.017995457284155237","-0.02999546256661688","-0.005995452001693593"
"1266000","-0.017995455674831646","-0.029995460778477537","-0.005995450571185756"
"1268000","-0.02399545655400061","-0.041995462536815464","-0.005995450571185756"
"1270000","-0.02399545709044105","-0.041995462536815464","-0.005995451644066634"
"1272000","-0.023995455481117457","-0.041995461821561546","-0.005995449140673372"
"1274000","-0.020995454125111338","-0.03599545946717626","-0.005995448783046413"
"1276000","-0.020995452158158512","-0.03599545660615604","-0.005995447710160988"
"1278000","-0.020995452694598953","-0.035995455890897574","-0.0059954494983003315"
"1280000","-0.020995452694598953","-0.035995456248524536","-0.005995449140673372"
"1282000","-0.017995452590291734","-0.029995456397537056","-0.005995448783046413"
"1284000","-0.017995452411478256","-0.029995456397537056","-0.005995448425419454"
"1286000","-0.020995453350251412","-0.035995456129317066","-0.005995450571185756"
"1288000","-0.020995455138390753","-0.03599545720219794","-0.005995453074583565"
"1290000","-0.020995454423134562","-0.03599545577168556","-0.005995453074583565"
"1292000","-0.020995455674833467","-0.03599545720219794","-0.00599545414746899"
"1294000","-0.02099545424432108","-0.03599545398354621","-0.005995454505095949"
"1296000","-0.02099545531720196","-0.03599545469880013","-0.0059954559356037865"
"1298000","-0.020995454959575","-0.03599545398354621","-0.0059954559356037865"
"1300000","-0.020995455741883686","-0.03599545505642709","-0.005995456427340287"
"1302000","-0.020995455384254458","-0.03599545398354167","-0.005995456784967245"
"1304000","-0.020995454847814017","-0.035995453625914706","-0.005995456069713328"
"1306000","-0.020995454132557826","-0.035995452195402323","-0.005995456069713328"
"1308000","-0.02099545431137358","-0.03599545326828775","-0.005995455354459409"
"1310000","-0.023995451495054568","-0.03599544897675514","-0.011995454013353992"
"1312000","-0.02699545094370933","-0.041995448231696174","-0.011995453655722486"
"1314000","-0.026995450943711603","-0.04199544680118834","-0.01199545508623487"
"1316000","-0.02699545058608237","-0.04199544608592987","-0.01199545508623487"
"1318000","-0.026995450049641934","-0.04199544358253661","-0.011995456516747254"
"1320000","-0.026995450049641934","-0.04199544358253661","-0.011995456516747254"
"1322000","-0.026995450943711606","-0.041995445370675955","-0.011995456516747254"
"1324000","-0.026995451301338562","-0.041995444655417484","-0.011995457947259638"
"1326000","-0.026995450586082367","-0.041995443940163565","-0.011995457232001173"
"1328000","-0.02699545040726889","-0.04199544429779507","-0.011995456516742706"
"1330000","-0.02699545094370933","-0.041995445370675955","-0.011995456516742706"
"1332000","-0.026995450764895852","-0.041995445370675955","-0.011995456159115746"
"1334000","-0.029995451167226295","-0.041995445370675955","-0.01799545696377663"
"1336000","-0.029995451346039773","-0.04199544501304899","-0.01799545767903055"
"1338000","-0.02999545116722402","-0.04199544501304899","-0.017995457321399046"
"1340000","-0.029995449736711637","-0.041995445370675955","-0.01799545410274732"
"1342000","-0.029995450451967824","-0.04199544608593442","-0.017995454818001234"
"1344000","-0.03299544924497468","-0.04799544581771443","-0.017995452672234933"
"1346000","-0.03299544799327578","-0.0479954425990627","-0.01799545338748885"
"1348000","-0.032995448350902734","-0.04799544331431662","-0.01799545338748885"
"1350000","-0.03299544781446229","-0.04799544116855031","-0.017995454460374274"
"1352000","-0.032995446026322955","-0.04799543902278401","-0.017995453029861892"
"1354000","-0.03299544638394991","-0.04799544009566489","-0.017995452672234933"
"1356000","-0.03299544692039035","-0.04799543902277947","-0.017995454818001234"
"1358000","-0.032995447635646546","-0.04799544009566489","-0.017995455175628193"
"1360000","-0.0329954499602286","-0.047995443671943576","-0.01799545624851362"
"1362000","-0.03299544942378816","-0.04799544331431662","-0.0179954555332597"
"1364000","-0.03599545036256131","-0.053995443403723586","-0.017995457321399046"
"1366000","-0.035995450183747835","-0.053995443046096624","-0.017995457321399046"
"1368000","-0.03599545054137479","-0.05399544233083816","-0.017995458751911428"
"1370000","-0.03599545054137479","-0.05399544376135054","-0.017995457321399046"
"1372000","-0.03599544946849164","-0.053995440542698815","-0.01799545839428447"
"1374000","-0.035995450541377066","-0.0539954419732112","-0.017995459109542936"
"1376000","-0.03599545143544674","-0.053995442688465116","-0.01799546018242836"
"1378000","-0.035995451614260224","-0.053995443403723586","-0.017995459824796854"
"1380000","-0.03599545072019282","-0.053995443046096624","-0.017995458394289017"
"1382000","-0.03599545054137934","-0.05399544376135054","-0.01799545732140814"
"1384000","-0.03599545161426249","-0.05399544554948989","-0.0179954576790351"
"1386000","-0.035995451748372036","-0.05399544617533593","-0.01799545732140814"
"1388000","-0.035995449960230415","-0.053995444029565076","-0.017995455890895753"
"1390000","-0.03599545103311584","-0.05399544581770442","-0.01799545624852726"
"1392000","-0.03299545039236364","-0.04799544525145848","-0.017995455533268798"
"1394000","-0.03299545128643558","-0.04799544596671694","-0.01799545660615422"
"1396000","-0.032995453141629695","-0.04799545003473213","-0.01799545624852726"
"1398000","-0.03299545314163197","-0.047995451107617555","-0.017995455175646383"
"1400000","-0.03299545117467915","-0.04799545039236364","-0.017995451956994656"
"1402000","-0.03299545188993307","-0.047995451107617555","-0.017995452672248575"
"1404000","-0.0329954522475623","-0.04799545074999059","-0.017995453745134"
"1406000","-0.03599545230716785","-0.05399545158445562","-0.017995453029880083"
"1408000","-0.03599545338005328","-0.05399545194208713","-0.017995454818019424"
"1410000","-0.03599545141309818","-0.05399544943868932","-0.017995453387507042"
"1412000","-0.03599544980377004","-0.053995448365803896","-0.017995451241736193"
"1414000","-0.035995448552073414","-0.05399544586241063","-0.017995451241736193"
"1416000","-0.03299544874578942","-0.04799544768035048","-0.017995449811228355"
"1418000","-0.03599544885009664","-0.05399544681608404","-0.017995450884109233"
"1420000","-0.0359954484924674","-0.05399544610082557","-0.017995450884109233"
"1422000","-0.03599544813483817","-0.053995446458452535","-0.017995449811223807"
"1424000","-0.03599544956535056","-0.053995446458452535","-0.017995452672248575"
"1426000","-0.03599544831365392","-0.05399544574319862","-0.017995450884109233"
"1428000","-0.03599544885009663","-0.05399544610082557","-0.017995451599367697"
"1430000","-0.03299544987827858","-0.053995448246596425","-0.01199545150996073"
"1432000","-0.032995449520649346","-0.0539954493194773","-0.011995449721821387"
"1434000","-0.0329954498782763","-0.053995448961850344","-0.011995450794702265"
"1436000","-0.03299545112997293","-0.05399545003473122","-0.01199545222521465"
"1438000","-0.03299545059353022","-0.05399544967710426","-0.011995451509956184"
"1440000","-0.03299545095115945","-0.053995451107616645","-0.011995450794702265"
"1442000","-0.03299545041471674","-0.053995451107616645","-0.01199544972181684"
"1444000","-0.03299545023590099","-0.05399545039235818","-0.011995450079443798"
"1446000","-0.032995450235903265","-0.05399545146524361","-0.011995449006562922"
"1448000","-0.03299545005708979","-0.053995451107616645","-0.011995449006562922"
"1450000","-0.03299545112997294","-0.053995452180497526","-0.011995450079448347"
"1452000","-0.03299544987827403","-0.053995452180497526","-0.011995447576050538"
"1454000","-0.029995448760687396","-0.0479954517334636","-0.011995445787911195"
"1456000","-0.032995448149740696","-0.053995451226824115","-0.011995445072657276"
"1458000","-0.03299544850736993","-0.0539954526573365","-0.011995444357403358"
"1460000","-0.03299544797092949","-0.05399545373022192","-0.011995442211637055"
"1462000","-0.035995448909702646","-0.05399545337259497","-0.017995444446810324"
"1464000","-0.03599544794857593","-0.05399545252322696","-0.0179954433739249"
"1466000","-0.035995448127387135","-0.05399545323848088","-0.017995443016293394"
"1468000","-0.02999544742703165","-0.04199545148014295","-0.017995443373920353"
"1470000","-0.029995445638892306","-0.04199545040725752","-0.01799544087052709"
"1472000","-0.029995445817705784","-0.04199545004963056","-0.017995441585781008"
"1474000","-0.029995446711775457","-0.04199545326828229","-0.017995440155268626"
"1476000","-0.03299544765054861","-0.04799545407294317","-0.01799544122815405"
"1478000","-0.03299544818699132","-0.0479954551458286","-0.01799544122815405"
"1480000","-0.032995447538789906","-0.04799545527993814","-0.017995439797641666"
"1482000","-0.03299544700234719","-0.047995454207052715","-0.017995439797641666"
"1484000","-0.03299544700234719","-0.047995454207052715","-0.017995439797641666"
"1486000","-0.029995445348317846","-0.04199545447527271","-0.01799543622136298"
"1488000","-0.032995445094998105","-0.04199545554815813","-0.023995434641838075"
"1490000","-0.032995446167881255","-0.041995457336297476","-0.023995434999465035"
"1492000","-0.03299544527381158","-0.04199545697867052","-0.02399543356895265"
"1494000","-0.03599544531851507","-0.04799545814096291","-0.023995432496067223"
"1496000","-0.03599544478207463","-0.04799545849858987","-0.02399543106555939"
"1498000","-0.035995446033771264","-0.04799545957147075","-0.02399543249607177"
"1500000","-0.03599544478207463","-0.04799545814096291","-0.023995431423186345"
"1502000","-0.03599544603377353","-0.04799546028673376","-0.023995431780813304"
"1504000","-0.035995444782076905","-0.04799545957147984","-0.023995429992673963"
"1506000","-0.03599544567614657","-0.047995460644365266","-0.02399543070792788"
"1508000","-0.03599544603377353","-0.047995461359619185","-0.02399543070792788"
"1510000","-0.03299544741958016","-0.047995463505385486","-0.017995431333774833"
"1512000","-0.032995447538789906","-0.047995464101431934","-0.017995430976147874"
"1514000","-0.03299544789641686","-0.04799546481668585","-0.017995430976147874"
"1516000","-0.032995447717603384","-0.0479954644590589","-0.017995430976147874"
"1518000","-0.032995448790486534","-0.04799546803533758","-0.01799542954563549"
"1520000","-0.03299544896930229","-0.04799546588957128","-0.017995432049033297"
"1522000","-0.032995447717603384","-0.04799546338617347","-0.017995432049033297"
"1524000","-0.032995447717603384","-0.04799546302854651","-0.017995432406660256"
"1526000","-0.032995448075232615","-0.04799546267091955","-0.017995433479545683"
"1528000","-0.03299545022099892","-0.047995465889566734","-0.017995434552431105"
"1530000","-0.03299544896930229","-0.04799546481668585","-0.017995433121918723"
"1532000","-0.03299544950574273","-0.047995465889566734","-0.017995433121918723"
"1534000","-0.029995449461039242","-0.04799546696245215","-0.01199543195962633"
"1536000","-0.029995450533922392","-0.04799546767770607","-0.011995433390138715"
"1538000","-0.029995450712738146","-0.04799546767770607","-0.01199543374777022"
"1540000","-0.02999545160680782","-0.04799546767770607","-0.011995435535909564"
"1542000","-0.0329954515919053","-0.04799546696244761","-0.01799543622136298"
"1544000","-0.029995451547199535","-0.041995465800155216","-0.017995437294243858"
"1546000","-0.029995451904826498","-0.0419954668730361","-0.0179954369366169"
"1548000","-0.02999545190482877","-0.04199546544252826","-0.01799543836712928"
"1550000","-0.03299545194952998","-0.047995466247189145","-0.017995437651870817"
"1552000","-0.03299545194952998","-0.0479954666048161","-0.017995437294243858"
"1554000","-0.0329954517707165","-0.047995465531935226","-0.017995438009497777"
"1556000","-0.032995451413089544","-0.04799546660482065","-0.01799543622135843"
"1558000","-0.03299544998257943","-0.04799546517430826","-0.017995434790850594"
"1560000","-0.03299544801562661","-0.047995462313288044","-0.01799543371796517"
"1562000","-0.03299544837325357","-0.04799546267091501","-0.01799543407559213"
"1564000","-0.02999544761329389","-0.04199546258150803","-0.017995432645079745"
"1566000","-0.029995447255664658","-0.04199546115099565","-0.017995433360333664"
"1568000","-0.029995447076851176","-0.041995461866254115","-0.017995432287448238"
"1570000","-0.029995447792107367","-0.04199546258150803","-0.017995433002706705"
"1572000","-0.029995449401430962","-0.04199546472727434","-0.017995434075587582"
"1574000","-0.03299544938652844","-0.04799546433984233","-0.017995434433214542"
"1576000","-0.03299544920771495","-0.04799546398221537","-0.017995434433214542"
"1578000","-0.032995448525987285","-0.04799546433984233","-0.01799543271213224"
"1580000","-0.03299544781072882","-0.047995463624583866","-0.017995431996873777"
"1582000","-0.03299544763191307","-0.04799546183644452","-0.017995433427381614"
"1584000","-0.032995446737843395","-0.04799545969067822","-0.017995433785008574"
"1586000","-0.032995447274286105","-0.0479954589754243","-0.017995435573147915"
"1588000","-0.03599544827266527","-0.053995459541670246","-0.0179954370036603"
"1590000","-0.03599544880910571","-0.053995459541670246","-0.01799543807654118"
"1592000","-0.03599544827266527","-0.053995460614555665","-0.017995435930774874"
"1594000","-0.038995448496182236","-0.059995461061589594","-0.017995435930774874"
"1596000","-0.03899544717742856","-0.05999546021222159","-0.017995434142635533"
"1598000","-0.041995445433990426","-0.06599545887111617","-0.01799543199686468"
"1600000","-0.04199544740094325","-0.06599546065925552","-0.017995434142630985"
"1602000","-0.04199544704331629","-0.06599546030162856","-0.017995433785004025"
"1604000","-0.041995446998610075","-0.06599545922874313","-0.017995434768477026"
"1606000","-0.03899544832481297","-0.05999546188114891","-0.017995434768477026"
"1608000","-0.038995448324810694","-0.05999546116589045","-0.017995435483730945"
"1610000","-0.03899544939769612","-0.059995462238775873","-0.017995436556616368"
"1612000","-0.03899545082821078","-0.05999546259640738","-0.017995439060014176"
"1614000","-0.038995452258720885","-0.05999546509980064","-0.017995439417641135"
"1616000","-0.03899545315279056","-0.05999546474217368","-0.01799544156340744"
"1618000","-0.035995452154413674","-0.05399546346067382","-0.01799544084815352"
"1620000","-0.03599545269085638","-0.05399546417593228","-0.01799544120578048"
"1622000","-0.035995452512042905","-0.05399546238779294","-0.017995442636292866"
"1624000","-0.035995452512042905","-0.053995464533559245","-0.017995440490526562"
"1626000","-0.035995453584926056","-0.05399546596407163","-0.01799544120578048"
"1628000","-0.03599545269085638","-0.053995463460678364","-0.0179954419210344"
"1630000","-0.03899545297397708","-0.0539954627454199","-0.023995443202534262"
"1632000","-0.038995454225675984","-0.05399546203016598","-0.02399544642118599"
"1634000","-0.03899545386804902","-0.05399546167253902","-0.02399544606355903"
"1636000","-0.03899545279516588","-0.05399545988439968","-0.02399544570593207"
"1638000","-0.0389954538680513","-0.05399545988439968","-0.02399544785170292"
"1640000","-0.038995454046864775","-0.05399545845388729","-0.023995449639842265"
"1642000","-0.038995455835006396","-0.05399546131491206","-0.023995450355100728"
"1644000","-0.03899545511975248","-0.053995459884404226","-0.023995450355100728"
"1646000","-0.03899545655026259","-0.053995460599658145","-0.023995452500867032"
"1648000","-0.03899545780195922","-0.05399546238779749","-0.02399545321612095"
"1650000","-0.03899545690788955","-0.05399546024203119","-0.02399545357374791"
"1652000","-0.038995456907889546","-0.05399545916914576","-0.023995454646633333"
"1654000","-0.03899545744432999","-0.05399546024202664","-0.023995454646633333"
"1656000","-0.035995457161207015","-0.047995458960526774","-0.02399545536188725"
"1658000","-0.03599545590951038","-0.04799545681476047","-0.023995455004260292"
"1660000","-0.03599545626713734","-0.04799545502662113","-0.023995457507653556"
"1662000","-0.03299545479192147","-0.04799545323848178","-0.017995456345361163"
"1664000","-0.03299545503778972","-0.04799545301496437","-0.017995457060615082"
"1666000","-0.03299545485897852","-0.04799545337259588","-0.017995456345361163"
"1668000","-0.032995454143722326","-0.047995453730222834","-0.01799545455722182"
"1670000","-0.03299545593186167","-0.047995455160735216","-0.017995456702988123"
"1672000","-0.03299545575304592","-0.0479954562336161","-0.017995455272475737"
"1674000","-0.03299545575304592","-0.04799545551836218","-0.017995455987729655"
"1676000","-0.029995456065969393","-0.04199545793234847","-0.017995454199590314"
"1678000","-0.03299545503778972","-0.04199545650183609","-0.023995453573743362"
"1680000","-0.03299545568598887","-0.041995455294841125","-0.023995456077136622"
"1682000","-0.03299545604361583","-0.04199545565246808","-0.02399545643476358"
"1684000","-0.03599545549227287","-0.04199545493721416","-0.029995456047331573"
"1686000","-0.03599545710159646","-0.041995455294841125","-0.029995458908351792"
"1688000","-0.03299545681847576","-0.04199545493721416","-0.023995458699737356"
"1690000","-0.035995455790296095","-0.041995454579587206","-0.02999545700100498"
"1692000","-0.035995456326738805","-0.04199545279144786","-0.02999545986202975"
"1694000","-0.03299545592440836","-0.03599545091390155","-0.02999546093491517"
"1696000","-0.032995455745594884","-0.03599545019864763","-0.02999546129254213"
"1698000","-0.035995454717415214","-0.04199544957280068","-0.02999545986202975"
"1700000","-0.035995455611484886","-0.041995451003308516","-0.029995460219661253"
"1702000","-0.03599545489622642","-0.04199545064567701","-0.02999545914677583"
"1704000","-0.035995456326738805","-0.04199545064567701","-0.029995462007800597"
"1706000","-0.03599545632673653","-0.04199545171855789","-0.02999546093491517"
"1708000","-0.03599545561148261","-0.04199545064567701","-0.029995460577288212"
"1710000","-0.035995456863179245","-0.04199545171855789","-0.029995462007800597"
"1712000","-0.03299545675887203","-0.03599545043705803","-0.029995463080686024"
"1714000","-0.03299545568598887","-0.03599544972180411","-0.029995461650173638"
"1716000","-0.032995456937685505","-0.03599545186757041","-0.029995462007800597"
"1718000","-0.032995455685986594","-0.035995450079431064","-0.02999546129254213"
"1720000","-0.03599545674396722","-0.03599546090511012","-0.03599545258282433"
"1722000","-0.03599545763803917","-0.0359954601898562","-0.035995455086222136"
"1724000","-0.0359954588897358","-0.03599546054748316","-0.03599545723198844"
"1726000","-0.03599545960498972","-0.03599546054748316","-0.035995458662496274"
"1728000","-0.035995458174479605","-0.03599545875934382","-0.0359954575896154"
"1730000","-0.035995457638036896","-0.03599545875934382","-0.03599545651672997"
"1732000","-0.035995457638036896","-0.03599545947459774","-0.035995455801476055"
"1734000","-0.03599545745922342","-0.03599546054748316","-0.03599545437096367"
"1736000","-0.03599545638634027","-0.03599545911697078","-0.035995453655709754"
"1738000","-0.03599545602871103","-0.03599545875933927","-0.03599545329808279"
"1740000","-0.0359954556710818","-0.03599545732882689","-0.03599545401333671"
"1742000","-0.03299545443428542","-0.03599545401333671","-0.029995454855234128"
"1744000","-0.03299545282496183","-0.035995452940455835","-0.029995452709467827"
"1746000","-0.032995453540218024","-0.03599545437096822","-0.029995452709467827"
"1748000","-0.0329954537190315","-0.035995455801476055","-0.02999545163658695"
"1750000","-0.029995453495516813","-0.02999545499681517","-0.029995451994218457"
"1752000","-0.02999545438958421","-0.02999545714258147","-0.02999545163658695"
"1754000","-0.029995453495514537","-0.029995456427323007","-0.02999545056370607"
"1756000","-0.02999545367433029","-0.029995456069696048","-0.02999545127896454"
"1758000","-0.02999545331670106","-0.029995456069696048","-0.02999545056370607"
"1760000","-0.02999545367433029","-0.029995456427323007","-0.02999545092133758"
"1762000","-0.02999545170737747","-0.029995454639183662","-0.029995448775571275"
"1764000","-0.029995450992121277","-0.02999545356629824","-0.029995448417944316"
"1766000","-0.029995449919238127","-0.02999545320867128","-0.029995446629804974"
"1768000","-0.029995450634492042","-0.029995452851039772","-0.029995448417944316"
"1770000","-0.029995451707375196","-0.0299954539239252","-0.029995449490825193"
"1772000","-0.03299545193089216","-0.035995454013332165","-0.029995449848452153"
"1774000","-0.029995451766981204","-0.029995454400764173","-0.029995449133198234"
"1776000","-0.029995452124608163","-0.02999545511601809","-0.029995449133198234"
"1778000","-0.02999545119700997","-0.02999545368550571","-0.02999544870851423"
"1780000","-0.02999545066056953","-0.02999545297025179","-0.02999544835088727"
"1782000","-0.029995451733454956","-0.0299954554736496","-0.029995447993260312"
"1784000","-0.029995451554641478","-0.0299954554736496","-0.029995447635633353"
"1786000","-0.02999544994531334","-0.029995454758391132","-0.029995445132235544"
"1788000","-0.02699545055626231","-0.029995444774608585","-0.02399545633791604"
"1790000","-0.029995449647292387","-0.035995443314295696","-0.02399545598028908"
"1792000","-0.029995449289663155","-0.03599544367192266","-0.023995454907403655"
"1794000","-0.026995448350887727","-0.035995442956664195","-0.017995453745111262"
"1796000","-0.029995447918754508","-0.03599544331429115","-0.023995452523217865"
"1798000","-0.026995449304563407","-0.035995445102430496","-0.017995453506696322"
"1800000","-0.026995448768120697","-0.035995445102430496","-0.017995452433810896"
"1802000","-0.026995448410493735","-0.03599544438717658","-0.017995452433810896"
"1804000","-0.026995446845874085","-0.03599544197319119","-0.017995451718556977"
"1806000","-0.026995446130617894","-0.03599544233081815","-0.017995449930417635"
"1808000","-0.02699544702468984","-0.03599544340370357","-0.017995450645676103"
"1810000","-0.026995447918757236","-0.03599544268844511","-0.017995453149069363"
"1812000","-0.02699544899164039","-0.03599544304607207","-0.017995454937208707"
"1814000","-0.026995448276384195","-0.03599544268844511","-0.01799545386432328"
"1816000","-0.029995447605831487","-0.04199544134733969","-0.01799545386432328"
"1818000","-0.029995449215155075","-0.04199544206259361","-0.01799545636771654"
"1820000","-0.029995448321085402","-0.04199544027445427","-0.01799545636771654"
"1822000","-0.02999544796345617","-0.0419954395591958","-0.01799545636771654"
"1824000","-0.029995447784642693","-0.04199544027444972","-0.017995455294835663"
"1826000","-0.029995447427015737","-0.04199544134733515","-0.017995453506696322"
"1828000","-0.029995447069388774","-0.041995438843941885","-0.017995455294835663"
"1830000","-0.026995446249825365","-0.03599543935058137","-0.017995453149069363"
"1832000","-0.026995445355755692","-0.0359954368471881","-0.01799545386432328"
"1834000","-0.02699544660745232","-0.03599543720481506","-0.017995456010089582"
"1836000","-0.026995446965081556","-0.03599543720481506","-0.01799545672534805"
"1838000","-0.026995446071009607","-0.03599543577430268","-0.01799545636771654"
"1840000","-0.026995446071009607","-0.03599543470141725","-0.017995457440601968"
"1842000","-0.026995445713380375","-0.03599543541667117","-0.017995456010089582"
"1844000","-0.026995446428634294","-0.035995437204810514","-0.017995455652458078"
"1846000","-0.026995446249820816","-0.03599543684718356","-0.017995455652458078"
"1848000","-0.026995446428634298","-0.03599543684718356","-0.017995456010085037"
"1850000","-0.026995446965074735","-0.03599543792006443","-0.017995456010085037"
"1852000","-0.026995448037957885","-0.03599543756243748","-0.017995458513478297"
"1854000","-0.02699544714389049","-0.03599543899294986","-0.01799545529483112"
"1856000","-0.02699544714389049","-0.035995437204810514","-0.01799545708297046"
"1858000","-0.026995446786261257","-0.03599543648955205","-0.01799545708297046"
"1860000","-0.026995447322703967","-0.03599543577429813","-0.017995458871109805"
"1862000","-0.02699544821677364","-0.03599543684718356","-0.017995459586363723"
"1864000","-0.026995450004915253","-0.03599543792006898","-0.017995462089761532"
"1866000","-0.02699545089898493","-0.03599543935058137","-0.01799546244738849"
"1868000","-0.026995451435427642","-0.03599543935058137","-0.017995463520273914"
"1870000","-0.02699545107780068","-0.035995438992954404","-0.017995463162646955"
"1872000","-0.026995450720173723","-0.03599543863532745","-0.01799546280502"
"1874000","-0.026995450720173723","-0.03599543792007353","-0.017995463520273914"
"1876000","-0.026995451971872628","-0.03599544006583983","-0.01799546387790542"
"1878000","-0.026995452925548308","-0.029995439261178945","-0.02399546658991767"
"1880000","-0.026995453283179812","-0.02999543961881045","-0.023995466947549175"
"1882000","-0.026995453875499606","-0.029995440803450037","-0.023995466947549175"
"1884000","-0.023995453890399858","-0.023995466947549175","-0.02399544083325054"
"1886000","-0.02399545317514594","-0.023995466947549175","-0.023995439402742704"
"1888000","-0.023995453353959417","-0.023995466589922215","-0.023995440117996623"
"1890000","-0.02099545509739528","-0.023995466947549175","-0.017995443247241383"
"1892000","-0.02099545509739528","-0.02399546873568852","-0.01799544145910204"
"1894000","-0.02099545509739528","-0.02399546873568852","-0.01799544145910204"
"1896000","-0.020995455276206484","-0.023995469808569397","-0.017995440743843575"
"1898000","-0.017995455410316483","-0.017995468288650045","-0.017995442531982916"
"1900000","-0.017995453800990616","-0.0179954665005107","-0.017995441101470534"
"1902000","-0.01799545344336366","-0.01799546614288374","-0.017995440743843575"
"1904000","-0.020995452295971974","-0.023995465993871222","-0.017995438598072722"
"1906000","-0.020995451401904574","-0.02399546349047796","-0.01799543931333119"
"1908000","-0.020995451223091093","-0.02399546349047796","-0.01799543895570423"
"1910000","-0.020995450865464137","-0.02399546241759708","-0.01799543931333119"
"1912000","-0.020995450150207942","-0.023995461702343165","-0.017995438598072722"
"1914000","-0.020995450865464137","-0.02399546277522404","-0.01799543895570423"
"1916000","-0.020995449613765232","-0.0239954609870847","-0.017995438240445763"
"1918000","-0.026995449122027823","-0.03599545928835141","-0.01799543895570423"
"1920000","-0.023995448064047197","-0.03599545821547054","-0.011995437912623856"
"1922000","-0.023995446633532536","-0.03599545571207272","-0.01199543755499235"
"1924000","-0.023995445739462867","-0.035995453923933385","-0.01199543755499235"
"1926000","-0.023995446454719058","-0.03599545356630642","-0.011995439343131693"
"1928000","-0.023995446253554747","-0.03599545142054012","-0.011995441086569372"
"1930000","-0.02399544822050757","-0.035995453923933385","-0.011995442517081756"
"1932000","-0.023995447147624416","-0.03599545428156034","-0.011995440013688494"
"1934000","-0.023995446432368228","-0.0359954546391873","-0.011995438225549151"
"1936000","-0.023995447773472733","-0.03599545589088393","-0.011995439656061535"
"1938000","-0.02399544705821654","-0.035995455533252424","-0.011995438583180657"
"1940000","-0.02399544866754468","-0.03599545660613785","-0.011995440728951508"
"1942000","-0.02399544920398739","-0.03599545696376936","-0.011995441444205425"
"1944000","-0.026995451215643698","-0.041995459198942625","-0.01199544323234477"
"1946000","-0.02699545246734033","-0.04199545955656959","-0.01199544537811107"
"1948000","-0.02699545246734033","-0.04199545848368871","-0.011995446450991949"
"1950000","-0.02699545157326838","-0.04199545741080328","-0.011995445735733483"
"1952000","-0.026995452109713367","-0.04199545776843479","-0.011995446450991949"
"1954000","-0.02699545175208641","-0.04199545848369326","-0.011995445020479565"
"1956000","-0.026995453003783042","-0.04199546062945956","-0.011995445378106524"
"1958000","-0.026995454613108906","-0.04199546205997194","-0.011995447166245867"
"1960000","-0.026995454613108906","-0.04199546205997194","-0.011995447166245867"
"1962000","-0.026995456937688685","-0.04199546420573824","-0.011995449669639129"
"1964000","-0.02699545765294488","-0.04199546527862367","-0.011995450027266088"
"1966000","-0.02999545847250829","-0.04199546599387759","-0.01799545095113899"
"1968000","-0.0299954568631847","-0.04199546563625063","-0.01799544809011877"
"1970000","-0.02999545632674426","-0.04199546492099671","-0.01799544773249181"
"1972000","-0.02699545574560034","-0.0359954651892167","-0.017995446301983974"
"1974000","-0.026995454851530667","-0.03599546340107736","-0.017995446301983974"
"1976000","-0.026995453421020554","-0.03599546197056952","-0.017995444871471592"
"1978000","-0.0269954530633936","-0.035995461612942564","-0.017995444513844633"
"1980000","-0.026995455745602616","-0.03599546340108191","-0.01799544809012332"
"1982000","-0.02699545395746327","-0.03599546054005714","-0.0179954473748694"
"1984000","-0.029995454836630416","-0.035995461255311056","-0.023995448417949775"
"1986000","-0.029995455194261923","-0.035995461612942564","-0.023995448775581282"
"1988000","-0.02999545430019225","-0.03599546018243018","-0.023995448417954323"
"1990000","-0.026995455030348697","-0.03599546018243018","-0.01799544987826721"
"1992000","-0.02699545538797793","-0.035995460897688646","-0.01799544987826721"
"1994000","-0.026995456997306065","-0.03599546197057407","-0.01799545202403806"
"1996000","-0.023995457608255038","-0.02999546211958659","-0.017995453096923485"
"1998000","-0.023995457965881997","-0.029995461761955083","-0.017995454169808908"
"2000000","-0.023995456714185365","-0.029995459616188783","-0.017995453812181948"