"Step","Grouped runs - collection/reward/extrinsic_episode_reward_mean","Grouped runs - collection/reward/extrinsic_episode_reward_mean__MIN","Grouped runs - collection/reward/extrinsic_episode_reward_mean__MAX"
"2000","-0.8999956846237183","-1.199995756149292","-0.5999956130981445"
"4000","-1.7999957203865051","-2.399995803833008","-1.1999956369400024"
"6000","-2.3999950885772705","-2.999994993209839","-1.7999951839447021"
"8000","-2.0999955534934998","-2.3999953269958496","-1.79999577999115"
"10000","-1.1999956965446472","-1.199995756149292","-1.1999956369400024"
"12000","-1.499995638430164","-2.999995470046997","0.00000419318666899926"
"14000","-0.8999956801533244","-1.7999956607818604","0.000004300475211493904"
"16000","-1.499995768070221","-1.79999577999115","-1.199995756149292"
"18000","-2.6999958157539368","-3.5999958515167236","-1.79999577999115"
"20000","-2.099995493888855","-2.3999955654144287","-1.7999954223632812"
"22000","-2.699995517730713","-4.199995517730713","-1.199995517730713"
"24000","-2.6999953985214233","-4.199995517730713","-1.1999952793121338"
"26000","-1.1999956369400024","-1.79999577999115","-0.599995493888855"
"28000","-1.7999956607818604","-2.399995803833008","-1.199995517730713"
"30000","-0.8999956846237183","-1.1999956369400024","-0.5999957323074341"
"32000","-1.199995756149292","-1.199995756149292","-1.199995756149292"
"34000","-0.8999957934022405","-1.79999577999115","0.00000419318666899926"
"36000","-1.7999954223632812","-1.7999954223632812","-1.7999954223632812"
"38000","-1.7999954521656036","-2.999995231628418","-0.5999956727027893"
"40000","-2.3999956250190735","-3.5999958515167236","-1.1999953985214233"
"42000","-0.5999955605716423","-1.199995517730713","0.000004396587428345811"
"44000","-0.5999953642487981","-1.1999952793121338","0.000004550814537651604"
"46000","-1.499995470046997","-1.7999954223632812","-1.199995517730713"
"48000","-1.4999955892562866","-1.7999954223632812","-1.199995756149292"
"50000","-2.3999953269958496","-2.3999953269958496","-2.3999953269958496"
"52000","-3.2999954223632812","-3.5999953746795654","-2.999995470046997"
"54000","-2.6999953985214233","-2.999995470046997","-2.3999953269958496"
"56000","-1.4999957084655762","-1.79999577999115","-1.1999956369400024"
"58000","-2.6999958157539368","-3.5999958515167236","-1.79999577999115"
"60000","-3.2999954223632812","-4.199995994567871","-2.3999948501586914"
"62000","-1.1999955773353577","-1.199995756149292","-1.1999953985214233"
"64000","-2.999995470046997","-3.5999951362609863","-2.399995803833008"
"66000","-2.699995845556259","-4.7999958992004395","-0.5999957919120789"
"68000","-2.9999955892562866","-3.5999958515167236","-2.3999953269958496"
"70000","-3.8999955654144287","-4.799995422363281","-2.999995708465576"
"72000","-3.5999956130981445","-3.5999958515167236","-3.5999953746795654"
"74000","-1.4999954998493195","-2.3999953269958496","-0.5999956727027893"
"76000","-4.199995636940002","-4.799995422363281","-3.5999958515167236"
"78000","-2.699995517730713","-2.999995708465576","-2.3999953269958496"
"80000","-2.9999956488609314","-4.199995517730713","-1.79999577999115"
"82000","-2.999994993209839","-2.999994993209839","-2.999994993209839"
"84000","-0.8999955952167511","-1.199995756149292","-0.5999954342842102"
"86000","-2.3999955654144287","-3.5999953746795654","-1.199995756149292"
"88000","-2.6999955773353577","-4.799995422363281","-0.5999957323074341"
"90000","-2.9999953508377075","-3.5999953746795654","-2.3999953269958496"
"92000","-1.1999955490232423","-2.3999953269958496","0.0000042289493649150245"
"94000","-0.8999956801533244","-1.7999956607818604","0.000004300475211493904"
"96000","-1.799995481967926","-1.79999577999115","-1.7999951839447021"
"98000","-1.79999577999115","-2.399995803833008","-1.199995756149292"
"100000","-1.199995756149292","-1.1999958753585815","-1.1999956369400024"
"102000","-0.8999957934022405","-1.79999577999115","0.00000419318666899926"
"104000","-1.7999956607818604","-2.399995803833008","-1.199995517730713"
"106000","-1.1999955475330353","-1.7999954223632812","-0.5999956727027893"
"108000","-2.0999956130981445","-3.5999953746795654","-0.5999958515167236"
"110000","-0.5999955832958221","-0.5999956727027893","-0.599995493888855"
"112000","-0.5999957703054406","-1.199995756149292","0.000004215538410790032"
"114000","-2.9999958276748657","-4.199995994567871","-1.7999956607818604"
"116000","-2.3999958634376526","-4.199995994567871","-0.5999957323074341"
"118000","0.000004396587655719486","0.000004157423973083496","0.000004635751338355476"
"120000","-3.299995541572571","-3.5999953746795654","-2.999995708465576"
"122000","-1.7999956011772156","-2.999995470046997","-0.5999957323074341"
"124000","-3.2999954223632812","-4.199995517730713","-2.3999953269958496"
"126000","-0.29999560266742265","-0.5999956130981445","0.000004407763299241196"
"128000","-2.3999957144260406","-4.199995517730713","-0.5999959111213684"
"130000","-2.999995768070221","-5.399995803833008","-0.5999957323074341"
"132000","-2.099995791912079","-2.399995803833008","-1.79999577999115"
"134000","-3.2999954223632812","-3.5999958515167236","-2.999994993209839"
"136000","-3.2999954223632812","-3.5999953746795654","-2.999995470046997"
"138000","-0.8999956548213959","-1.199995517730713","-0.5999957919120789"
"140000","-1.7999955713748932","-2.999995470046997","-0.5999956727027893"
"142000","-2.0999957621097565","-3.5999958515167236","-0.5999956727027893"
"144000","-1.4999958112834975","-2.999995708465576","0.000004085898581251968"
"146000","-2.6999953985214233","-3.5999953746795654","-1.7999954223632812"
"148000","-2.099995791912079","-2.999995708465576","-1.1999958753585815"
"150000","-2.999995678663254","-5.399995803833008","-0.5999955534934998"
"152000","-2.6999956369400024","-4.199995517730713","-1.199995756149292"
"154000","-2.09999543428421","-2.999995231628418","-1.1999956369400024"
"156000","-3.29999577999115","-4.199995994567871","-2.3999955654144287"
"158000","-2.0999955534934998","-2.999995470046997","-1.1999956369400024"
"160000","-1.7999957203865051","-2.999995708465576","-0.5999957323074341"
"162000","-2.3999953269958496","-2.999995470046997","-1.7999951839447021"
"164000","-1.4999956145882152","-2.999995708465576","0.000004479289145820076"
"166000","-1.799995481967926","-1.79999577999115","-1.7999951839447021"
"168000","-0.29999550133948105","-0.5999953746795654","0.000004372000603325432"
"170000","-3.2999956607818604","-4.199995994567871","-2.3999953269958496"
"172000","-2.099995791912079","-3.5999958515167236","-0.5999957323074341"
"174000","-3.5999953746795654","-5.39999532699585","-1.7999954223632812"
"176000","-2.6999956369400024","-3.5999958515167236","-1.7999954223632812"
"178000","-2.9999955892562866","-2.999995708465576","-2.999995470046997"
"180000","-1.199995517730713","-1.7999954223632812","-0.5999956130981445"
"182000","-1.7999954223632812","-1.7999956607818604","-1.7999951839447021"
"184000","-1.4999956026672407","-2.999995470046997","0.0000042647125155781396"
"186000","-2.6999953985214233","-2.999995470046997","-2.3999953269958496"
"188000","-1.499995470046997","-1.7999954223632812","-1.199995517730713"
"190000","-0.8999955356121063","-1.1999953985214233","-0.5999956727027893"
"192000","-1.79999577999115","-2.399995803833008","-1.199995756149292"
"194000","-0.5999957278370402","-1.199995756149292","0.000004300475211493904"
"196000","-0.5999955549837068","-1.199995517730713","0.000004407763299241196"
"198000","-2.9999953508377075","-2.999995708465576","-2.999994993209839"
"200000","-2.9999953508377075","-3.5999958515167236","-2.3999948501586914"
"202000","-2.09999543428421","-2.3999950885772705","-1.79999577999115"
"204000","-2.9999958872795105","-4.199995994567871","-1.79999577999115"
"206000","-2.6999958753585815","-4.199995994567871","-1.199995756149292"
"208000","-2.0999955534934998","-2.999995470046997","-1.1999956369400024"
"210000","-2.999995470046997","-3.5999958515167236","-2.3999950885772705"
"212000","-0.5999957390129111","-1.199995756149292","0.000004278123469703132"
"214000","-0.8999954894184157","-1.7999954223632812","0.0000044435264499043114"
"216000","-4.199995636940002","-4.7999958992004395","-3.5999953746795654"
"218000","-0.899995744228363","-1.199995756149292","-0.5999957323074341"
"220000","-0.8999956846237183","-1.1999956369400024","-0.5999957323074341"
"222000","-2.6999955773353577","-4.199995517730713","-1.1999956369400024"
"224000","-2.099995255470276","-2.999994993209839","-1.199995517730713"
"226000","-1.1999953389167786","-1.1999953985214233","-1.1999952793121338"
"228000","-3.899995803833008","-4.7999958992004395","-2.999995708465576"
"230000","-2.699995756149292","-4.199995994567871","-1.199995517730713"
"232000","-1.7999955415725708","-2.3999953269958496","-1.199995756149292"
"234000","-2.699995517730713","-3.5999953746795654","-1.7999956607818604"
"236000","-1.4999957755208015","-2.999995708465576","0.000004157423973083496"
"238000","-1.1999955475330353","-1.7999954223632812","-0.5999956727027893"
"240000","-2.3999955654144287","-2.999995708465576","-1.7999954223632812"
"242000","-2.3999953269958496","-2.3999953269958496","-2.3999953269958496"
"244000","-2.09999543428421","-3.5999953746795654","-0.599995493888855"
"246000","-2.099995882809253","-4.199995994567871","0.0000042289493649150245"
"248000","-0.5999955847860292","-1.199995756149292","0.000004586577233567368"
"250000","-2.099995791912079","-2.399995803833008","-1.79999577999115"
"252000","-3.599995791912079","-5.399995803833008","-1.79999577999115"
"254000","-1.1999955475330353","-1.7999954223632812","-0.5999956727027893"
"256000","-0.8999954164028168","-1.1999952793121338","-0.5999955534934998"
"258000","-2.699995756149292","-3.5999958515167236","-1.7999956607818604"
"260000","-0.8999955952167511","-1.1999956369400024","-0.5999955534934998"
"262000","-2.9999951124191284","-4.199995040893555","-1.7999951839447021"
"264000","-2.099995493888855","-3.5999953746795654","-0.5999956130981445"
"266000","-3.5999956130981445","-4.199995517730713","-2.999995708465576"
"268000","-3.5999956130981445","-3.5999958515167236","-3.5999953746795654"
"270000","-2.399995505809784","-3.5999953746795654","-1.1999956369400024"
"272000","-2.099995732307434","-2.999995708465576","-1.199995756149292"
"274000","-2.6999955773353577","-3.5999953746795654","-1.79999577999115"
"276000","-3.899995803833008","-5.399995803833008","-2.399995803833008"
"278000","-2.099995255470276","-2.999994993209839","-1.199995517730713"
"280000","-0.8999955967069582","-1.79999577999115","0.000004586577233567368"
"282000","-1.799995793402104","-3.5999958515167236","0.0000042647125155781396"
"284000","-1.7999953031539917","-1.7999954223632812","-1.7999951839447021"
"286000","-3.599995493888855","-4.199995517730713","-2.999995470046997"
"288000","-2.3999953269958496","-2.3999953269958496","-2.3999953269958496"
"290000","-1.499995619058609","-2.3999953269958496","-0.5999959111213684"
"292000","-1.4999956488609314","-1.79999577999115","-1.199995517730713"
"294000","-1.799995481967926","-2.999995470046997","-0.599995493888855"
"296000","-0.2999956332146212","-0.5999957323074341","0.000004465878191695083"
"298000","-2.099995493888855","-2.3999953269958496","-1.7999956607818604"
"300000","-2.3999953269958496","-2.999995470046997","-1.7999951839447021"
"302000","-3.5999958515167236","-4.199995994567871","-2.999995708465576"
"304000","-1.199995517730713","-1.199995517730713","-1.199995517730713"
"306000","-3.2999956607818604","-4.7999958992004395","-1.7999954223632812"
"308000","-2.9999958276748657","-3.5999958515167236","-2.399995803833008"
"310000","-3.299995541572571","-3.5999953746795654","-2.999995708465576"
"312000","-4.199995517730713","-4.7999958992004395","-3.5999951362609863"
"314000","-2.999995768070221","-4.7999958992004395","-1.1999956369400024"
"316000","-1.7999956011772156","-1.79999577999115","-1.7999954223632812"
"318000","-1.7999955117702484","-2.999995708465576","-0.5999953150749207"
"320000","-2.099995793402286","-4.199995994567871","0.000004407763299241196"
"322000","-2.9999953508377075","-2.999995708465576","-2.999994993209839"
"324000","-2.3999958351255373","-4.7999958992004395","0.0000042289493649150245"
"326000","-1.7999953627586365","-2.3999950885772705","-1.1999956369400024"
"328000","-0.599995531141758","-1.199995756149292","0.000004693865776062012"
"330000","-2.399995803833008","-3.5999958515167236","-1.199995756149292"
"332000","-2.0999958649276778","-4.199995994567871","0.0000042647125155781396"
"334000","-2.0999956130981445","-2.399995803833008","-1.7999954223632812"
"336000","-2.099995493888855","-2.3999955654144287","-1.7999954223632812"
"338000","-2.3999956846237183","-2.999995708465576","-1.7999956607818604"
"340000","-2.3999954715370677","-4.799995422363281","0.000004479289145820076"
"342000","-2.699995458126068","-4.199995040893555","-1.1999958753585815"
"344000","-1.7999951839447021","-1.7999951839447021","-1.7999951839447021"
"346000","-2.3999956250190735","-3.5999958515167236","-1.1999953985214233"
"348000","-1.4999955892562866","-1.7999956607818604","-1.199995517730713"
"350000","-1.799995775520756","-3.5999958515167236","0.000004300475211493904"
"352000","-3.5999958515167236","-3.5999958515167236","-3.5999958515167236"
"354000","-2.9999955892562866","-3.5999958515167236","-2.3999953269958496"
"356000","-1.7999957501888275","-2.999995708465576","-0.5999957919120789"
"358000","-3.5999956130981445","-3.5999958515167236","-3.5999953746795654"
"360000","-1.4999955892562866","-1.79999577999115","-1.1999953985214233"
"362000","-2.099995195865631","-2.999994993209839","-1.1999953985214233"
"364000","-2.3999955654144287","-2.999995708465576","-1.7999954223632812"
"366000","-3.2999953031539917","-3.5999953746795654","-2.999995231628418"
"368000","-1.1999953985214233","-1.1999953985214233","-1.1999953985214233"
"370000","-1.799995481967926","-2.3999953269958496","-1.1999956369400024"
"372000","-2.9999953508377075","-3.5999953746795654","-2.3999953269958496"
"374000","-2.099995255470276","-2.3999953269958496","-1.7999951839447021"
"376000","-1.1999952793121338","-1.7999948263168335","-0.5999957323074341"
"378000","-1.499995470046997","-2.3999953269958496","-0.5999956130981445"
"380000","-1.4999953508377075","-2.3999953269958496","-0.5999953746795654"
"382000","-1.4999956786632538","-2.399995803833008","-0.5999955534934998"
"384000","-1.499995543062596","-2.999995708465576","0.000004622340384230483"
"386000","-2.399995446205139","-2.999995470046997","-1.7999954223632812"
"388000","-4.199995994567871","-4.199995994567871","-4.199995994567871"
"390000","-2.099995255470276","-2.3999950885772705","-1.7999954223632812"
"392000","-2.099995404481888","-3.5999953746795654","-0.5999954342842102"
"394000","-0.5999955788254283","-1.1999956369400024","0.000004479289145820076"
"396000","-1.4999954104423523","-2.3999953269958496","-0.599995493888855"
"398000","-2.3999953866004944","-2.999995708465576","-1.7999950647354126"
"400000","-1.1999953389167786","-1.7999951839447021","-0.599995493888855"
"402000","-0.5999954238534428","-1.1999953985214233","0.000004550814537651604"
"404000","-2.6999956369400024","-2.999995708465576","-2.3999955654144287"
"406000","-1.79999577999115","-2.399995803833008","-1.199995756149292"
"408000","-1.7999956607818604","-2.399995803833008","-1.199995517730713"
"410000","-2.699995368719101","-4.799995422363281","-0.5999953150749207"
"412000","-2.3999956846237183","-3.5999958515167236","-1.199995517730713"
"414000","-3.8999955654144287","-5.399995803833008","-2.3999953269958496"
"416000","-0.8999955058097839","-1.1999952793121338","-0.5999957323074341"
"418000","-0.8999954059720494","-1.7999951839447021","0.000004372000603325432"
"420000","-2.9999956488609314","-4.199995517730713","-1.79999577999115"
"422000","-2.399995446205139","-4.199995517730713","-0.5999953746795654"
"424000","-2.099995493888855","-2.3999953269958496","-1.7999956607818604"
"426000","-2.0999956130981445","-2.999995708465576","-1.199995517730713"
"428000","-3.29999577999115","-3.5999958515167236","-2.999995708465576"
"430000","-3.599995493888855","-4.199995517730713","-2.999995470046997"
"432000","-1.799995632469745","-3.5999958515167236","0.000004586577233567368"
"434000","-2.0999953746795654","-2.3999953269958496","-1.7999954223632812"
"436000","-0.899995650351002","-1.79999577999115","0.000004479289145820076"
"438000","-0.5999957635999635","-1.199995756149292","0.0000042289493649150245"
"440000","-1.499995231628418","-2.3999950885772705","-0.5999953746795654"
"442000","-2.399995505809784","-2.999995231628418","-1.79999577999115"
"444000","-1.199995531141667","-2.3999953269958496","0.0000042647125155781396"
"446000","-0.599995400011494","-1.1999952793121338","0.000004479289145820076"
"448000","-0.2999956659973577","-0.599995493888855","0.00000416189413954271"
"450000","-0.2999956443904921","-0.5999957323074341","0.0000044435264499043114"
"452000","-2.9999958276748657","-4.7999958992004395","-1.199995756149292"
"454000","-0.8999956861139253","-1.79999577999115","0.000004407763299241196"
"456000","-3.5999956130981445","-4.7999958992004395","-2.3999953269958496"
"458000","-2.399995435774372","-4.799995422363281","0.000004550814537651604"
"460000","-1.7999955415725708","-2.999995470046997","-0.5999956130981445"
"462000","-2.0999955534934998","-2.3999953269958496","-1.79999577999115"
"464000","-0.5999954044818878","-0.5999954342842102","-0.5999953746795654"
"466000","-2.0999957025051117","-3.5999958515167236","-0.5999955534934998"
"468000","-2.699995517730713","-3.5999958515167236","-1.7999951839447021"
"470000","-1.4999953508377075","-1.7999954223632812","-1.1999952793121338"
"472000","-2.3999953866004944","-3.5999953746795654","-1.1999953985214233"
"474000","-1.4999954953789256","-2.999995470046997","0.000004479289145820076"
"476000","-2.099995255470276","-2.3999950885772705","-1.7999954223632812"
"478000","-3.2999954223632812","-4.199995517730713","-2.3999953269958496"
"480000","-0.8999954760074615","-1.1999953985214233","-0.5999955534934998"
"482000","-1.1999954581260681","-1.199995517730713","-1.1999953985214233"
"484000","-2.3999956250190735","-2.999995470046997","-1.79999577999115"
"486000","-1.4999955296516418","-1.7999954223632812","-1.1999956369400024"
"488000","-1.1999953344463847","-2.3999953269958496","0.0000046581030801462475"
"490000","-0.29999559670682174","-0.599995493888855","0.000004300475211493904"
"492000","-1.1999953985214233","-1.1999953985214233","-1.1999953985214233"
"494000","-0.59999551326041","-1.1999953985214233","0.000004372000603325432"
"496000","-0.29999549053604824","-0.599995493888855","0.000004512816758506233"
"498000","-0.8999954178930238","-1.7999954223632812","0.000004586577233567368"
"500000","-0.5999957218766667","-1.1999956369400024","0.00000419318666899926"
"502000","-2.999995231628418","-4.199995040893555","-1.7999954223632812"
"504000","-2.999995708465576","-4.199995994567871","-1.7999954223632812"
"506000","-2.09999543428421","-3.5999953746795654","-0.599995493888855"
"508000","-0.5999954178928419","-1.1999952793121338","0.0000044435264499043114"
"510000","-1.7999957203865051","-2.399995803833008","-1.1999956369400024"
"512000","-1.7999954521656036","-2.999995470046997","-0.5999954342842102"
"514000","-1.4999954998493195","-2.3999953269958496","-0.5999956727027893"
"516000","-1.7999957218767122","-3.5999958515167236","0.000004407763299241196"
"518000","-2.399995446205139","-2.999995470046997","-1.7999954223632812"
"520000","-0.8999953690915845","-1.7999951839447021","0.000004445761533133918"
"522000","-2.0999953746795654","-2.3999953269958496","-1.7999954223632812"
"524000","-2.099995554983707","-4.199995517730713","0.000004407763299241196"
"526000","-0.5999956384300731","-1.1999953985214233","0.000004121661277167732"
"528000","-1.1999953389167786","-1.1999953985214233","-1.1999952793121338"
"530000","-1.199995370209308","-2.3999953269958496","0.000004586577233567368"
"532000","-0.8999952986837343","-1.7999951839447021","0.000004586577233567368"
"534000","-2.399995446205139","-2.999995231628418","-1.7999956607818604"
"536000","-1.4999955296516418","-1.7999954223632812","-1.1999956369400024"
"538000","-2.3999953269958496","-2.3999953269958496","-2.3999953269958496"
"540000","-2.3999955654144287","-2.399995803833008","-2.3999953269958496"
"542000","-3.2999953031539917","-4.199995517730713","-2.3999950885772705"
"544000","-1.1999953389167786","-1.7999951839447021","-0.599995493888855"
"546000","-1.7999953627586365","-2.3999953269958496","-1.1999953985214233"
"548000","-1.1999956369400024","-1.79999577999115","-0.599995493888855"
"550000","-2.3999957144260406","-4.199995994567871","-0.5999954342842102"
"552000","-1.7999955415725708","-2.399995803833008","-1.1999952793121338"
"554000","-1.7999955415725708","-2.399995803833008","-1.1999952793121338"
"556000","-1.499995470046997","-1.7999954223632812","-1.199995517730713"
"558000","-1.1999952793121338","-1.1999952793121338","-1.1999952793121338"
"560000","-2.6999950408935547","-2.999994993209839","-2.3999950885772705"
"562000","-0.2999954357742354","-0.599995493888855","0.000004622340384230483"
"564000","-1.1999953389167786","-1.7999954223632812","-0.5999952554702759"
"566000","-1.1999953985214233","-1.7999954223632812","-0.5999953746795654"
"568000","-0.5999955609440804","-1.1999956369400024","0.00000451505184173584"
"570000","-3.899995803833008","-4.7999958992004395","-2.999995708465576"
"572000","-1.7999955415725708","-2.3999953269958496","-1.199995756149292"
"574000","-0.8999953866004944","-1.1999952793121338","-0.599995493888855"
"576000","-0.5999955236911774","-0.5999956130981445","-0.5999954342842102"
"578000","-2.9999955892562866","-4.199995994567871","-1.7999951839447021"
"580000","0.0000045340507313085254","0.000004336237907409668","0.000004731863555207383"
"582000","-1.7999954655765578","-3.5999953746795654","0.0000044435264499043114"
"584000","-0.2999953821301915","-0.599995493888855","0.000004729628471977776"
"586000","-2.099995195865631","-2.999994993209839","-1.1999953985214233"
"588000","-2.9999953508377075","-3.5999953746795654","-2.3999953269958496"
"590000","-0.899995525181339","-1.7999954223632812","0.000004372000603325432"
"592000","-0.8999955058097839","-1.199995517730713","-0.599995493888855"
"594000","-2.099995793402286","-4.199995994567871","0.000004407763299241196"
"596000","-0.8999954462051392","-1.1999953985214233","-0.599995493888855"
"598000","-0.29999554306277787","-0.599995493888855","0.000004407763299241196"
"600000","-0.29999552518120254","-0.599995493888855","0.0000044435264499043114"
"602000","-0.5999953746795654","-0.599995493888855","-0.5999952554702759"
"604000","-2.3999953269958496","-2.3999953269958496","-2.3999953269958496"
"606000","-0.5999953702091716","-1.1999953985214233","0.0000046581030801462475"
"608000","-0.8999954726546093","-1.7999954223632812","0.000004477054062590469"
"610000","0.000004550814537651604","0.00000451505184173584","0.000004586577233567368"
"612000","-0.8999953269958496","-1.1999952793121338","-0.5999953746795654"
"614000","-1.7999955214559122","-3.5999953746795654","0.000004331767740950454"
"616000","-1.799995632469745","-3.5999958515167236","0.000004586577233567368"
"618000","-0.5999953284858748","-1.1999952793121338","0.000004622340384230483"
"620000","-1.1999952867627144","-2.3999950885772705","0.00000451505184173584"
"622000","-0.5999953702091716","-1.1999953985214233","0.0000046581030801462475"
"624000","-0.29999540001153946","-0.599995493888855","0.000004693865776062012"
"626000","-2.0999953746795654","-2.3999953269958496","-1.7999954223632812"
"628000","-0.5999955609440804","-1.1999956369400024","0.00000451505184173584"
"630000","-1.7999954923986934","-3.5999953746795654","0.00000438988217865699"
"632000","-0.29999545961618423","-0.5999952554702759","0.000004336237907409668"
"634000","-0.29999553114180344","-0.5999954342842102","0.000004372000603325432"
"636000","-0.29999550133948105","-0.5999955534934998","0.000004550814537651604"
"638000","-0.5999954342842102","-0.5999955534934998","-0.5999953150749207"
"640000","-0.5999954476951643","-1.199995517730713","0.000004622340384230483"
"642000","-1.7999953627586365","-2.3999953269958496","-1.1999953985214233"
"644000","-0.5999955534934998","-0.5999956130981445","-0.599995493888855"
"646000","-0.599995493888855","-0.599995493888855","-0.599995493888855"
"648000","0.000004535168500297004","0.0000044435264499043114","0.000004626810550689697"
"650000","-0.599995400011494","-1.1999952793121338","0.000004479289145820076"
"652000","-0.5999954640865326","-0.5999955534934998","-0.5999953746795654"
"654000","-1.4999953210353851","-2.3999953269958496","-0.5999953150749207"
"656000","-1.1999954283237457","-1.7999954223632812","-0.5999954342842102"
"658000","-1.1999953165650368","-2.3999953269958496","0.000004693865776062012"
"660000","-1.4999954596162297","-2.999995470046997","0.000004550814537651604"
"662000","0.00000464022150481469","0.000004586577233567368","0.000004693865776062012"
"664000","-0.29999539405116593","-0.5999953746795654","0.000004586577233567368"
"666000","-0.5999953880905196","-1.1999953985214233","0.000004622340384230483"
"668000","0.000004547461912807194","0.000004544109287962783","0.000004550814537651604"
"670000","-0.599995493888855","-0.599995493888855","-0.599995493888855"
"672000","-0.5999954640865326","-0.5999955534934998","-0.5999953746795654"
"674000","-0.2999954834581331","-0.5999955534934998","0.000004586577233567368"
"676000","-1.1999952331184431","-2.3999950885772705","0.000004622340384230483"
"678000","-0.2999954894185066","-0.599995493888855","0.00000451505184173584"
"680000","0.000004532933189693722","0.00000451505184173584","0.000004550814537651604"
"682000","0.000004526227712631226","0.000004497170266404282","0.000004555285158858169"
"684000","-0.5999953702091716","-1.1999953985214233","0.0000046581030801462475"
"686000","0.0000044614077978621935","0.0000044435264499043114","0.000004479289145820076"
"688000","0.000004452467010196415","0.000004425644874572754","0.000004479289145820076"
"690000","0.000004586577460941044","0.000004550814537651604","0.000004622340384230483"
"692000","-0.2999955549835249","-0.5999955534934998","0.0000044435264499043114"
"694000","-1.1999952867627144","-2.3999950885772705","0.00000451505184173584"
"696000","-0.29999552518120254","-0.599995493888855","0.0000044435264499043114"
"698000","0.000004479289145820076","0.0000044435264499043114","0.00000451505184173584"
"700000","-0.2999955549835249","-0.5999955534934998","0.0000044435264499043114"
"702000","0.0000046581030801462475","0.000004622340384230483","0.000004693865776062012"
"704000","0.0000045508147650252795","0.000004479289145820076","0.000004622340384230483"
"706000","0.000004461407570488518","0.000004407763299241196","0.00000451505184173584"
"708000","-0.2999954536558107","-0.599995493888855","0.000004586577233567368"
"710000","-0.8999953165650822","-1.7999951839447021","0.000004550814537651604"
"712000","-0.29999553710217697","-0.5999955534934998","0.000004479289145820076"
"714000","0.000004586577460941044","0.0000044435264499043114","0.000004729628471977776"
"716000","0.0000045508147650252795","0.0000044435264499043114","0.0000046581030801462475"
"718000","0.00000451505184173584","0.000004479289145820076","0.000004550814537651604"
"720000","0.00000438988217865699","0.000004336237907409668","0.0000044435264499043114"
"722000","0.00000451505184173584","0.000004479289145820076","0.000004550814537651604"
"724000","0.000004407763526614872","0.000004372000603325432","0.0000044435264499043114"
"726000","-0.5999956384300731","-1.199995756149292","0.000004479289145820076"
"728000","-0.5999956697226025","-1.199995756149292","0.000004416704086906975"
"730000","0.000004586577460941044","0.00000451505184173584","0.0000046581030801462475"
"732000","-0.2999954774975322","-0.5999954342842102","0.000004479289145820076"
"734000","0.000004604458808898926","0.000004372000603325432","0.000004836917014472419"
"736000","-0.2999954834581331","-0.5999955534934998","0.000004586577233567368"
"738000","0.000004604458808898926","0.000004550814537651604","0.0000046581030801462475"
"740000","0.00000464022150481469","0.000004586577233567368","0.000004693865776062012"
"742000","0.00000451505184173584","0.000004407763299241196","0.000004622340384230483"
"744000","0.000004479289145820076","0.000004479289145820076","0.000004479289145820076"
"746000","0.000004443526222530636","0.000004407763299241196","0.000004479289145820076"
"748000","0.000004479289145820076","0.0000044435264499043114","0.00000451505184173584"
"750000","0.00000438988217865699","0.000004300475211493904","0.000004479289145820076"
"752000","0.000004461407570488518","0.000004336237907409668","0.000004586577233567368"
"754000","0.000004550814537651604","0.00000451505184173584","0.000004586577233567368"
"756000","0.000004479289145820076","0.0000044435264499043114","0.00000451505184173584"
"758000","-0.29999546557655776","-0.5999953746795654","0.0000044435264499043114"
"760000","-0.899995525181339","-1.7999954223632812","0.000004372000603325432"
"762000","0.000004568696112983162","0.00000451505184173584","0.000004622340384230483"
"764000","0.000004586577460941044","0.000004479289145820076","0.000004693865776062012"
"766000","0.000004550814537651604","0.00000451505184173584","0.000004586577233567368"
"768000","0.000004550814537651604","0.00000451505184173584","0.000004586577233567368"
"770000","0.000004479289145820076","0.0000044435264499043114","0.00000451505184173584"
"772000","0.000004497170493777958","0.0000044435264499043114","0.000004550814537651604"
"774000","0.000004568695885609486","0.000004550814537651604","0.000004586577233567368"
"776000","-0.29999553486709374","-0.5999955534934998","0.00000448375931227929"
"778000","-0.29999553710217697","-0.5999955534934998","0.000004479289145820076"
"780000","0.000004586577233567368","0.000004407763299241196","0.00000476539116789354"
"782000","-0.29999545961618423","-0.5999954342842102","0.00000451505184173584"
"784000","0.000004532933417067397","0.0000044435264499043114","0.000004622340384230483"
"786000","0.000004550814537651604","0.00000451505184173584","0.000004586577233567368"
"788000","0.000004443526222530636","0.000004336237907409668","0.000004550814537651604"
"790000","0.000004479289145820076","0.0000044435264499043114","0.00000451505184173584"
"792000","0.000004532933189693722","0.000004407763299241196","0.0000046581030801462475"
"794000","0.00000451505184173584","0.000004479289145820076","0.000004550814537651604"
"796000","0.000004550814537651604","0.000004550814537651604","0.000004550814537651604"
"798000","0.000004586577233567368","0.000004586577233567368","0.000004586577233567368"
"800000","0.000004586577233567368","0.000004586577233567368","0.000004586577233567368"
"802000","0.000004568696112983162","0.00000451505184173584","0.000004622340384230483"
"804000","0.000004497170493777958","0.000004479289145820076","0.00000451505184173584"
"806000","-0.2999954178928874","-0.599995493888855","0.0000046581030801462475"
"808000","0.00000451505184173584","0.0000044435264499043114","0.000004586577233567368"
"810000","0.000004568695885609486","0.000004550814537651604","0.000004586577233567368"
"812000","0.000004497170493777958","0.0000044435264499043114","0.000004550814537651604"
"814000","0.000004622340156856808","0.000004586577233567368","0.0000046581030801462475"
"816000","0.000004622340156856808","0.000004550814537651604","0.000004693865776062012"
"818000","-0.29999530464419877","-0.5999951958656311","0.000004586577233567368"
"820000","-0.29999538809056503","-0.5999954342842102","0.0000046581030801462475"
"822000","0.0000045508147650252795","0.0000044435264499043114","0.0000046581030801462475"
"824000","0.000004389881951283314","0.000004372000603325432","0.000004407763299241196"
"826000","0.000004407763299241196","0.000004407763299241196","0.000004407763299241196"
"828000","0.00000467598442810413","0.0000046581030801462475","0.000004693865776062012"
"830000","0.000004479289145820076","0.000004479289145820076","0.000004479289145820076"
"832000","0.000004604458808898926","0.000004586577233567368","0.000004622340384230483"
"834000","0.000004532933189693722","0.000004479289145820076","0.000004586577233567368"
"836000","0.000004532933189693722","0.00000451505184173584","0.000004550814537651604"
"838000","0.000004532933189693722","0.000004479289145820076","0.000004586577233567368"
"840000","0.000004622340156856808","0.000004586577233567368","0.0000046581030801462475"
"842000","-0.2999954178928874","-0.599995493888855","0.0000046581030801462475"
"844000","0.0000046581030801462475","0.00000451505184173584","0.000004801154318556655"
"846000","0.000004604458808898926","0.000004550814537651604","0.0000046581030801462475"
"848000","0.000004550814537651604","0.000004550814537651604","0.000004550814537651604"
"850000","0.000004604458808898926","0.000004479289145820076","0.000004729628471977776"
"852000","0.000004568696112983162","0.00000451505184173584","0.000004622340384230483"
"854000","0.000004693865776062012","0.0000046581030801462475","0.000004729628471977776"
"856000","0.00000467598442810413","0.0000046581030801462475","0.000004693865776062012"
"858000","0.000004568696112983162","0.00000451505184173584","0.000004622340384230483"
"860000","0.000004658102852772572","0.000004586577233567368","0.000004729628471977776"
"862000","0.000004532933189693722","0.000004479289145820076","0.000004586577233567368"
"864000","0.0000044435264499043114","0.0000044435264499043114","0.0000044435264499043114"
"866000","0.000004586577233567368","0.000004586577233567368","0.000004586577233567368"
"868000","0.000004568695885609486","0.000004550814537651604","0.000004586577233567368"
"870000","0.000004461407570488518","0.000004372000603325432","0.000004550814537651604"
"872000","-0.29999536424884354","-0.5999953150749207","0.000004586577233567368"
"874000","0.000004443526222530636","0.000004336237907409668","0.000004550814537651604"
"876000","0.000004550814537651604","0.00000451505184173584","0.000004586577233567368"
"878000","0.000004443526222530636","0.000004372000603325432","0.00000451505184173584"
"880000","0.000004568695885609486","0.000004550814537651604","0.000004586577233567368"
"882000","0.00000464022150481469","0.000004586577233567368","0.000004693865776062012"
"884000","0.000004532933189693722","0.00000451505184173584","0.000004550814537651604"
"886000","0.00000451505184173584","0.000004407763299241196","0.000004622340384230483"
"888000","0.000004497170266404282","0.000004407763299241196","0.000004586577233567368"
"890000","0.000004550814537651604","0.00000451505184173584","0.000004586577233567368"
"892000","0.00000464022150481469","0.000004550814537651604","0.000004729628471977776"
"894000","0.000004568695885609486","0.000004550814537651604","0.000004586577233567368"
"896000","0.000004443526222530636","0.000004372000603325432","0.00000451505184173584"
"898000","0.000004443526222530636","0.000004372000603325432","0.00000451505184173584"
"900000","0.000004497170493777958","0.000004479289145820076","0.00000451505184173584"
"902000","-0.2999954894185066","-0.599995493888855","0.00000451505184173584"
"904000","0.000004550814537651604","0.000004550814537651604","0.000004550814537651604"
"906000","0.0000044792889184464","0.000004372000603325432","0.000004586577233567368"
"908000","-0.29999546557655776","-0.5999953746795654","0.0000044435264499043114"
"910000","-0.2999953404068947","-0.5999953746795654","0.000004693865776062012"
"912000","0.000004497170493777958","0.0000044435264499043114","0.000004550814537651604"
"914000","-0.2999955072998546","-0.599995493888855","0.000004479289145820076"
"916000","0.000004622340156856808","0.000004586577233567368","0.0000046581030801462475"
"918000","0.000004497170493777958","0.000004372000603325432","0.000004622340384230483"
"920000","-0.29999552518120254","-0.5999956727027893","0.000004622340384230483"
"922000","0.000004586577233567368","0.000004586577233567368","0.000004586577233567368"
"924000","0.000004568695885609486","0.000004407763299241196","0.000004729628471977776"
"926000","0.000004622340156856808","0.000004586577233567368","0.0000046581030801462475"
"928000","0.000004568696112983162","0.00000451505184173584","0.000004622340384230483"
"930000","-0.2999954834581331","-0.5999953746795654","0.000004407763299241196"
"932000","0.000004675984200730454","0.000004586577233567368","0.00000476539116789354"
"934000","0.000004532933189693722","0.000004479289145820076","0.000004586577233567368"
"936000","0.0000046581030801462475","0.000004622340384230483","0.000004693865776062012"
"938000","0.000004532933417067397","0.0000044435264499043114","0.000004622340384230483"
"940000","0.000004568696112983162","0.000004479289145820076","0.0000046581030801462475"
"942000","0.000004586577233567368","0.000004586577233567368","0.000004586577233567368"
"944000","0.00000438988217865699","0.000004336237907409668","0.0000044435264499043114"
"946000","0.000004532933189693722","0.00000451505184173584","0.000004550814537651604"
"948000","0.0000046581030801462475","0.000004622340384230483","0.000004693865776062012"
"950000","0.000004586577460941044","0.000004550814537651604","0.000004622340384230483"
"952000","0.000004497170493777958","0.000004479289145820076","0.00000451505184173584"
"954000","0.000004622340156856808","0.000004586577233567368","0.0000046581030801462475"
"956000","0.000004622340156856808","0.000004586577233567368","0.0000046581030801462475"
"958000","-0.29999547153715866","-0.599995493888855","0.000004550814537651604"
"960000","0.000004532933189693722","0.00000451505184173584","0.000004550814537651604"
"962000","0.00000451505184173584","0.00000451505184173584","0.00000451505184173584"
"964000","-0.2999954178928874","-0.599995493888855","0.0000046581030801462475"
"966000","-0.2999954894185066","-0.599995493888855","0.00000451505184173584"
"968000","-0.8999954462051392","-1.1999953985214233","-0.599995493888855"
"970000","0.000004640221732188365","0.000004622340384230483","0.0000046581030801462475"
"972000","-0.2999954894185066","-0.599995493888855","0.00000451505184173584"
"974000","0.000004479289145820076","0.000004479289145820076","0.000004479289145820076"
"976000","0.000004622340156856808","0.000004586577233567368","0.0000046581030801462475"
"978000","0.000004586577460941044","0.000004479289145820076","0.000004693865776062012"
"980000","0.00000451505184173584","0.000004479289145820076","0.000004550814537651604"
"982000","-0.2999954357742354","-0.599995493888855","0.000004622340384230483"
"984000","-0.2999954357742354","-0.599995493888855","0.000004622340384230483"
"986000","-0.2999954357742354","-0.599995493888855","0.000004622340384230483"
"988000","0.0000044614077978621935","0.0000044435264499043114","0.000004479289145820076"
"990000","0.00000451505184173584","0.00000451505184173584","0.00000451505184173584"
"992000","0.000004604458808898926","0.000004550814537651604","0.0000046581030801462475"
"994000","-0.2999955072998546","-0.599995493888855","0.000004479289145820076"
"996000","-0.2999954894185066","-0.599995493888855","0.00000451505184173584"
"998000","0.00000451505184173584","0.0000044435264499043114","0.000004586577233567368"
"1000000","0.0000044792889184464","0.000004407763299241196","0.000004550814537651604"
"1002000","-0.2999954536558107","-0.599995493888855","0.000004586577233567368"
"1004000","0.000004443526222530636","0.000004407763299241196","0.000004479289145820076"
"1006000","0.000004479289145820076","0.0000044435264499043114","0.00000451505184173584"
"1008000","0.000004604458808898926","0.000004479289145820076","0.000004729628471977776"
"1010000","-0.29999549537888015","-0.5999954342842102","0.0000044435264499043114"
"1012000","0.000004550814537651604","0.000004407763299241196","0.000004693865776062012"
"1014000","0.000004479289145820076","0.000004479289145820076","0.000004479289145820076"
"1016000","-0.2999954536558107","-0.599995493888855","0.000004586577233567368"
"1018000","0.000004550814537651604","0.00000451505184173584","0.000004586577233567368"
"1020000","0.0000044792889184464","0.000004407763299241196","0.000004550814537651604"
"1022000","0.000004550814537651604","0.000004407763299241196","0.000004693865776062012"
"1024000","0.000004586577233567368","0.000004586577233567368","0.000004586577233567368"
"1026000","0.000004604458808898926","0.000004586577233567368","0.000004622340384230483"
"1028000","0.000004622340384230483","0.000004622340384230483","0.000004622340384230483"
"1030000","0.000004622340156856808","0.000004550814537651604","0.000004693865776062012"
"1032000","0.000004550814537651604","0.000004550814537651604","0.000004550814537651604"
"1034000","0.000004586577233567368","0.000004586577233567368","0.000004586577233567368"
"1036000","0.000004532933189693722","0.00000451505184173584","0.000004550814537651604"
"1038000","0.000004443526222530636","0.000004372000603325432","0.00000451505184173584"
"1040000","0.000004497170493777958","0.000004479289145820076","0.00000451505184173584"
"1042000","0.0000045508147650252795","0.000004479289145820076","0.000004622340384230483"
"1044000","0.0000046581030801462475","0.000004622340384230483","0.000004693865776062012"
"1046000","0.000004586577460941044","0.000004550814537651604","0.000004622340384230483"
"1048000","0.0000045508147650252795","0.000004479289145820076","0.000004622340384230483"
"1050000","-0.2999954417348363","-0.5999954342842102","0.000004550814537651604"
"1052000","0.000004550814537651604","0.00000451505184173584","0.000004586577233567368"
"1054000","0.000004586577460941044","0.000004550814537651604","0.000004622340384230483"
"1056000","0.000004479289145820076","0.0000044435264499043114","0.00000451505184173584"
"1058000","0.000004622340156856808","0.000004586577233567368","0.0000046581030801462475"
"1060000","-0.8999954894184157","-1.7999954223632812","0.0000044435264499043114"
"1062000","0.00000464022150481469","0.000004550814537651604","0.000004729628471977776"
"1064000","-0.29999539405116593","-0.5999953746795654","0.000004586577233567368"
"1066000","0.000004479289145820076","0.0000044435264499043114","0.00000451505184173584"
"1068000","0.000004586577460941044","0.000004479289145820076","0.000004693865776062012"
"1070000","-0.2999954536558107","-0.599995493888855","0.000004586577233567368"
"1072000","0.000004420056939125061","0.000004396587428345811","0.0000044435264499043114"
"1074000","0.00000451505184173584","0.00000451505184173584","0.00000451505184173584"
"1076000","0.000004497170493777958","0.0000044435264499043114","0.000004550814537651604"
"1078000","0.000004604458808898926","0.000004586577233567368","0.000004622340384230483"
"1080000","-0.2999954894185066","-0.599995493888855","0.00000451505184173584"
"1082000","-0.2999954119325139","-0.5999953746795654","0.000004550814537651604"
"1084000","0.000004532933189693722","0.00000451505184173584","0.000004550814537651604"
"1086000","0.000004568696112983162","0.000004479289145820076","0.0000046581030801462475"
"1088000","0.000004729628471977776","0.000004729628471977776","0.000004729628471977776"
"1090000","0.000004604458808898926","0.000004550814537651604","0.0000046581030801462475"
"1092000","-0.8999954164028168","-1.1999953985214233","-0.5999954342842102"
"1094000","0.000004479289145820076","0.0000044435264499043114","0.00000451505184173584"
"1096000","0.000004568695885609486","0.000004550814537651604","0.000004586577233567368"
"1098000","0.000004586577460941044","0.000004550814537651604","0.000004622340384230483"
"1100000","0.000004586577460941044","0.000004550814537651604","0.000004622340384230483"
"1102000","0.000004586577460941044","0.000004550814537651604","0.000004622340384230483"
"1104000","0.00000451505184173584","0.0000044435264499043114","0.000004586577233567368"
"1106000","0.0000044792889184464","0.000004372000603325432","0.000004586577233567368"
"1108000","0.000004479289145820076","0.000004336237907409668","0.000004622340384230483"
"1110000","0.000004461407570488518","0.000004407763299241196","0.00000451505184173584"
"1112000","0.000004443526222530636","0.000004336237907409668","0.000004550814537651604"
"1114000","0.0000045508147650252795","0.000004479289145820076","0.000004622340384230483"
"1116000","0.00000451505184173584","0.000004479289145820076","0.000004550814537651604"
"1118000","0.000004532933189693722","0.00000451505184173584","0.000004550814537651604"
"1120000","0.000004604458808898926","0.000004586577233567368","0.000004622340384230483"
"1122000","0.000004586577460941044","0.000004550814537651604","0.000004622340384230483"
"1124000","0.0000046581030801462475","0.0000046581030801462475","0.0000046581030801462475"
"1126000","0.000004532933189693722","0.000004479289145820076","0.000004586577233567368"
"1128000","0.000004568695885609486","0.000004550814537651604","0.000004586577233567368"
"1130000","0.000004497170493777958","0.0000044435264499043114","0.000004550814537651604"
"1132000","0.000004497170493777958","0.0000044435264499043114","0.000004550814537651604"
"1134000","0.000004550814537651604","0.00000451505184173584","0.000004586577233567368"
"1136000","0.000004586577460941044","0.000004479289145820076","0.000004693865776062012"
"1138000","0.000004586577460941044","0.000004550814537651604","0.000004622340384230483"
"1140000","0.000004461407570488518","0.000004336237907409668","0.000004586577233567368"
"1142000","0.000004568695885609486","0.000004550814537651604","0.000004586577233567368"
"1144000","-0.29999554306277787","-0.599995493888855","0.000004407763299241196"
"1146000","-0.29999553114180344","-0.5999956130981445","0.000004550814537651604"
"1148000","-0.5999954059720949","-1.1999953985214233","0.000004586577233567368"
"1150000","-0.2999954178928874","-0.599995493888855","0.0000046581030801462475"
"1152000","0.000004479289145820076","0.0000044435264499043114","0.00000451505184173584"
"1154000","0.000004497170266404282","0.000004407763299241196","0.000004586577233567368"
"1156000","0.00000451505184173584","0.000004479289145820076","0.000004550814537651604"
"1158000","0.000004497170493777958","0.000004479289145820076","0.00000451505184173584"
"1160000","0.000004640221732188365","0.000004622340384230483","0.0000046581030801462475"
"1162000","0.000004497170493777958","0.000004479289145820076","0.00000451505184173584"
"1164000","0.000004532933417067397","0.0000044435264499043114","0.000004622340384230483"
"1166000","0.000004497170493777958","0.000004479289145820076","0.00000451505184173584"
"1168000","0.00000451505184173584","0.0000044435264499043114","0.000004586577233567368"
"1170000","0.000004568696112983162","0.000004479289145820076","0.0000046581030801462475"
"1172000","0.000004407763299241196","0.000004407763299241196","0.000004407763299241196"
"1174000","0.000004568696112983162","0.00000451505184173584","0.000004622340384230483"
"1176000","0.000004568695885609486","0.000004550814537651604","0.000004586577233567368"
"1178000","0.000004425644874572754","0.000004407763299241196","0.0000044435264499043114"
"1180000","0.000004479289145820076","0.0000044435264499043114","0.00000451505184173584"
"1182000","0.000004497170493777958","0.000004479289145820076","0.00000451505184173584"
"1184000","0.000004568695885609486","0.000004550814537651604","0.000004586577233567368"
"1186000","-0.29999547153715866","-0.599995493888855","0.000004550814537651604"
"1188000","0.000004461407570488518","0.000004407763299241196","0.00000451505184173584"
"1190000","0.000004622340384230483","0.000004622340384230483","0.000004622340384230483"
"1192000","0.00000451505184173584","0.00000451505184173584","0.00000451505184173584"
"1194000","0.00000467598442810413","0.000004622340384230483","0.000004729628471977776"
"1196000","0.000004532933189693722","0.000004479289145820076","0.000004586577233567368"
"1198000","0.000004479289145820076","0.0000044435264499043114","0.00000451505184173584"
"1200000","-0.29999550133948105","-0.5999955534934998","0.000004550814537651604"
"1202000","0.000004568696112983162","0.00000451505184173584","0.000004622340384230483"
"1204000","0.000004622340156856808","0.000004550814537651604","0.000004693865776062012"
"1206000","0.000004479289145820076","0.000004336237907409668","0.000004622340384230483"
"1208000","0.000004604458808898926","0.000004586577233567368","0.000004622340384230483"
"1210000","0.000004497170493777958","0.000004479289145820076","0.00000451505184173584"
"1212000","0.0000045508147650252795","0.000004479289145820076","0.000004622340384230483"
"1214000","0.000004532933189693722","0.000004479289145820076","0.000004586577233567368"
"1216000","0.000004568696112983162","0.00000451505184173584","0.000004622340384230483"
"1218000","0.000004568695885609486","0.000004550814537651604","0.000004586577233567368"
"1220000","0.000004568695885609486","0.000004550814537651604","0.000004586577233567368"
"1222000","0.000004604458808898926","0.000004586577233567368","0.000004622340384230483"
"1224000","0.00000451505184173584","0.0000044435264499043114","0.000004586577233567368"
"1226000","0.000004550814537651604","0.00000451505184173584","0.000004586577233567368"
"1228000","-0.29999540001153946","-0.599995493888855","0.000004693865776062012"
"1230000","0.000004568696112983162","0.00000451505184173584","0.000004622340384230483"
"1232000","0.000004604458808898926","0.000004479289145820076","0.000004729628471977776"
"1234000","0.000004622340156856808","0.000004550814537651604","0.000004693865776062012"
"1236000","0.000004586577460941044","0.000004550814537651604","0.000004622340384230483"
"1238000","0.000004622340156856808","0.000004550814537651604","0.000004693865776062012"
"1240000","0.000004711747351393569","0.000004622340384230483","0.000004801154318556655"
"1242000","0.000004532933417067397","0.0000044435264499043114","0.000004622340384230483"
"1244000","0.000004497170266404282","0.000004407763299241196","0.000004586577233567368"
"1246000","0.0000046581030801462475","0.00000451505184173584","0.000004801154318556655"
"1248000","0.000004604458808898926","0.000004586577233567368","0.000004622340384230483"
"1250000","0.000004604458808898926","0.00000451505184173584","0.000004693865776062012"
"1252000","0.0000044792889184464","0.000004372000603325432","0.000004586577233567368"
"1254000","0.0000044189393975102575","0.000004300475211493904","0.000004537403583526611"
"1256000","0.000004497170493777958","0.000004479289145820076","0.00000451505184173584"
"1258000","0.000004479289145820076","0.0000044435264499043114","0.00000451505184173584"
"1260000","0.0000045508147650252795","0.000004479289145820076","0.000004622340384230483"
"1262000","0.000004568696112983162","0.000004479289145820076","0.0000046581030801462475"
"1264000","0.000004622340156856808","0.000004550814537651604","0.000004693865776062012"
"1266000","0.00000464022150481469","0.000004586577233567368","0.000004693865776062012"
"1268000","0.00000451505184173584","0.000004479289145820076","0.000004550814537651604"
"1270000","0.000004497170493777958","0.000004372000603325432","0.000004622340384230483"
"1272000","0.000004568695885609486","0.000004550814537651604","0.000004586577233567368"
"1274000","0.000004604458808898926","0.00000451505184173584","0.000004693865776062012"
"1276000","0.000004670396265282761","0.0000045754013626719825","0.00000476539116789354"
"1278000","0.00000451505184173584","0.000004372000603325432","0.0000046581030801462475"
"1280000","0.000004532933189693722","0.00000451505184173584","0.000004550814537651604"
"1282000","0.000004550814537651604","0.00000451505184173584","0.000004586577233567368"
"1284000","-0.29999547153715866","-0.599995493888855","0.000004550814537651604"
"1286000","-0.29999552518120254","-0.599995493888855","0.0000044435264499043114"
"1288000","0.000004550814537651604","0.000004407763299241196","0.000004693865776062012"
"1290000","0.000004568695885609486","0.000004550814537651604","0.000004586577233567368"
"1292000","0.000004479289145820076","0.0000044435264499043114","0.00000451505184173584"
"1294000","0.000004550814537651604","0.00000451505184173584","0.000004586577233567368"
"1296000","0.000004461407570488518","0.000004407763299241196","0.00000451505184173584"
"1298000","0.000004604458808898926","0.000004586577233567368","0.000004622340384230483"
"1300000","-0.2999954894185066","-0.599995493888855","0.00000451505184173584"
"1302000","0.000004550814537651604","0.00000451505184173584","0.000004586577233567368"
"1304000","0.000004497170493777958","0.000004479289145820076","0.00000451505184173584"
"1306000","0.000004622340156856808","0.000004586577233567368","0.0000046581030801462475"
"1308000","0.000004568696112983162","0.00000451505184173584","0.000004622340384230483"
"1310000","0.000004622340156856808","0.000004586577233567368","0.0000046581030801462475"
"1312000","0.000004568696112983162","0.00000451505184173584","0.000004622340384230483"
"1314000","0.0000045508147650252795","0.000004479289145820076","0.000004622340384230483"
"1316000","0.000004622340156856808","0.000004586577233567368","0.0000046581030801462475"
"1318000","0.000004586577460941044","0.000004479289145820076","0.000004693865776062012"
"1320000","0.000004497170493777958","0.0000044435264499043114","0.000004550814537651604"
"1322000","0.000004497170493777958","0.0000044435264499043114","0.000004550814537651604"
"1324000","0.000004568696112983162","0.000004479289145820076","0.0000046581030801462475"
"1326000","0.0000046581030801462475","0.0000046581030801462475","0.0000046581030801462475"
"1328000","0.000004586577460941044","0.000004550814537651604","0.000004622340384230483"
"1330000","0.00000451505184173584","0.000004479289145820076","0.000004550814537651604"
"1332000","0.000004550814537651604","0.00000451505184173584","0.000004586577233567368"
"1334000","0.000004532933417067397","0.0000044435264499043114","0.000004622340384230483"
"1336000","0.00000464022150481469","0.000004586577233567368","0.000004693865776062012"
"1338000","0.000004586577460941044","0.000004550814537651604","0.000004622340384230483"
"1340000","0.000004604458808898926","0.000004550814537651604","0.0000046581030801462475"
"1342000","0.000004586577460941044","0.00000451505184173584","0.0000046581030801462475"
"1344000","0.000004568695885609486","0.000004550814537651604","0.000004586577233567368"
"1346000","0.000004604458808898926","0.000004479289145820076","0.000004729628471977776"
"1348000","0.000004479289145820076","0.0000044435264499043114","0.00000451505184173584"
"1350000","0.000004568696112983162","0.00000451505184173584","0.000004622340384230483"
"1352000","0.000004604458808898926","0.000004550814537651604","0.0000046581030801462475"
"1354000","0.0000044792889184464","0.000004407763299241196","0.000004550814537651604"
"1356000","0.0000045508147650252795","0.0000044435264499043114","0.0000046581030801462475"
"1358000","-0.2999955072998546","-0.599995493888855","0.000004479289145820076"
"1360000","0.000004443526222530636","0.000004336237907409668","0.000004550814537651604"
"1362000","0.000004586577460941044","0.000004550814537651604","0.000004622340384230483"
"1364000","0.000004497170493777958","0.0000044435264499043114","0.000004550814537651604"
"1366000","0.000004461407570488518","0.000004372000603325432","0.000004550814537651604"
"1368000","0.00000451505184173584","0.00000451505184173584","0.00000451505184173584"
"1370000","0.000004586577460941044","0.00000451505184173584","0.0000046581030801462475"
"1372000","0.00000464022150481469","0.000004550814537651604","0.000004729628471977776"
"1374000","0.000004532933189693722","0.00000451505184173584","0.000004550814537651604"
"1376000","0.0000044792889184464","0.000004407763299241196","0.000004550814537651604"
"1378000","0.000004497170493777958","0.000004479289145820076","0.00000451505184173584"
"1380000","0.00000464022150481469","0.000004586577233567368","0.000004693865776062012"
"1382000","0.000004550814537651604","0.00000451505184173584","0.000004586577233567368"
"1384000","0.00000451505184173584","0.000004479289145820076","0.000004550814537651604"
"1386000","0.000004497170266404282","0.000004407763299241196","0.000004586577233567368"
"1388000","0.000004586577460941044","0.00000451505184173584","0.0000046581030801462475"
"1390000","0.0000044614077978621935","0.0000044435264499043114","0.000004479289145820076"
"1392000","0.0000045508147650252795","0.000004479289145820076","0.000004622340384230483"
"1394000","0.000004586577460941044","0.000004550814537651604","0.000004622340384230483"
"1396000","0.00000451505184173584","0.0000044435264499043114","0.000004586577233567368"
"1398000","0.000004479289145820076","0.000004479289145820076","0.000004479289145820076"
"1400000","0.000004550814537651604","0.00000451505184173584","0.000004586577233567368"
"1402000","0.00000451505184173584","0.00000451505184173584","0.00000451505184173584"
"1404000","0.000004586577233567368","0.000004586577233567368","0.000004586577233567368"
"1406000","0.000004425644874572754","0.000004372000603325432","0.000004479289145820076"
"1408000","0.000004497170493777958","0.0000044435264499043114","0.000004550814537651604"
"1410000","0.00000467598442810413","0.000004622340384230483","0.000004729628471977776"
"1412000","0.000004718452828456066","0.000004635751338355476","0.000004801154318556655"
"1414000","0.000004604458808898926","0.000004586577233567368","0.000004622340384230483"
"1416000","0.0000044792889184464","0.000004407763299241196","0.000004550814537651604"
"1418000","0.0000044792889184464","0.000004407763299241196","0.000004550814537651604"
"1420000","0.000004568696112983162","0.00000451505184173584","0.000004622340384230483"
"1422000","0.000004604458808898926","0.00000451505184173584","0.000004693865776062012"
"1424000","0.000004497170493777958","0.000004300475211493904","0.000004693865776062012"
"1426000","0.000004604458808898926","0.000004550814537651604","0.0000046581030801462475"
"1428000","-0.29999540001153946","-0.599995493888855","0.000004693865776062012"
"1430000","0.000004550814537651604","0.00000451505184173584","0.000004586577233567368"
"1432000","0.000004604458808898926","0.000004550814537651604","0.0000046581030801462475"
"1434000","0.000004622340156856808","0.000004479289145820076","0.00000476539116789354"
"1436000","0.00000451505184173584","0.0000044435264499043114","0.000004586577233567368"
"1438000","0.000004604458808898926","0.000004586577233567368","0.000004622340384230483"
"1440000","0.0000045508147650252795","0.000004479289145820076","0.000004622340384230483"
"1442000","0.0000046581030801462475","0.000004622340384230483","0.000004693865776062012"
"1444000","0.0000045508147650252795","0.0000044435264499043114","0.0000046581030801462475"
"1446000","0.000004658102852772572","0.000004586577233567368","0.000004729628471977776"
"1448000","0.000004641339273803169","0.000004622340384230483","0.0000046603381633758545"
"1450000","0.000004497170493777958","0.000004479289145820076","0.00000451505184173584"
"1452000","0.000004568696112983162","0.00000451505184173584","0.000004622340384230483"
"1454000","0.000004568695885609486","0.000004550814537651604","0.000004586577233567368"
"1456000","0.000004443526222530636","0.000004372000603325432","0.00000451505184173584"
"1458000","0.000004497170493777958","0.0000044435264499043114","0.000004550814537651604"
"1460000","0.000004622340156856808","0.00000451505184173584","0.000004729628471977776"
"1462000","0.000004461407570488518","0.000004407763299241196","0.00000451505184173584"
"1464000","0.000004586577460941044","0.00000451505184173584","0.0000046581030801462475"
"1466000","0.000004693865776062012","0.0000046581030801462475","0.000004729628471977776"
"1468000","0.000004568696112983162","0.000004479289145820076","0.0000046581030801462475"
"1470000","-0.2999953523278691","-0.5999954342842102","0.000004729628471977776"
"1472000","0.000004604458808898926","0.000004550814537651604","0.0000046581030801462475"
"1474000","0.00000451505184173584","0.000004479289145820076","0.000004550814537651604"
"1476000","0.00000451505184173584","0.0000044435264499043114","0.000004586577233567368"
"1478000","0.000004425644874572754","0.000004407763299241196","0.0000044435264499043114"
"1480000","0.000004637986421585083","0.0000046178697630239185","0.0000046581030801462475"
"1482000","0.00000464022150481469","0.000004586577233567368","0.000004693865776062012"
"1484000","0.000004550814537651604","0.00000451505184173584","0.000004586577233567368"
"1486000","0.00000464022150481469","0.000004586577233567368","0.000004693865776062012"
"1488000","0.0000044792889184464","0.000004407763299241196","0.000004550814537651604"
"1490000","-0.599995400011494","-1.1999952793121338","0.000004479289145820076"
"1492000","-0.2999953821301915","-0.599995493888855","0.000004729628471977776"
"1494000","0.000004532933417067397","0.0000044435264499043114","0.000004622340384230483"
"1496000","0.000004497170266404282","0.000004407763299241196","0.000004586577233567368"
"1498000","0.000004461407570488518","0.000004407763299241196","0.00000451505184173584"
"1500000","0.000004604458808898926","0.000004586577233567368","0.000004622340384230483"
"1502000","0.000004550814537651604","0.00000451505184173584","0.000004586577233567368"
"1504000","-0.2999953821301915","-0.5999953150749207","0.000004550814537651604"
"1506000","0.000004497170493777958","0.000004479289145820076","0.00000451505184173584"
"1508000","-0.2999954894185066","-0.599995493888855","0.00000451505184173584"
"1510000","0.000004568695885609486","0.000004550814537651604","0.000004586577233567368"
"1512000","0.000004622340156856808","0.00000451505184173584","0.000004729628471977776"
"1514000","0.000004532933189693722","0.00000451505184173584","0.000004550814537651604"
"1516000","0.00000464022150481469","0.000004586577233567368","0.000004693865776062012"
"1518000","0.000004461407570488518","0.000004372000603325432","0.000004550814537651604"
"1520000","0.000004568695885609486","0.000004407763299241196","0.000004729628471977776"
"1522000","0.000004568696112983162","0.00000451505184173584","0.000004622340384230483"
"1524000","0.00000451505184173584","0.00000451505184173584","0.00000451505184173584"
"1526000","0.000004568695885609486","0.000004550814537651604","0.000004586577233567368"
"1528000","0.000004443526222530636","0.000004336237907409668","0.000004550814537651604"
"1530000","0.00000464022150481469","0.000004586577233567368","0.000004693865776062012"
"1532000","0.000004568696112983162","0.000004479289145820076","0.0000046581030801462475"
"1534000","0.00000451505184173584","0.000004372000603325432","0.0000046581030801462475"
"1536000","0.000004479289145820076","0.000004479289145820076","0.000004479289145820076"
"1538000","0.000004550814537651604","0.000004550814537651604","0.000004550814537651604"
"1540000","0.000004526227712631226","0.000004465878191695083","0.000004586577233567368"
"1542000","0.0000045508147650252795","0.000004479289145820076","0.000004622340384230483"
"1544000","0.000004568696112983162","0.000004479289145820076","0.0000046581030801462475"
"1546000","-0.29999538809056503","-0.5999954342842102","0.0000046581030801462475"
"1548000","0.000004497170493777958","0.000004479289145820076","0.00000451505184173584"
"1550000","-0.29999542981386185","-0.5999955534934998","0.000004693865776062012"
"1552000","0.000004568696112983162","0.00000451505184173584","0.000004622340384230483"
"1554000","0.000004544109060589108","0.000004430115041031968","0.0000046581030801462475"
"1556000","0.000004622340384230483","0.000004622340384230483","0.000004622340384230483"
"1558000","0.000004568696112983162","0.000004479289145820076","0.0000046581030801462475"
"1560000","0.000004640221732188365","0.000004622340384230483","0.0000046581030801462475"
"1562000","-0.2999954894185066","-0.599995493888855","0.00000451505184173584"
"1564000","0.000004497170493777958","0.000004479289145820076","0.00000451505184173584"
"1566000","0.000004532933189693722","0.000004479289145820076","0.000004586577233567368"
"1568000","0.000004550814537651604","0.000004407763299241196","0.000004693865776062012"
"1570000","0.000004532933189693722","0.00000451505184173584","0.000004550814537651604"
"1572000","0.000004550814537651604","0.00000451505184173584","0.000004586577233567368"
"1574000","0.000004443526222530636","0.000004372000603325432","0.00000451505184173584"
"1576000","0.000004550814537651604","0.00000451505184173584","0.000004586577233567368"
"1578000","0.00000451505184173584","0.0000044435264499043114","0.000004586577233567368"
"1580000","0.000004640221732188365","0.000004622340384230483","0.0000046581030801462475"
"1582000","0.000004532933417067397","0.0000044435264499043114","0.000004622340384230483"
"1584000","0.00000451505184173584","0.0000044435264499043114","0.000004586577233567368"
"1586000","0.000004407763526614872","0.000004372000603325432","0.0000044435264499043114"
"1588000","0.000004483759539652965","0.000004479289145820076","0.000004488229933485854"
"1590000","0.00000451505184173584","0.000004479289145820076","0.000004550814537651604"
"1592000","0.00000464022150481469","0.000004586577233567368","0.000004693865776062012"
"1594000","-0.29999547153715866","-0.599995493888855","0.000004550814537651604"
"1596000","0.000004586577460941044","0.00000451505184173584","0.0000046581030801462475"
"1598000","0.000004622340384230483","0.0000044435264499043114","0.000004801154318556655"
"1600000","0.00000451505184173584","0.000004479289145820076","0.000004550814537651604"
"1602000","0.000004550814537651604","0.00000451505184173584","0.000004586577233567368"
"1604000","0.000004568696112983162","0.000004479289145820076","0.0000046581030801462475"
"1606000","0.000004425644874572754","0.000004300475211493904","0.000004550814537651604"
"1608000","0.000004622340156856808","0.000004586577233567368","0.0000046581030801462475"
"1610000","0.000004532933189693722","0.00000451505184173584","0.000004550814537651604"
"1612000","0.000004568696112983162","0.00000451505184173584","0.000004622340384230483"
"1614000","0.000004443526222530636","0.000004407763299241196","0.000004479289145820076"
"1616000","-0.29999547153715866","-0.599995493888855","0.000004550814537651604"
"1618000","0.000004604458808898926","0.000004479289145820076","0.000004729628471977776"
"1620000","0.000004497170493777958","0.000004479289145820076","0.00000451505184173584"
"1622000","0.000004586577460941044","0.000004550814537651604","0.000004622340384230483"
"1624000","0.000004532933189693722","0.00000451505184173584","0.000004550814537651604"
"1626000","0.00000451505184173584","0.000004407763299241196","0.000004622340384230483"
"1628000","0.000004622340156856808","0.00000451505184173584","0.000004729628471977776"
"1630000","0.0000044614077978621935","0.0000044435264499043114","0.000004479289145820076"
"1632000","0.000004443526222530636","0.000004300475211493904","0.000004586577233567368"
"1634000","0.000004604458808898926","0.000004550814537651604","0.0000046581030801462475"
"1636000","0.000004550814537651604","0.000004550814537651604","0.000004550814537651604"
"1638000","0.0000044792889184464","0.000004407763299241196","0.000004550814537651604"
"1640000","0.000004622340384230483","0.000004622340384230483","0.000004622340384230483"
"1642000","0.0000044614077978621935","0.0000044435264499043114","0.000004479289145820076"
"1644000","0.000004604458808898926","0.000004586577233567368","0.000004622340384230483"
"1646000","0.00000451505184173584","0.00000451505184173584","0.00000451505184173584"
"1648000","0.000004532933189693722","0.000004479289145820076","0.000004586577233567368"
"1650000","0.000004586577460941044","0.000004550814537651604","0.000004622340384230483"
"1652000","0.000004604458808898926","0.00000451505184173584","0.000004693865776062012"
"1654000","0.00000451505184173584","0.0000044435264499043114","0.000004586577233567368"
"1656000","0.000004586577460941044","0.000004479289145820076","0.000004693865776062012"
"1658000","0.000004568695885609486","0.000004550814537651604","0.000004586577233567368"
"1660000","0.000004568696112983162","0.000004479289145820076","0.0000046581030801462475"
"1662000","0.000004622340156856808","0.00000451505184173584","0.000004729628471977776"
"1664000","0.000004568695885609486","0.000004550814537651604","0.000004586577233567368"
"1666000","0.000004622340156856808","0.000004586577233567368","0.0000046581030801462475"
"1668000","0.000004586577460941044","0.000004550814537651604","0.000004622340384230483"
"1670000","0.00000451505184173584","0.000004479289145820076","0.000004550814537651604"
"1672000","-0.2999954178928874","-0.599995493888855","0.0000046581030801462475"
"1674000","-0.2999955072998546","-0.599995493888855","0.000004479289145820076"
"1676000","0.000004586577460941044","0.0000044435264499043114","0.000004729628471977776"
"1678000","0.00000451505184173584","0.000004372000603325432","0.0000046581030801462475"
"1680000","0.0000045508147650252795","0.0000044435264499043114","0.0000046581030801462475"
"1682000","0.000004604458808898926","0.000004586577233567368","0.000004622340384230483"
"1684000","0.000004622340156856808","0.000004586577233567368","0.0000046581030801462475"
"1686000","-0.29999552518120254","-0.599995493888855","0.0000044435264499043114"
"1688000","0.000004586577460941044","0.000004550814537651604","0.000004622340384230483"
"1690000","0.000004604458808898926","0.00000451505184173584","0.000004693865776062012"
"1692000","0.000004532933189693722","0.000004372000603325432","0.000004693865776062012"
"1694000","0.000004604458808898926","0.00000451505184173584","0.000004693865776062012"
"1696000","0.00000451505184173584","0.00000451505184173584","0.00000451505184173584"
"1698000","0.000004568696112983162","0.00000451505184173584","0.000004622340384230483"
"1700000","0.000004479289145820076","0.000004479289145820076","0.000004479289145820076"
"1702000","0.000004497170493777958","0.000004336237907409668","0.0000046581030801462475"
"1704000","0.000004497170493777958","0.0000044435264499043114","0.000004550814537651604"
"1706000","0.00000451505184173584","0.000004336237907409668","0.000004693865776062012"
"1708000","0.000004586577233567368","0.000004586577233567368","0.000004586577233567368"
"1710000","0.000004407763526614872","0.000004372000603325432","0.0000044435264499043114"
"1712000","0.000004568695885609486","0.000004550814537651604","0.000004586577233567368"
"1714000","0.000004550814537651604","0.00000451505184173584","0.000004586577233567368"
"1716000","0.0000045508147650252795","0.0000044435264499043114","0.0000046581030801462475"
"1718000","0.000004586577460941044","0.00000451505184173584","0.0000046581030801462475"
"1720000","0.000004461407570488518","0.000004407763299241196","0.00000451505184173584"
"1722000","0.0000044792889184464","0.000004372000603325432","0.000004586577233567368"
"1724000","0.000004425644874572754","0.000004336237907409668","0.00000451505184173584"
"1726000","0.000004497170493777958","0.0000044435264499043114","0.000004550814537651604"
"1728000","0.00000451505184173584","0.000004336237907409668","0.000004693865776062012"
"1730000","0.00000467598442810413","0.0000046581030801462475","0.000004693865776062012"
"1732000","0.0000044614077978621935","0.0000044435264499043114","0.000004479289145820076"
"1734000","0.000004532933189693722","0.00000451505184173584","0.000004550814537651604"
"1736000","0.00000451505184173584","0.00000451505184173584","0.00000451505184173584"
"1738000","0.000004640221732188365","0.000004622340384230483","0.0000046581030801462475"
"1740000","0.000004586577460941044","0.00000451505184173584","0.0000046581030801462475"
"1742000","0.000004604458808898926","0.000004586577233567368","0.000004622340384230483"
"1744000","0.000004604458808898926","0.000004586577233567368","0.000004622340384230483"
"1746000","0.00000451505184173584","0.00000451505184173584","0.00000451505184173584"
"1748000","0.000004532933189693722","0.000004479289145820076","0.000004586577233567368"
"1750000","0.000004604458808898926","0.000004586577233567368","0.000004622340384230483"
"1752000","0.000004586577460941044","0.000004550814537651604","0.000004622340384230483"
"1754000","0.000004568696112983162","0.00000451505184173584","0.000004622340384230483"
"1756000","0.000004586577460941044","0.000004550814537651604","0.000004622340384230483"
"1758000","0.000004497170266404282","0.000004407763299241196","0.000004586577233567368"
"1760000","0.000004461407570488518","0.000004372000603325432","0.000004550814537651604"
"1762000","0.000004640221732188365","0.000004622340384230483","0.0000046581030801462475"
"1764000","0.000004586577460941044","0.0000044435264499043114","0.000004729628471977776"
"1766000","0.000004640221732188365","0.000004622340384230483","0.0000046581030801462475"
"1768000","0.000004425644874572754","0.000004407763299241196","0.0000044435264499043114"
"1770000","-0.2999955549835249","-0.5999955534934998","0.0000044435264499043114"
"1772000","-0.2999954894185066","-0.599995493888855","0.00000451505184173584"
"1774000","0.000004497170493777958","0.0000044435264499043114","0.000004550814537651604"
"1776000","0.000004425644874572754","0.000004407763299241196","0.0000044435264499043114"
"1778000","0.000004622340156856808","0.000004550814537651604","0.000004693865776062012"
"1780000","0.000004693865776062012","0.000004693865776062012","0.000004693865776062012"
"1782000","0.000004497170493777958","0.000004479289145820076","0.00000451505184173584"
"1784000","0.000004568695885609486","0.000004550814537651604","0.000004586577233567368"
"1786000","0.00000467598442810413","0.000004622340384230483","0.000004729628471977776"
"1788000","-0.29999552518120254","-0.599995493888855","0.0000044435264499043114"
"1790000","0.000004532933189693722","0.00000451505184173584","0.000004550814537651604"
"1792000","0.000004622340156856808","0.000004586577233567368","0.0000046581030801462475"
"1794000","0.000004640221732188365","0.000004622340384230483","0.0000046581030801462475"
"1796000","0.000004604458808898926","0.000004586577233567368","0.000004622340384230483"
"1798000","0.0000044792889184464","0.000004372000603325432","0.000004586577233567368"
"1800000","0.000004550814537651604","0.000004550814537651604","0.000004550814537651604"
"1802000","0.000004550814537651604","0.00000451505184173584","0.000004586577233567368"
"1804000","0.000004693865776062012","0.0000046581030801462475","0.000004729628471977776"
"1806000","0.000004479289145820076","0.000004479289145820076","0.000004479289145820076"
"1808000","0.0000044792889184464","0.000004372000603325432","0.000004586577233567368"
"1810000","0.000004497170493777958","0.000004336237907409668","0.0000046581030801462475"
"1812000","0.00000451505184173584","0.0000044435264499043114","0.000004586577233567368"
"1814000","0.000004622340384230483","0.000004622340384230483","0.000004622340384230483"
"1816000","0.00000451505184173584","0.000004479289145820076","0.000004550814537651604"
"1818000","0.0000044614077978621935","0.0000044435264499043114","0.000004479289145820076"
"1820000","0.000004586577460941044","0.000004550814537651604","0.000004622340384230483"
"1822000","0.000004546344143818715","0.000004541873749985825","0.000004550814537651604"
"1824000","0.000004532933189693722","0.000004479289145820076","0.000004586577233567368"
"1826000","0.000004604458808898926","0.00000451505184173584","0.000004693865776062012"
"1828000","0.000004658102852772572","0.000004550814537651604","0.00000476539116789354"
"1830000","0.000004497170493777958","0.000004336237907409668","0.0000046581030801462475"
"1832000","0.000004586577460941044","0.000004550814537651604","0.000004622340384230483"
"1834000","0.00000451505184173584","0.000004479289145820076","0.000004550814537651604"
"1836000","0.000004568696112983162","0.000004479289145820076","0.0000046581030801462475"
"1838000","0.00000451505184173584","0.000004407763299241196","0.000004622340384230483"
"1840000","0.000004568696112983162","0.00000451505184173584","0.000004622340384230483"
"1842000","0.000004497170493777958","0.0000044435264499043114","0.000004550814537651604"
"1844000","0.000004568696112983162","0.000004479289145820076","0.0000046581030801462475"
"1846000","0.00000451505184173584","0.000004479289145820076","0.000004550814537651604"
"1848000","-0.2999954536558107","-0.599995493888855","0.000004586577233567368"
"1850000","0.0000045508147650252795","0.0000044435264499043114","0.0000046581030801462475"
"1852000","0.0000044792889184464","0.000004372000603325432","0.000004586577233567368"
"1854000","0.000004622340156856808","0.00000451505184173584","0.000004729628471977776"
"1856000","-0.5999953106045268","-1.1999952793121338","0.0000046581030801462475"
"1858000","0.000004568696112983162","0.00000451505184173584","0.000004622340384230483"
"1860000","0.00000451505184173584","0.000004479289145820076","0.000004550814537651604"
"1862000","0.000004604458808898926","0.00000451505184173584","0.000004693865776062012"
"1864000","0.000004479289145820076","0.000004336237907409668","0.000004622340384230483"
"1866000","0.0000045508147650252795","0.000004479289145820076","0.000004622340384230483"
"1868000","0.000004568696112983162","0.00000451505184173584","0.000004622340384230483"
"1870000","0.000004550814537651604","0.000004550814537651604","0.000004550814537651604"
"1872000","0.000004604458808898926","0.00000451505184173584","0.000004693865776062012"
"1874000","0.000004497170493777958","0.0000044435264499043114","0.000004550814537651604"
"1876000","0.000004586577460941044","0.000004550814537651604","0.000004622340384230483"
"1878000","0.000004481524229049683","0.000004407763299241196","0.000004555285158858169"
"1880000","0.000004604458808898926","0.000004550814537651604","0.0000046581030801462475"
"1882000","0.000004497170493777958","0.000004372000603325432","0.000004622340384230483"
"1884000","0.000004550814537651604","0.00000451505184173584","0.000004586577233567368"
"1886000","0.00000451505184173584","0.000004407763299241196","0.000004622340384230483"
"1888000","0.00000451505184173584","0.0000044435264499043114","0.000004586577233567368"
"1890000","0.00000438988217865699","0.000004336237907409668","0.0000044435264499043114"
"1892000","0.000004550814537651604","0.00000451505184173584","0.000004586577233567368"
"1894000","0.000004604458808898926","0.00000451505184173584","0.000004693865776062012"
"1896000","0.000004532933417067397","0.0000044435264499043114","0.000004622340384230483"
"1898000","0.00000451505184173584","0.0000044435264499043114","0.000004586577233567368"
"1900000","0.000004604458808898926","0.000004479289145820076","0.000004729628471977776"
"1902000","0.000004568696112983162","0.000004479289145820076","0.0000046581030801462475"
"1904000","0.00000451505184173584","0.00000451505184173584","0.00000451505184173584"
"1906000","0.000004586577460941044","0.00000451505184173584","0.0000046581030801462475"
"1908000","0.000004604458808898926","0.00000451505184173584","0.000004693865776062012"
"1910000","0.000004497170493777958","0.0000044435264499043114","0.000004550814537651604"
"1912000","0.000004622340156856808","0.000004586577233567368","0.0000046581030801462475"
"1914000","0.000004532933189693722","0.000004479289145820076","0.000004586577233567368"
"1916000","0.000004568696112983162","0.000004479289145820076","0.0000046581030801462475"
"1918000","0.00000451505184173584","0.000004479289145820076","0.000004550814537651604"
"1920000","0.0000045508147650252795","0.000004479289145820076","0.000004622340384230483"
"1922000","0.000004586577460941044","0.000004550814537651604","0.000004622340384230483"
"1924000","0.0000044614077978621935","0.0000044435264499043114","0.000004479289145820076"
"1926000","-0.29999563246974503","-0.5999956727027893","0.000004407763299241196"
"1928000","0.000004568695885609486","0.000004550814537651604","0.000004586577233567368"
"1930000","0.00000464022150481469","0.000004586577233567368","0.000004693865776062012"
"1932000","0.000004586577460941044","0.000004479289145820076","0.000004693865776062012"
"1934000","0.00000464022150481469","0.000004586577233567368","0.000004693865776062012"
"1936000","0.000004532933189693722","0.00000451505184173584","0.000004550814537651604"
"1938000","0.0000046581030801462475","0.000004622340384230483","0.000004693865776062012"
"1940000","0.000004425644874572754","0.000004372000603325432","0.000004479289145820076"
"1942000","0.000004604458808898926","0.000004586577233567368","0.000004622340384230483"
"1944000","0.000004497170493777958","0.000004479289145820076","0.00000451505184173584"
"1946000","0.000004425644874572754","0.000004372000603325432","0.000004479289145820076"
"1948000","0.00000451505184173584","0.000004479289145820076","0.000004550814537651604"
"1950000","0.000004622340384230483","0.000004622340384230483","0.000004622340384230483"
"1952000","0.000004479289145820076","0.0000044435264499043114","0.00000451505184173584"
"1954000","0.000004604458808898926","0.00000451505184173584","0.000004693865776062012"
"1956000","-0.2999955490231514","-0.5999956130981445","0.00000451505184173584"
"1958000","0.000004497170493777958","0.0000044435264499043114","0.000004550814537651604"
"1960000","0.000004532933189693722","0.00000451505184173584","0.000004550814537651604"
"1962000","0.000004479289145820076","0.000004479289145820076","0.000004479289145820076"
"1964000","0.000004550814537651604","0.00000451505184173584","0.000004586577233567368"
"1966000","0.000004532933189693722","0.000004479289145820076","0.000004586577233567368"
"1968000","0.000004532933417067397","0.0000044435264499043114","0.000004622340384230483"
"1970000","0.000004336237907409668","0.000004336237907409668","0.000004336237907409668"
"1972000","0.000004604458808898926","0.000004586577233567368","0.000004622340384230483"
"1974000","-0.2999954238534883","-0.5999954342842102","0.000004586577233567368"
"1976000","-0.29999537020921707","-0.5999954342842102","0.000004693865776062012"
"1978000","0.000004622340156856808","0.000004550814537651604","0.000004693865776062012"
"1980000","0.000004443526222530636","0.000004372000603325432","0.00000451505184173584"
"1982000","0.000004622340156856808","0.000004550814537651604","0.000004693865776062012"
"1984000","0.00000451505184173584","0.0000044435264499043114","0.000004586577233567368"
"1986000","0.00000467598442810413","0.0000046581030801462475","0.000004693865776062012"
"1988000","0.000004586577460941044","0.000004550814537651604","0.000004622340384230483"
"1990000","0.00000451505184173584","0.000004479289145820076","0.000004550814537651604"
"1992000","0.000004568696112983162","0.000004479289145820076","0.0000046581030801462475"
"1994000","0.00000451505184173584","0.000004479289145820076","0.000004550814537651604"
"1996000","0.000004532933189693722","0.00000451505184173584","0.000004550814537651604"
"1998000","0.00000451505184173584","0.00000451505184173584","0.00000451505184173584"
"2000000","0.000004586577460941044","0.00000451505184173584","0.0000046581030801462475"