"Step","Grouped runs - collection/reward/mean_total_return_100","Grouped runs - collection/reward/mean_total_return_100__MIN","Grouped runs - collection/reward/mean_total_return_100__MAX"
"2000","-0.8999956846237183","-1.199995756149292","-0.5999956130981445"
"4000","-1.2767548710107803","-1.7871814966201782","-0.7663282454013824"
"6000","-1.8238641781111558","-3.1487185955047607","-0.49900976071755093"
"8000","-1.9911634596064687","-2.628748297691345","-1.3535786215215921"
"10000","-1.9671121694147589","-2.5327925205230715","-1.401431818306446"
"12000","-2.146467216933767","-2.51574969291687","-1.7771847409506638"
"14000","-2.2264868090195313","-2.3224525111062184","-2.1305211069328442"
"16000","-2.1613162071444094","-2.266447424888611","-2.056184989400208"
"18000","-1.953356106248167","-2.074861725171407","-1.8318504873249266"
"20000","-2.1957047693431377","-2.398489844799042","-1.9929196938872338"
"22000","-2.1534083262085915","-2.335344672203064","-1.971471980214119"
"24000","-2.1770924075196185","-2.3900695542494454","-1.9641152607897918"
"26000","-2.1412045961389174","-2.2388961704877706","-2.0435130217900643"
"28000","-2.2188487824584753","-2.235265407179083","-2.202432157737868"
"30000","-2.2290913785497346","-2.283705519636472","-2.1744772374629973"
"32000","-2.1820021239109337","-2.2496079048141837","-2.1143963430076838"
"34000","-2.1232557862120514","-2.1871879162157284","-2.0593236562083748"
"36000","-2.026809435389522","-2.108595516118738","-1.9450233546603057"
"38000","-2.0171693983536803","-2.06589585150543","-1.9684429452019303"
"40000","-1.9742155874613672","-1.988320151064545","-1.9601110238581896"
"42000","-1.9817716640287213","-2.097699247744112","-1.8658440803133307"
"44000","-1.904875640953171","-2.028585802509703","-1.7811654793966392"
"46000","-1.9041390413590504","-2.0503045787791843","-1.7579735039389166"
"48000","-1.9880310738856983","-2.1666540504277996","-1.8094080973435969"
"50000","-2.0058710880065336","-2.153835797384381","-1.857906378628686"
"52000","-2.063822752675221","-2.2261040257290006","-1.9015414796214407"
"54000","-2.0541126679292776","-2.16456615490218","-1.9436591809563752"
"56000","-2.0462420322874095","-2.1307834387490794","-1.96170062582574"
"58000","-2.128959408692277","-2.2229094012672532","-2.0350094161173007"
"60000","-2.1388763443450447","-2.2492866993571323","-2.0284659893329566"
"62000","-2.156732158874342","-2.3132304222953897","-2.000233895453294"
"64000","-2.1432722281497263","-2.257308557687793","-2.0292358986116596"
"66000","-2.1417216492259423","-2.2241313819293724","-2.059311916522512"
"68000","-2.1207751961157877","-2.2116188056876553","-2.02993158654392"
"70000","-2.1022250078252647","-2.2176855666829005","-1.9867644489676293"
"72000","-2.1021615677260947","-2.256588210713946","-1.9477349247382436"
"74000","-2.0530790655426934","-2.1958333617579697","-1.910324769327417"
"76000","-2.045988710404153","-2.1679058805549225","-1.924071540253384"
"78000","-2.0381483069818036","-2.142648795595727","-1.9336478183678805"
"80000","-2.069665594495018","-2.1194550642045216","-2.0198761247855144"
"82000","-2.0750432480609318","-2.139077216500371","-2.0110092796214922"
"84000","-2.040116312251138","-2.1159360871118094","-1.9642965373904666"
"86000","-2.013479521110935","-2.0957999514675762","-1.9311590907542944"
"88000","-2.001603403554658","-2.0609966375314714","-1.9422101695778442"
"90000","-1.9690304256173679","-2.0259082093213996","-1.9121526419133361"
"92000","-1.952519505246765","-2.0082368320461526","-1.8968021784473776"
"94000","-1.9550734000661945","-2.003658775418521","-1.9064880247138678"
"96000","-1.9455901362647032","-1.9977874570564988","-1.8933928154729074"
"98000","-1.948909751921227","-1.9680593306654874","-1.9297601731769665"
"100000","-1.9814264294528403","-2.011482596490532","-1.9513702624151483"
"102000","-1.9850564713010053","-2.031319679089767","-1.9387932635122436"
"104000","-1.9804869583615354","-2.002271089505834","-1.9587028272172364"
"106000","-1.9649988774864777","-2.009813067011254","-1.9201846879617013"
"108000","-1.9511373708805033","-1.972306756319961","-1.9299679854410459"
"110000","-1.9427022798346694","-1.9494740608613939","-1.935930498807945"
"112000","-1.9354922840492301","-1.9475761793562145","-1.9234083887422457"
"114000","-1.9491499343319192","-1.9774590974322341","-1.9208407712316042"
"116000","-1.9468527040464387","-1.964809250524107","-1.9288961575687702"
"118000","-1.9536745856235878","-2.0014245038323293","-1.905924667414846"
"120000","-1.9404370044532697","-1.9773371649789624","-1.903536843927577"
"122000","-1.9660494830631117","-1.982492672909265","-1.9496062932169584"
"124000","-1.9717710272788311","-1.9769197968435623","-1.9666222577140997"
"126000","-1.9442659751161018","-1.9544386046953381","-1.9340933455368652"
"128000","-1.9416856889019982","-1.9696584322227864","-1.91371294558121"
"130000","-1.9252579448189442","-1.9575221095377435","-1.892993780100145"
"132000","-1.9100841232875334","-1.9289817529391835","-1.891186493635883"
"134000","-1.899283782191533","-1.9093283939022403","-1.8892391704808253"
"136000","-1.9070564064570457","-1.9162165425471305","-1.8978962703669608"
"138000","-1.9326543301441774","-1.941516559884843","-1.923792100403512"
"140000","-1.930506341254139","-1.931393737282737","-1.929618945225541"
"142000","-1.9336685012439003","-1.9454767678169087","-1.921860234670892"
"144000","-1.952221294543253","-1.976674087280925","-1.9277685018055815"
"146000","-1.9471163385219183","-1.9670317735752627","-1.927200903468574"
"148000","-1.956961923645419","-1.9580243840417195","-1.9558994632491187"
"150000","-1.9413636381318793","-1.9467125652637334","-1.9360147110000252"
"152000","-1.943453124762623","-1.9686441561115269","-1.9182620934137191"
"154000","-1.9252523466742102","-1.9582481212436234","-1.892256572104797"
"156000","-1.9281502286202084","-1.964945195424848","-1.8913552618155687"
"158000","-1.9182016272702007","-1.9613882196106347","-1.8750150349297667"
"160000","-1.9125100035584182","-1.9663678048556903","-1.8586522022611462"
"162000","-1.922181842171725","-1.9936882241278382","-1.850675460215612"
"164000","-1.9195465783875367","-1.9977100039406384","-1.841383152834435"
"166000","-1.9254134681920174","-2.017661367411198","-1.8331655689728368"
"168000","-1.9236098425365828","-2.0140909778225855","-1.8331287072505802"
"170000","-1.9326224211726668","-2.0393278877880863","-1.8259169545572471"
"172000","-1.9172464124926063","-2.015604854304192","-1.8188879706810206"
"174000","-1.898612395762573","-1.9992168367406804","-1.7980079547844656"
"176000","-1.9006324552452","-1.9971032907831778","-1.8041616197072223"
"178000","-1.9226554410958538","-2.034380672334725","-1.8109302098569826"
"180000","-1.9115390535638046","-2.025671527764967","-1.7974065793626424"
"182000","-1.9135849887267227","-2.002851053686035","-1.8243189237674104"
"184000","-1.9158278877388826","-2.01530185190242","-1.8163539235753452"
"186000","-1.9210339661635039","-2.0254784346012378","-1.8165894977257697"
"188000","-1.917087239667803","-2.023756621784451","-1.8104178575511547"
"190000","-1.9155002680643904","-2.0213446753026036","-1.809655860826177"
"192000","-1.9142386539594252","-2.018970080750781","-1.8095072271680692"
"194000","-1.9005007478444522","-2.0046216898727396","-1.7963798058161646"
"196000","-1.8872105194034758","-1.9838708993451366","-1.790550139461815"
"198000","-1.892077523113153","-1.9819546903347163","-1.8022003558915898"
"200000","-1.903596048419131","-1.998267605456058","-1.808924491382204"
"202000","-1.9095946923748124","-1.992300875976216","-1.8268885087734088"
"204000","-1.9291754938021768","-2.0132601835276","-1.8450908040767535"
"206000","-1.927546694773482","-2.057202766954433","-1.797890622592531"
"208000","-1.9203659364313355","-2.0541708455677146","-1.7865610272949561"
"210000","-1.9194864579767454","-2.061994426071178","-1.7769784898823127"
"212000","-1.9278401598066557","-2.0736191652412526","-1.7820611543720588"
"214000","-1.9162205195904245","-2.031806495755445","-1.8006345434254036"
"216000","-1.9201999199867714","-2.0464338546688667","-1.793965985304676"
"218000","-1.9532112330303062","-2.0760785584594124","-1.8303439076012"
"220000","-1.9358496233925688","-2.0470946895028463","-1.8246045572822913"
"222000","-1.9514297202334272","-2.065593421354424","-1.8372660191124306"
"224000","-1.9569397732720244","-2.0883936785603874","-1.8254858679836616"
"226000","-1.9551785273954738","-2.0649591528321616","-1.845397901958786"
"228000","-1.9501434446976054","-2.065897034301888","-1.8343898550933226"
"230000","-1.9292765973543284","-2.0363445185427556","-1.822208676165901"
"232000","-1.9377194987272377","-2.0479044078593143","-1.8275345895951614"
"234000","-1.952694927904522","-2.0533774768118747","-1.8520123789971694"
"236000","-1.9640305653156247","-2.057967706799973","-1.8700934238312765"
"238000","-1.9570606940926518","-2.050353718281258","-1.8637676699040457"
"240000","-1.9630873278097716","-2.080720237449277","-1.845454418170266"
"242000","-1.963181342309108","-2.0938943184842356","-1.8324683661339805"
"244000","-1.9780182913481257","-2.123957442641258","-1.8320791400549934"
"246000","-1.9684875188372097","-2.1295935708284377","-1.8073814668459818"
"248000","-1.9506538854143582","-2.123827100396156","-1.77748067043256"
"250000","-1.9505413439334371","-2.1419371300935746","-1.7591455577732995"
"252000","-1.9363866301835513","-2.148011823296547","-1.724761437070556"
"254000","-1.9361540683568457","-2.1349107617139818","-1.7373973749997094"
"256000","-1.9327131577790715","-2.1229493552446366","-1.7424769603135064"
"258000","-1.9268316646874883","-2.117600825428963","-1.7360625039460138"
"260000","-1.9080818238318897","-2.1043345481157303","-1.7118290995480492"
"262000","-1.898771335131023","-2.1165892404317854","-1.6809534298302606"
"264000","-1.9080675634206274","-2.092638881802559","-1.7234962450386957"
"266000","-1.923409202939365","-2.1045678240060806","-1.7422505818726495"
"268000","-1.9417785968841055","-2.1242237454652786","-1.7593334483029321"
"270000","-1.9543427246273497","-2.1374626767635347","-1.7712227724911644"
"272000","-1.9544284292520024","-2.1387809890508653","-1.7700758694531395"
"274000","-1.983958059034776","-2.1677242094278335","-1.8001919086417184"
"276000","-1.9870410538534633","-2.173120201230049","-1.8009619064768776"
"278000","-1.996618564806413","-2.168557499051094","-1.8246796305617317"
"280000","-1.9903386456589214","-2.144186308979988","-1.8364909823378548"
"282000","-1.9825306790857575","-2.158004581332207","-1.8070567768393084"
"284000","-2.006721497492399","-2.188053772523999","-1.8253892224607988"
"286000","-2.0187910360260863","-2.2009534353762863","-1.8366286366758868"
"288000","-2.027410348074045","-2.2179678577929733","-1.8368528383551166"
"290000","-2.046253618763294","-2.230800102427602","-1.8617071350989862"
"292000","-2.045627329663839","-2.223723721280694","-1.8675309380469844"
"294000","-2.0461249374295587","-2.200379778277129","-1.8918700965819881"
"296000","-2.0459891544724815","-2.2051579464785753","-1.8868203624663875"
"298000","-2.049126622870099","-2.1866627539508046","-1.911590491789393"
"300000","-2.0433694054628724","-2.1866810549609363","-1.9000577559648082"
"302000","-2.039531443908345","-2.1971267343871297","-1.8819361534295604"
"304000","-2.0368542193318717","-2.1791955853812395","-1.8945128532825037"
"306000","-2.0281818203884177","-2.1859595986269413","-1.870404042149894"
"308000","-2.03369328598259","-2.1789808495901526","-1.888405722375028"
"310000","-2.0479715535021388","-2.166624056901783","-1.9293190501024946"
"312000","-2.0743452993012035","-2.1950324829481542","-1.9536581156542525"
"314000","-2.0618110394454563","-2.1819716986082494","-1.9416503802826628"
"316000","-2.0522086422122086","-2.1870157488249244","-1.9174015355994924"
"318000","-2.0498486994183622","-2.163397312965244","-1.9363000858714805"
"320000","-2.0770282857096753","-2.193831686582416","-1.9602248848369346"
"322000","-2.080480952707585","-2.200470945443958","-1.960490959971212"
"324000","-2.060270861275494","-2.1965215559862554","-1.9240201665647327"
"326000","-2.096981694735587","-2.2454107057116928","-1.9485526837594807"
"328000","-2.118676622547209","-2.2759029625914993","-1.9614502825029194"
"330000","-2.1274694953858853","-2.2694459171406924","-1.985493073631078"
"332000","-2.1303676081751473","-2.275916380416602","-1.9848188359336927"
"334000","-2.148557735190261","-2.2818112952820955","-2.015304175098427"
"336000","-2.133343050444964","-2.256893867701292","-2.0097922331886364"
"338000","-2.099478568548802","-2.20727571323514","-1.9916814238624647"
"340000","-2.0899988163658416","-2.200377470999956","-1.9796201617317275"
"342000","-2.082844208444003","-2.2116934092342855","-1.9539950076537207"
"344000","-2.0675468444474974","-2.1992964489758013","-1.9357972399191932"
"346000","-2.0604964193352497","-2.1923054094612597","-1.9286874292092397"
"348000","-2.0430039751180447","-2.1621477396786215","-1.9238602105574683"
"350000","-2.0438270440348423","-2.1629776103794573","-1.9246764776902274"
"352000","-2.046764404142741","-2.1628260381519793","-1.9307027701335029"
"354000","-2.062277632805053","-2.157131450921297","-1.9674238146888092"
"356000","-2.052229961252306","-2.155189598351717","-1.9492703241528944"
"358000","-2.0559281164989804","-2.168928014785051","-1.94292821821291"
"360000","-2.064907747565303","-2.168746249228716","-1.9610692459018901"
"362000","-2.061566268859897","-2.1326947505772114","-1.9904377871425822"
"364000","-2.065650826154742","-2.1338026078045367","-1.9974990445049479"
"366000","-2.0712291753874164","-2.138740247040987","-2.003718103733845"
"368000","-2.0919847006187773","-2.1452831228077414","-2.0386862784298136"
"370000","-2.0866519895778035","-2.1407097347080706","-2.032594244447537"
"372000","-2.0925658455933442","-2.164624300049618","-2.020507391137071"
"374000","-2.0915979182114826","-2.163107977854088","-2.020087858568877"
"376000","-2.091316876350902","-2.162207067953423","-2.020426684748381"
"378000","-2.076476947008632","-2.126919327722862","-2.0260345662944017"
"380000","-2.0759239202132447","-2.12013251577504","-2.03171532465145"
"382000","-2.0727404395071787","-2.1448410641495137","-2.000639814864844"
"384000","-2.0697585752932355","-2.119800759488717","-2.019716391097754"
"386000","-2.0693398458091545","-2.0960827439371497","-2.042596947681159"
"388000","-2.074941194287967","-2.0775188276497647","-2.0723635609261692"
"390000","-2.065654650859069","-2.0707790825096892","-2.060530219208449"
"392000","-2.0599490117351524","-2.0652858016220854","-2.0546122218482195"
"394000","-2.086821584037971","-2.0883401498524474","-2.0853030182234944"
"396000","-2.1079017821489834","-2.112485353327356","-2.1033182109706106"
"398000","-2.1112657586275603","-2.130444651222788","-2.092086866032332"
"400000","-2.102046501988079","-2.106730938530527","-2.0973620654456315"
"402000","-2.107589630219154","-2.1420038484875112","-2.073175411950797"
"404000","-2.0929045883147044","-2.1244557952228935","-2.0613533814065157"
"406000","-2.0983817687956616","-2.111085724765435","-2.0856778128258884"
"408000","-2.10176883156877","-2.111020831996575","-2.092516831140965"
"410000","-2.116869777399115","-2.123024394446984","-2.1107151603512464"
"412000","-2.1014551102695984","-2.1049956321530043","-2.097914588386193"
"414000","-2.121721170130186","-2.156909221792594","-2.086533118467778"
"416000","-2.1248717396287247","-2.1699644176010042","-2.079779061656445"
"418000","-2.112405972960405","-2.174321221495047","-2.050490724425763"
"420000","-2.1219362475303933","-2.210810602689162","-2.0330618923716246"
"422000","-2.116079958262853","-2.2168721924070267","-2.01528772411868"
"424000","-2.1069896002439785","-2.199035094762221","-2.0149441057257356"
"426000","-2.1066483778692784","-2.2225642321351917","-1.9907325236033648"
"428000","-2.103121202085167","-2.185804178500548","-2.0204382256697864"
"430000","-2.1332692633080295","-2.215533245601691","-2.0510052810143677"
"432000","-2.121771434347611","-2.1992945239925756","-2.044248344702646"
"434000","-2.125278161566239","-2.21247070054058","-2.0380856225918977"
"436000","-2.1314584151911546","-2.2129312966251744","-2.0499855337571353"
"438000","-2.1354631957667882","-2.207975787767209","-2.062950603766367"
"440000","-2.1204896682384424","-2.183836167105474","-2.057143169371411"
"442000","-2.123405368912499","-2.1950006511295213","-2.051810086695477"
"444000","-2.126788831341546","-2.195221543558873","-2.058356119124219"
"446000","-2.1168882933794517","-2.1758532094443215","-2.0579233773145824"
"448000","-2.119710543507244","-2.1826988005125894","-2.0567222865018993"
"450000","-2.113274843909312","-2.1640354966605084","-2.0625141911581157"
"452000","-2.1102251606364737","-2.1337099950993434","-2.0867403261736035"
"454000","-2.0983097823639403","-2.122059859582223","-2.0745597051456572"
"456000","-2.094612657048274","-2.1204293029988186","-2.0687960110977293"
"458000","-2.088864556767512","-2.108695751973428","-2.0690333615615963"
"460000","-2.1016829004068858","-2.1157551055634394","-2.087610695250332"
"462000","-2.092638887048233","-2.0936879264190793","-2.0915898476773873"
"464000","-2.077755806029309","-2.0917081420356407","-2.0638034700229766"
"466000","-2.047482499156613","-2.049280963600613","-2.045684034712613"
"468000","-2.0326818915945477","-2.0489005381474272","-2.0164632450416686"
"470000","-2.012134571049828","-2.037809519828297","-1.9864596222713589"
"472000","-2.0122076910478066","-2.054581447900273","-1.9698339341953397"
"474000","-1.9890763404709286","-2.026390587748028","-1.951762093193829"
"476000","-1.995094243560452","-2.026045016706921","-1.9641434704139829"
"478000","-2.003490742717404","-2.048694943846203","-1.9582865415886044"
"480000","-2.0070123347383926","-2.0318332797894256","-1.9821913896873593"
"482000","-2.007184869425837","-2.0189013773808258","-1.9954683614708484"
"484000","-2.0002516905241645","-2.0064396692253648","-1.9940637118229643"
"486000","-2.003213599699084","-2.0123865176178515","-1.994040681780316"
"488000","-2.004057881908957","-2.0251789362169803","-1.9829368276009336"
"490000","-2.015461257772986","-2.0375927979685367","-1.9933297175774352"
"492000","-2.0192776393168606","-2.0381716973520816","-2.0003835812816395"
"494000","-2.0312498847139064","-2.0324078805185852","-2.030091888909228"
"496000","-2.0193626611609945","-2.0263772661425175","-2.012348056179471"
"498000","-2.0131535904784688","-2.0202236230112613","-2.006083557945676"
"500000","-2.010456522025634","-2.012236497742124","-2.008676546309143"
"502000","-2.0172092860122213","-2.0331254012323914","-2.0012931707920507"
"504000","-2.0322189634223466","-2.057194013092667","-2.007243913752027"
"506000","-2.0537301414948885","-2.087781088557094","-2.0196791944326833"
"508000","-2.0565548944217156","-2.0939679267071187","-2.019141862136312"
"510000","-2.030296862677205","-2.059297443833202","-2.0012962815212085"
"512000","-2.021172409609426","-2.0466582693718376","-1.9956865498470142"
"514000","-2.0179471894656307","-2.046057145204395","-1.9898372337268666"
"516000","-2.0302488989685665","-2.0521047394536436","-2.008393058483489"
"518000","-2.032939666018356","-2.0512535827420653","-2.014625749294646"
"520000","-2.008966175422538","-2.0214450400136412","-1.996487310831435"
"522000","-2.002892928228248","-2.0035952060483395","-2.0021906504081564"
"524000","-2.0206330139096824","-2.021220502085052","-2.0200455257343126"
"526000","-1.9964042795356365","-2.0080564097827303","-1.9847521492885425"
"528000","-1.9750202871020883","-1.9841619066661225","-1.9658786675380542"
"530000","-1.9573088697361527","-1.9663165196450427","-1.9483012198272627"
"532000","-1.9537485254270721","-1.9537821945222094","-1.953714856331935"
"534000","-1.9416835928423097","-1.9544715842278675","-1.928895601456752"
"536000","-1.950884255952551","-1.9728380202734843","-1.9289304916316177"
"538000","-1.9538565974490485","-1.9730606323340907","-1.934652562564006"
"540000","-1.9662971926055617","-2.009152898178436","-1.9234414870326872"
"542000","-1.9608855046652025","-1.9917077904799954","-1.9300632188504097"
"544000","-1.9497153803653782","-1.992486408338882","-1.9069443523918743"
"546000","-1.9440186408295994","-1.9809020948642866","-1.9071351867949125"
"548000","-1.9496520841255551","-1.980916874432005","-1.9183872938191053"
"550000","-1.9591195899382001","-1.9933494329685346","-1.9248897469078656"
"552000","-1.9593600446119672","-1.9818587398761884","-1.936861349347746"
"554000","-1.962654061926878","-1.9937590837711467","-1.9315490400826092"
"556000","-1.9781014934874839","-1.9890201699966565","-1.9671828169783112"
"558000","-1.9989264617435403","-2.009377039264655","-1.9884758842224255"
"560000","-1.9811487695149845","-1.9852095239271876","-1.9770880151027814"
"562000","-1.9580214113503462","-1.9721194849396124","-1.9439233377610798"
"564000","-1.9397703945956892","-1.9532636908674612","-1.926277098323917"
"566000","-1.9279238474689193","-1.9324802502652165","-1.9233674446726219"
"568000","-1.9076078993402188","-1.9123222211981192","-1.9028935774823186"
"570000","-1.9007281807385152","-1.9081651511450763","-1.8932912103319541"
"572000","-1.9012825276417424","-1.9079434120596852","-1.8946216432237997"
"574000","-1.910981019930332","-1.9133938820147887","-1.9085681578458753"
"576000","-1.908287388877361","-1.9196313245082275","-1.8969434532464948"
"578000","-1.8869059663725785","-1.9006661232793705","-1.8731458094657865"
"580000","-1.887670116694062","-1.9013145222747698","-1.8740257111133543"
"582000","-1.8967798039031913","-1.8987179949821438","-1.894841612824239"
"584000","-1.8782952550525078","-1.8884236053633503","-1.8681669047416654"
"586000","-1.8698785448545823","-1.9006389127182775","-1.839118176990887"
"588000","-1.858286748973769","-1.9143035191320814","-1.8022699788154568"
"590000","-1.859319130925578","-1.9160094004892745","-1.8026288613618817"
"592000","-1.8531766913813772","-1.9096000981354155","-1.7967532846273389"
"594000","-1.8265077149291757","-1.8805200578668155","-1.7724953719915357"
"596000","-1.8116994252224685","-1.862559510061983","-1.760839340382954"
"598000","-1.7940737783332588","-1.8396017261245288","-1.7485458305419888"
"600000","-1.7813608580251459","-1.838583645413164","-1.7241380706371274"
"602000","-1.7821098121424437","-1.8267956276633777","-1.73742399662151"
"604000","-1.7725785949249984","-1.8259218939044513","-1.7192352959455457"
"606000","-1.7423265051638008","-1.7956051686056889","-1.6890478417219128"
"608000","-1.7421731996332528","-1.79584623839939","-1.6885001608671155"
"610000","-1.7120100247097434","-1.75958329990739","-1.6644367495120969"
"612000","-1.6916483389382484","-1.7423485316359437","-1.6409481462405529"
"614000","-1.6681841271166924","-1.6944350577914156","-1.641933196441969"
"616000","-1.662344100678456","-1.6816545583331026","-1.6430336430238095"
"618000","-1.6415954931249144","-1.6531082929694094","-1.6300826932804193"
"620000","-1.632484192418051","-1.641224833878223","-1.623743550957879"
"622000","-1.6112695857166546","-1.6119409766828177","-1.6105981947504915"
"624000","-1.5932911758642878","-1.5941685375093948","-1.5924138142191806"
"626000","-1.5936005601944634","-1.6247057126264552","-1.5624954077624715"
"628000","-1.5728283606102922","-1.5884400039154571","-1.5572167173051275"
"630000","-1.5487060186086454","-1.55190445925924","-1.5455075779580512"
"632000","-1.5459795895038404","-1.547079978248803","-1.544879200758878"
"634000","-1.5158683364099126","-1.5169275648507756","-1.5148091079690493"
"636000","-1.494207462866907","-1.5014432067819872","-1.486971718951827"
"638000","-1.487977598880534","-1.50792759683216","-1.4680276009289082"
"640000","-1.49443983883888","-1.5087475379952229","-1.4801321396825369"
"642000","-1.4732593553356128","-1.4907829889305868","-1.4557357217406388"
"644000","-1.4544108224502996","-1.4591608446487225","-1.449660800251877"
"646000","-1.4577628370869207","-1.466336428190116","-1.4491892459837254"
"648000","-1.451341861759429","-1.4536070170649327","-1.449076706453925"
"650000","-1.4420273560035275","-1.4426502844539937","-1.4414044275530613"
"652000","-1.4331426757323789","-1.4541148122795857","-1.412170539185172"
"654000","-1.4391650153632507","-1.4725093623646535","-1.4058206683618482"
"656000","-1.4398064178164351","-1.4849413761147299","-1.3946714595181402"
"658000","-1.4125447604601504","-1.4723454603203572","-1.3527440605999437"
"660000","-1.3944418146071258","-1.4607370661222376","-1.3281465630920137"
"662000","-1.3916827448998812","-1.4729475205414928","-1.3104179692582694"
"664000","-1.3829396316321798","-1.4734149610274472","-1.2924643022369127"
"666000","-1.3771791756624587","-1.4739492885791696","-1.280409062745748"
"668000","-1.3589181425614516","-1.4434490079456008","-1.2743872771773022"
"670000","-1.3571797808218982","-1.4459931910806336","-1.2683663705631625"
"672000","-1.3356730946112658","-1.4215955217578449","-1.2497506674646865"
"674000","-1.3257170015998416","-1.414108349273447","-1.2373256539262365"
"676000","-1.2981171854223068","-1.38340982172871","-1.2128245491159033"
"678000","-1.27164644057033","-1.3419387118541635","-1.2013541692864964"
"680000","-1.2413939594673864","-1.329789184408728","-1.152998734526045"
"682000","-1.2289792166148255","-1.312392778780777","-1.145565654448874"
"684000","-1.214475910753099","-1.3241263429191894","-1.1048254785870086"
"686000","-1.1937171129007766","-1.312534670617897","-1.074899555183656"
"688000","-1.16870991102056","-1.2815123400208541","-1.0559074820202659"
"690000","-1.1331699235049018","-1.2521902735647745","-1.014149573445029"
"692000","-1.121045816071419","-1.24001075173961","-1.0020808804032277"
"694000","-1.0877496914901714","-1.2103333873231896","-0.965165995657153"
"696000","-1.084607637316076","-1.21043934622081","-0.9587759284113417"
"698000","-1.0666044884324948","-1.1986321643856355","-0.934576812479354"
"700000","-1.0386363775619247","-1.16122442842694","-0.9160483266969095"
"702000","-1.0138811537493893","-1.1487014330853709","-0.8790608744134079"
"704000","-0.983885357944382","-1.131014559783507","-0.8367561561052571"
"706000","-0.9624264756646881","-1.1182515072007664","-0.8066014441286097"
"708000","-0.9417401807905117","-1.1010788817820139","-0.7824014797990094"
"710000","-0.9417317563352117","-1.1072433658433147","-0.7762201468271087"
"712000","-0.9123333233613812","-1.0660044779296731","-0.7586621687930892"
"714000","-0.9006465951092832","-1.0481646737310804","-0.7531285164874862"
"716000","-0.8796726124845737","-1.0121886763948715","-0.7471565485742758"
"718000","-0.8589175201470789","-0.9944288347143447","-0.723406205579813"
"720000","-0.8440927291645494","-0.9764029364142334","-0.7117825219148654"
"722000","-0.8136905171566469","-0.9451916430745041","-0.6821893912387895"
"724000","-0.7927332908434619","-0.9207846669707215","-0.6646819147162023"
"726000","-0.7780066646782506","-0.9087534350011265","-0.6472598943553749"
"728000","-0.7599110982574349","-0.8907031624898082","-0.6291190340250614"
"730000","-0.7632900864946714","-0.8973899797111516","-0.6291901932781911"
"732000","-0.760338063197123","-0.8850516027718549","-0.6356245236223913"
"734000","-0.7423587840831897","-0.8606212172791129","-0.6240963508872664"
"736000","-0.726941136111418","-0.8425384221080457","-0.6113438501147903"
"738000","-0.7208700250573747","-0.8428480470465729","-0.5988920030681766"
"740000","-0.6998795241316839","-0.8013106496998808","-0.598448398563487"
"742000","-0.6912170343300386","-0.7953798841679236","-0.5870541844921536"
"744000","-0.6848746790680161","-0.7832419003726682","-0.5865074577633641"
"746000","-0.6811217745336762","-0.7827325512649259","-0.5795109978024265"
"748000","-0.666127904869063","-0.7705306015157839","-0.5617252082223422"
"750000","-0.6477627962188853","-0.7458673468412599","-0.5496582455965108"
"752000","-0.6236936354917998","-0.7213783509627683","-0.5260089200208313"
"754000","-0.5993543071417662","-0.7035259564424632","-0.4951826578410692"
"756000","-0.5720745896619337","-0.6848053335974691","-0.4593438457263983"
"758000","-0.5361187150866317","-0.6546724108624039","-0.4175650193108595"
"760000","-0.530378802621417","-0.6429952349531232","-0.4177623702897108"
"762000","-0.532913112158567","-0.6482217429595767","-0.41760448135755723"
"764000","-0.5300491012657584","-0.6426749566680519","-0.41742324586346513"
"766000","-0.5121548983626416","-0.6310920330541557","-0.3932177636711276"
"768000","-0.4938872283123783","-0.6180387172880001","-0.3697357393367565"
"770000","-0.47889428946044066","-0.5997576463440782","-0.358030932576803"
"772000","-0.46585775106184885","-0.5736239007333643","-0.35809160139033336"
"774000","-0.45705770618253155","-0.5560597893813974","-0.35805562298366567"
"776000","-0.4452024868779699","-0.5385804042438395","-0.35182456951210045"
"778000","-0.4425783327242243","-0.5391405775988823","-0.3460160878495662"
"780000","-0.4327380155978608","-0.5323837562868721","-0.3330922749088495"
"782000","-0.4058883402330684","-0.514994447066856","-0.29678223339928084"
"784000","-0.40573000628588485","-0.5144760009841411","-0.2969840115876286"
"786000","-0.39003925148484997","-0.4959191214488237","-0.2841593815208762"
"788000","-0.38016793943446825","-0.48149040827614953","-0.278845470592787"
"790000","-0.3774460937778349","-0.4821115888105123","-0.2727805987451575"
"792000","-0.3712868709626491","-0.4754857122720568","-0.2670880296532414"
"794000","-0.3650176164551522","-0.47505582861689616","-0.25497940429340815"
"796000","-0.35849882025708213","-0.4810330318668275","-0.2359646086473367"
"798000","-0.3490978128599818","-0.46797490445984297","-0.23022072126012064"
"800000","-0.3408097888666089","-0.4568252993570059","-0.22479427837621188"
"802000","-0.3191947145710583","-0.4328865648256033","-0.2055028643165133"
"804000","-0.30789673702296566","-0.4214589941324084","-0.19433447991352296"
"806000","-0.3045431490565534","-0.4205691250981181","-0.18851717301498866"
"808000","-0.2837562232415075","-0.3848699108706205","-0.18264253561239457"
"810000","-0.2802871450359817","-0.3837260199160664","-0.1768482701558969"
"812000","-0.2767687865855987","-0.37754688074899606","-0.1759906924222014"
"814000","-0.2644102360165561","-0.36550294077111173","-0.16331753126200055"
"816000","-0.24599471908033593","-0.3353632111576735","-0.15662622700299836"
"818000","-0.24602204459690258","-0.33511260938917986","-0.15693147980462527"
"820000","-0.2194063728392939","-0.3054771710661589","-0.1333355746124289"
"822000","-0.21364604910340856","-0.2939303605080931","-0.13336173769872403"
"824000","-0.21052182273211656","-0.2880790549525409","-0.1329645905116922"
"826000","-0.19509560484642863","-0.2878419825722813","-0.10234922712057597"
"828000","-0.1920829876253265","-0.2811834890311002","-0.1029824862195528"
"830000","-0.18610649046691832","-0.2631352126141428","-0.10907776831969386"
"832000","-0.1772286568648997","-0.25140636927535526","-0.10305094445444411"
"834000","-0.176448572629306","-0.2499010506560444","-0.1029960946025676"
"836000","-0.17655792349454713","-0.25067136650061","-0.10244448048848426"
"838000","-0.16680463097494794","-0.24295590547000756","-0.09065335647988831"
"840000","-0.1604324663800071","-0.2418056103316485","-0.0790593224283657"
"842000","-0.15690258941584034","-0.2346651924875914","-0.07913998634408927"
"844000","-0.15477440302231116","-0.23629599542444338","-0.07325281062017894"
"846000","-0.15167942132306053","-0.22985564411705128","-0.07350319852906978"
"848000","-0.133999569886073","-0.2114736582999467","-0.05652548147219932"
"850000","-0.12588046686316376","-0.1947210144912242","-0.0570399192351033"
"852000","-0.11607314472610597","-0.17499304830183973","-0.057153241150372194"
"854000","-0.10406596169166732","-0.15099323295609793","-0.057138690427236724"
"856000","-0.09198443109460641","-0.12755161304579815","-0.056417249143414665"
"858000","-0.08627235443156678","-0.11585779257671674","-0.05668691628641682"
"860000","-0.08618138450023252","-0.1159394767563208","-0.056423292244144246"
"862000","-0.08035369719204027","-0.10422769869299373","-0.056479695691086816"
"864000","-0.07752884133078623","-0.09845364938111743","-0.05660403328045504"
"866000","-0.07730252143170219","-0.09818386143393582","-0.05642118142946856"
"868000","-0.07698110354307573","-0.09788001394219464","-0.05608219314395683"
"870000","-0.07444640629168134","-0.0881206976561225","-0.06077211492724018"
"872000","-0.07487228354613762","-0.08889484918996458","-0.06084971790231066"
"874000","-0.0785043945795769","-0.09586385465547209","-0.061144934503681726"
"876000","-0.07905778607346292","-0.09716534391831373","-0.060950228228612104"
"878000","-0.07023874454658653","-0.09783276204805588","-0.04264472704511718"
"880000","-0.07018346237942752","-0.0974374150283984","-0.04292950973045663"
"882000","-0.06714425869744445","-0.09718566615920281","-0.0371028512356861"
"884000","-0.05813895059160132","-0.079432881854882","-0.036845019328320634"
"886000","-0.05521718050229538","-0.07330759127478814","-0.03712676972980262"
"888000","-0.05580084725334018","-0.07413477651629365","-0.03746691799038672"
"890000","-0.055748687475497716","-0.07440184832870728","-0.03709552662228816"
"892000","-0.05219190722847998","-0.07384507029637462","-0.03053874416058534"
"894000","-0.05150189411411702","-0.07297757032647496","-0.03002621790175908"
"896000","-0.0515505721844238","-0.07250807990640169","-0.030593064462445908"
"898000","-0.051074603370434485","-0.07134447698801523","-0.030804729752853744"
"900000","-0.051850408395330304","-0.07249860236275708","-0.031202214427903528"
"902000","-0.05233664902443706","-0.07280550584051525","-0.03186779220835888"
"904000","-0.052442805078389935","-0.07267202633287524","-0.03221358382390463"
"906000","-0.049797894598959835","-0.06768399874534226","-0.03191179045257741"
"908000","-0.049694403445391805","-0.06769436935748673","-0.03169443753329688"
"910000","-0.04642236480307474","-0.06108237909938907","-0.03176235050676041"
"912000","-0.0426336952411657","-0.06007291461952263","-0.02519447586280876"
"914000","-0.042978404147652326","-0.06066469022684032","-0.025292118068464334"
"916000","-0.04306368445242697","-0.06083407152123982","-0.02529329738361412"
"918000","-0.03985116312127503","-0.054437196884828155","-0.02526512935772189"
"920000","-0.04280933939233364","-0.06045823335327441","-0.025160445431392873"
"922000","-0.04071108372729214","-0.05595278341002995","-0.025469384044554316"
"924000","-0.041026528389993475","-0.05574790049024159","-0.026305156289745356"
"926000","-0.040891278098206384","-0.05488422367401654","-0.02689833252239623"
"928000","-0.04410779033401922","-0.061083880445512474","-0.02713170022252598"
"930000","-0.04085665602782683","-0.05487849121593172","-0.026834820839721944"
"932000","-0.035462580584789974","-0.055929572411405386","-0.014995588758174562"
"934000","-0.03606148091224896","-0.05667990406655008","-0.015443057757947827"
"936000","-0.03309853616716282","-0.056417124547588175","-0.009779947786737466"
"938000","-0.04563325966963021","-0.06255666044569808","-0.02870985889356234"
"940000","-0.045699653270057754","-0.06250192128267372","-0.028897385257441784"
"942000","-0.04488621760006936","-0.061508205348218326","-0.02826422985192039"
"944000","-0.04485306851645873","-0.06161672245856607","-0.028089414574351393"
"946000","-0.045650235983412134","-0.06224828347709263","-0.029052188489731633"
"948000","-0.045497399459927694","-0.06269774668064201","-0.02829705223921337"
"950000","-0.04548872931241931","-0.0628020049087354","-0.02817545371610322"
"952000","-0.045295520764411776","-0.06296717945864656","-0.027623862070176985"
"954000","-0.045259368345359687","-0.06262342968868324","-0.027895307002036133"
"956000","-0.04826501792784256","-0.06273828023957322","-0.03379175561611191"
"958000","-0.0481150775358401","-0.06260463839309523","-0.033625516678584974"
"960000","-0.04780148156474752","-0.062123781888803936","-0.0334791812406911"
"962000","-0.0444706720115937","-0.055124572514614556","-0.03381677150857285"
"964000","-0.04438666705529613","-0.0551714755865396","-0.03360185852405266"
"966000","-0.04452094758809835","-0.05556818917160854","-0.03347370600458817"
"968000","-0.04479232782563486","-0.055973596666008235","-0.03361105898526148"
"970000","-0.04505185561320105","-0.05643149178475142","-0.03367221944165067"
"972000","-0.045001578763549335","-0.05675487171858549","-0.033248285808513175"
"974000","-0.04201585209877522","-0.0513034884724766","-0.032728215725073825"
"976000","-0.03585387556762726","-0.04499016516841948","-0.02671758596683503"
"978000","-0.03591057125660882","-0.045427266787737605","-0.02639387572548003"
"980000","-0.03623191975704686","-0.04589577683247626","-0.026568062681617446"
"982000","-0.036391662023452225","-0.04593282510526478","-0.02685049894163967"
"984000","-0.036417614910242264","-0.04628696487285197","-0.02654826494763256"
"986000","-0.039718663077292146","-0.05277861976064742","-0.02665870639393688"
"988000","-0.04004570578756102","-0.053750581918284294","-0.02634082965683774"
"990000","-0.0337290475617192","-0.04097106906585395","-0.026487026057584444"
"992000","-0.033727212101875924","-0.04186110650189221","-0.025593317701859634"
"994000","-0.03686447504042008","-0.04212458304129541","-0.031604367039544744"
"996000","-0.030760853691681404","-0.031788195363624254","-0.029733512019738555"
"998000","-0.030901698487068644","-0.03187697471250431","-0.02992642226163298"
"1000000","-0.030887802646684576","-0.0318381203165336","-0.02993748497683555"
"1002000","-0.03082638350613706","-0.031891743001906434","-0.02976102401036769"
"1004000","-0.02992539000064426","-0.03108492359649972","-0.028765856404788792"
"1006000","-0.030778895749899674","-0.03143798679579049","-0.030119804704008858"
"1008000","-0.030303704629841378","-0.03060014494229108","-0.030007264317391674"
"1010000","-0.03616990408227139","-0.03668383174110204","-0.03565597642344073"
"1012000","-0.03661079779565625","-0.036682060663588346","-0.03653953492772416"
"1014000","-0.03707805440128141","-0.03756247465033084","-0.03659363415223197"
"1016000","-0.03756313986908935","-0.03816201244946569","-0.03696426728871302"
"1018000","-0.03495987441689067","-0.037169925916387","-0.03274982291739434"
"1020000","-0.03504732584413432","-0.037877360592974585","-0.03221729109529406"
"1022000","-0.03765688034538471","-0.03814792552497238","-0.03716583516579704"
"1024000","-0.0379611006781488","-0.03846002339851111","-0.03746217795778648"
"1026000","-0.0376736621728196","-0.037824634951539336","-0.03752268939409987"
"1028000","-0.03756613548095629","-0.037977369208820166","-0.03715490175309242"
"1030000","-0.03493883228111372","-0.038403460052795706","-0.03147420450943173"
"1032000","-0.03469641715470061","-0.038105511660687624","-0.031287322648713596"
"1034000","-0.03507775376267091","-0.03909272322896868","-0.031062784296373137"
"1036000","-0.034980355957013674","-0.03884811631403864","-0.031112595599988708"
"1038000","-0.038591525321317016","-0.04031007356010377","-0.03687297708253027"
"1040000","-0.0359917153436254","-0.036795603012578795","-0.03518782767467201"
"1042000","-0.03589480390954122","-0.036692665157752345","-0.0350969426613301"
"1044000","-0.035608185047240115","-0.03665566196097643","-0.034560708133503794"
"1046000","-0.03591357539648016","-0.03675372426296235","-0.03507342652999796"
"1048000","-0.03564798137413163","-0.03625025802190066","-0.0350457047263626"
"1050000","-0.03504769458413648","-0.03625928512148675","-0.033836104046786206"
"1052000","-0.036070635486175895","-0.03680981016092119","-0.03533146081143059"
"1054000","-0.03611138683023456","-0.037008929022849774","-0.03521384463761933"
"1056000","-0.03630119372835906","-0.03746804178066668","-0.035134345676051455"
"1058000","-0.03657122465177963","-0.03747731315277633","-0.03566513615078293"
"1060000","-0.03569322834118793","-0.03751364196024951","-0.03387281472212635"
"1062000","-0.03562716072752664","-0.037836357060150476","-0.03341796439490281"
"1064000","-0.03547090533749724","-0.038116582807415395","-0.03282522786757909"
"1066000","-0.03513795789076539","-0.038466902699583444","-0.03180901308194734"
"1068000","-0.03576396194031986","-0.03905374812733498","-0.03247417575330473"
"1070000","-0.032926902170074754","-0.03421863966927049","-0.03163516467087902"
"1072000","-0.03255554933544772","-0.034229002178908556","-0.030882096491986886"
"1074000","-0.032990956854773684","-0.040405077711911874","-0.025576835997635498"
"1076000","-0.03288272054982372","-0.0406783033919055","-0.02508713770774193"
"1078000","-0.03276077196584083","-0.04043397284229286","-0.0250875710893888"
"1080000","-0.032429787908913564","-0.04025594781269319","-0.02460362800513394"
"1082000","-0.03533452637610025","-0.04619366287370212","-0.02447538987849839"
"1084000","-0.03553145121550187","-0.04609180299914442","-0.02497109943185933"
"1086000","-0.03566752648213878","-0.04612847320153378","-0.025206579762743785"
"1088000","-0.035332121439860205","-0.04578637471422553","-0.024877868165494876"
"1090000","-0.035810699458816084","-0.046395716057159","-0.02522568286047317"
"1092000","-0.035984067645040335","-0.04645114426501095","-0.025516991025069727"
"1094000","-0.03686012092337478","-0.04744455629959703","-0.026275685547152535"
"1096000","-0.03708079372590874","-0.047276273658499124","-0.026885313793318346"
"1098000","-0.037649099645786915","-0.047185092102736234","-0.028113107188837604"
"1100000","-0.03739495404355694","-0.047160348016768695","-0.02762956007034518"
"1102000","-0.037363416359876285","-0.04710501119494438","-0.027621821524808184"
"1104000","-0.0375087565445574","-0.0474358350224793","-0.027581678066635505"
"1106000","-0.03728436574863735","-0.04769865721929818","-0.026870074277976528"
"1108000","-0.037416745261871255","-0.047869994011707606","-0.026963496512034908"
"1110000","-0.037624120242544454","-0.0473336303094402","-0.027914610175648703"
"1112000","-0.038093223074101845","-0.04706731830257922","-0.02911912784562446"
"1114000","-0.03787088931712788","-0.047374773116316646","-0.028367005517939105"
"1116000","-0.03781457334000152","-0.04752463355427608","-0.028104513125726954"
"1118000","-0.037784749287529854","-0.047391919002402576","-0.028177579572657124"
"1120000","-0.03495224529819098","-0.0476425924920477","-0.022261898104334252"
"1122000","-0.034812701409100553","-0.04707085930043831","-0.022554543517762794"
"1124000","-0.03478450773458462","-0.04636049077147618","-0.023208524697693064"
"1126000","-0.03434761812153738","-0.04607175750890747","-0.022623478734167292"
"1128000","-0.030950404064496978","-0.045704620952019465","-0.01619618717697449"
"1130000","-0.031085921550402417","-0.045977842436404896","-0.016194000664399938"
"1132000","-0.030494887999957428","-0.045865041982615366","-0.015124734017299489"
"1134000","-0.029968633548123763","-0.04542085004621185","-0.01451641705003567"
"1136000","-0.030328469349769877","-0.04551939949975349","-0.01513753919978626"
"1138000","-0.018118451420450585","-0.02706764478352852","-0.009169258057372644"
"1140000","-0.0180334416043479","-0.02693918535602279","-0.00912769785267301"
"1142000","-0.018530973369488495","-0.02756007158313878","-0.009501875155838207"
"1144000","-0.019167718462413177","-0.027745961571345106","-0.010589475353481249"
"1146000","-0.01890545843052678","-0.027677205229410903","-0.010133711631642655"
"1148000","-0.018793796793324873","-0.02783090854645707","-0.009756685040192678"
"1150000","-0.018606213059974834","-0.027760480070719497","-0.009451946049230173"
"1152000","-0.01866200872580521","-0.027919739658245818","-0.009404277793364599"
"1154000","-0.01865894019661937","-0.028013552846387027","-0.00930432754685171"
"1156000","-0.0157589170668507","-0.022184144407510757","-0.009333689726190642"
"1158000","-0.015863719636690803","-0.022323652771301567","-0.009403786502080038"
"1160000","-0.015634320586104877","-0.02269231020938605","-0.008576330962823705"
"1162000","-0.015420330626075156","-0.02199623470660299","-0.008844426545547322"
"1164000","-0.014937120925751515","-0.021688524414785207","-0.008185717436717824"
"1166000","-0.014767769877216778","-0.022029868473764508","-0.007505671280669048"
"1168000","-0.01478146938898135","-0.02224891528254375","-0.007314023495418951"
"1170000","-0.014866965937544592","-0.02274236656492576","-0.0069915653101634235"
"1172000","-0.015099444615771063","-0.022914637790527194","-0.007284251441014931"
"1174000","-0.01540336918027606","-0.023270929623395206","-0.0075358087371569125"
"1176000","-0.0159327675862005","-0.023817071449011563","-0.008048463723389432"
"1178000","-0.015989284418465102","-0.024069204705883748","-0.007909364131046459"
"1180000","-0.015836124653869774","-0.024206734842737207","-0.007465514465002343"
"1182000","-0.015405457260494585","-0.024463940372806973","-0.006346974148182198"
"1184000","-0.015568943707912694","-0.02509989458194468","-0.006037992833880707"
"1186000","-0.012644124929502142","-0.025459545357734897","0.00017129549873061477"
"1188000","-0.012894406974955927","-0.025718140202225185","-0.00007067374768666923"
"1190000","-0.012398086562461686","-0.02572761211602483","0.0009314389911014586"
"1192000","-0.01531020160386106","-0.03181415349303279","0.0011937502853106706"
"1194000","-0.012584587629826274","-0.026046925187692978","0.0008777499280404299"
"1196000","-0.012896105177642312","-0.025974234063760378","0.00018202370847575366"
"1198000","-0.012897953580541072","-0.025756473495275715","-0.000039433665806427596"
"1200000","-0.012957737407123204","-0.026249506082967854","0.0003340312687214464"
"1202000","-0.013327511296083686","-0.02620326245261822","-0.00045176013954915104"
"1204000","-0.012568630015884992","-0.025116161853657105","-0.000021098178112879396"
"1206000","-0.012708521788881625","-0.027034650743589735","0.0016176071658264846"
"1208000","-0.012715054206491914","-0.02692358702479396","0.0014934786118101328"
"1210000","-0.007167104963154999","-0.021297368594096044","0.006963158667786047"
"1212000","-0.007174107546161395","-0.02095502035750542","0.00660680526518263"
"1214000","-0.006901608434563969","-0.020835970076150262","0.007032753207022324"
"1216000","-0.009103243294230196","-0.026771630360162817","0.008565143771702423"
"1218000","-0.008975627137406263","-0.026466084517887793","0.008514830243075266"
"1220000","-0.008453295114304638","-0.025752162687422243","0.008845572458812966"
"1222000","-0.005400364491943038","-0.02638279678852996","0.015582067804643884"
"1224000","-0.00562512456192053","-0.026846022918762175","0.015595773794921115"
"1226000","-0.005906878141540801","-0.02698865501297405","0.015174898729892448"
"1228000","-0.005932314941746882","-0.026915331104246435","0.015050701220752671"
"1230000","-0.008430957902310184","-0.02650453836977249","0.009642622565152123"
"1232000","-0.008348061447177315","-0.026834084039146545","0.010137961144791915"
"1234000","-0.00831486505936482","-0.02712098549265647","0.010491255373926834"
"1236000","-0.00901599461460137","-0.027985190666804556","0.00995320143760182"
"1238000","-0.005720696959324413","-0.02231040518876398","0.010869011270115152"
"1240000","-0.005180811379250373","-0.022191559883358424","0.011829937124857678"
"1242000","-0.006013501524139428","-0.022152800910698715","0.010125797862419858"
"1244000","-0.005973357022885466","-0.022004118167387787","0.010057404121616854"
"1246000","-0.0058723095706955065","-0.022187970403174405","0.010443351261783392"
"1248000","-0.00635643891946529","-0.022754436835239176","0.010041558996308595"
"1250000","-0.00649174092701287","-0.022584981411055197","0.009601499557029457"
"1252000","-0.006175535115326057","-0.022084505572274794","0.00973343534162268"
"1254000","-0.00903253529118956","-0.027949090902984607","0.009884020320605487"
"1256000","-0.008770851978188148","-0.02786543910362525","0.010323735147248953"
"1258000","-0.008488026815321063","-0.02754377971374197","0.010567726083099842"
"1260000","-0.009002126767154551","-0.027807562229863834","0.009803308695554734"
"1262000","-0.008600714574422453","-0.027015240555338094","0.009813811406493187"
"1264000","-0.0080716935590317","-0.026515088835440112","0.010371701717376709"
"1266000","-0.00837082771337009","-0.02610241983056767","0.009360764403827488"
"1268000","-0.014230621137976414","-0.03740787029237254","0.00894662801641971"
"1270000","-0.014585832990560448","-0.03735296253551496","0.008181296554394066"
"1272000","-0.014904437833320117","-0.03737181077216519","0.0075629351055249575"
"1274000","-0.011354054841067409","-0.03147620324481977","0.008768093562684954"
"1276000","-0.011273975865187823","-0.03140736229106551","0.008859410560689866"
"1278000","-0.011090048318001207","-0.031823986110684925","0.00964388947468251"
"1280000","-0.011371832321601686","-0.03216058391466504","0.009416919271461665"
"1282000","-0.00853152497598785","-0.026320501801965292","0.009257451849989592"
"1284000","-0.008179291770065902","-0.02620903715811437","0.009850453617982566"
"1286000","-0.010653291832859395","-0.031816924645972904","0.010510340980254114"
"1288000","-0.010957419736514564","-0.03225460708461469","0.010339767611585558"
"1290000","-0.010129664395208238","-0.030885286408883984","0.01062595761846751"
"1292000","-0.01031300268296036","-0.031023699062352535","0.010397693696431816"
"1294000","-0.010209654147474795","-0.03106788216944551","0.010648573874495923"
"1296000","-0.010297516790888039","-0.030852548371476586","0.010257514789700509"
"1298000","-0.009922615931573092","-0.030705488825624343","0.01086025696247816"
"1300000","-0.009671564166637836","-0.030071912350540516","0.010728784017264842"
"1302000","-0.009475166796910343","-0.02971614226553356","0.010765808671712875"
"1304000","-0.009050515032577096","-0.029245159587298987","0.011144129522144795"
"1306000","-0.009067640522698638","-0.029311753938382024","0.011176472892984748"
"1308000","-0.009158088540862083","-0.029800513199006673","0.01148433611728251"
"1310000","-0.012184804560820339","-0.03007455613318598","0.0057049470115453004"
"1312000","-0.015140954162197885","-0.036308100818132516","0.006026192493736744"
"1314000","-0.015132498371385736","-0.036094861948804464","0.005829865206032991"
"1316000","-0.015293432658509118","-0.0361161214634194","0.005529256146401167"
"1318000","-0.015505393564671977","-0.03646147206047317","0.005450684931129217"
"1320000","-0.014684874166705414","-0.035277071181626526","0.0059073228482156995"
"1322000","-0.014588070011668605","-0.03570298131176969","0.006526841288432479"
"1324000","-0.01533259573901887","-0.03554557312832912","0.004880381650291383"
"1326000","-0.015300554093410027","-0.035083699092210735","0.00448259090539068"
"1328000","-0.015303522137546679","-0.03493793826753972","0.004330893992446363"
"1330000","-0.015145098344510187","-0.0349929322648677","0.004702735575847328"
"1332000","-0.015425163333857198","-0.0347894637400168","0.003939137072302401"
"1334000","-0.018468954838899664","-0.03459260520263342","-0.0023453044751659035"
"1336000","-0.01856828913660138","-0.03486693843005924","-0.002269639843143523"
"1338000","-0.01855132180135115","-0.03520437098311959","-0.0018982726195827127"
"1340000","-0.0184451628602983","-0.035076359465892895","-0.0018139662547037006"
"1342000","-0.018325587289727992","-0.03473400829563616","-0.0019171662838198245"
"1344000","-0.0208645292649453","-0.04089420530683128","-0.0008348532230593264"
"1346000","-0.02120893788043759","-0.040769195311877414","-0.0016486804489977659"
"1348000","-0.021910237301926826","-0.04111464777699439","-0.0027058268268592657"
"1350000","-0.022147489894268804","-0.04109051527193515","-0.0032044645166024567"
"1352000","-0.022091914346528935","-0.04108824217430083","-0.003095586518757045"
"1354000","-0.02194867497877567","-0.04072047235182254","-0.003176877605728805"
"1356000","-0.022542954097589246","-0.04122630591242341","-0.003859602282755077"
"1358000","-0.022464627214794745","-0.041221936593938156","-0.003707317835651338"
"1360000","-0.022978382544679335","-0.041526350562635345","-0.004430414526723325"
"1362000","-0.023300217093055835","-0.04144617421290604","-0.005154259973205626"
"1364000","-0.026771986234089128","-0.04754587998351781","-0.005998092484660446"
"1366000","-0.027083356981020185","-0.047718921773775944","-0.006447792188264429"
"1368000","-0.02674129824139527","-0.04707354349520756","-0.006409052987582982"
"1370000","-0.026697292160097277","-0.04664529390138341","-0.006749290418811143"
"1372000","-0.026854429934028305","-0.046787611380859746","-0.006921248487196862"
"1374000","-0.026221298164309702","-0.046895083768467884","-0.005547512560151517"
"1376000","-0.025749086359137436","-0.04635784489306388","-0.005140327825210988"
"1378000","-0.025632230836927193","-0.04597126989538083","-0.005293191778473556"
"1380000","-0.02605070913399686","-0.04593845588067779","-0.006162962387315929"
"1382000","-0.025979836347542005","-0.04547160217451165","-0.006488070520572364"
"1384000","-0.025797961098869567","-0.04472232776373858","-0.006873594434000552"
"1386000","-0.02591791830796865","-0.04494003247615183","-0.006895804139785469"
"1388000","-0.025910424919129583","-0.04513005050976062","-0.0066907993284985425"
"1390000","-0.025666666831384646","-0.045117025937943256","-0.006216307724826038"
"1392000","-0.023428749361337396","-0.04008792233100394","-0.006769576391670853"
"1394000","-0.023499357270338805","-0.04023826596705476","-0.006760448573622853"
"1396000","-0.023638045875850364","-0.04065386428876081","-0.006622227462939918"
"1398000","-0.023330218949849952","-0.04049510499840835","-0.006165332901291549"
"1400000","-0.022957870307873236","-0.040021483250020536","-0.005894257365725935"
"1402000","-0.023319283334567446","-0.040184291237092114","-0.006454275432042777"
"1404000","-0.02424233781363","-0.041127839767432305","-0.007356835859827698"
"1406000","-0.026477598198252964","-0.04586039015004644","-0.007094806246459484"
"1408000","-0.026503727715025887","-0.045929247000312895","-0.007078208429738879"
"1410000","-0.026743171773414363","-0.045992020637786485","-0.007494322909042239"
"1412000","-0.02672774550810573","-0.04644629112357507","-0.007009199892636388"
"1414000","-0.02630045183133916","-0.04592722706060158","-0.006673676602076739"
"1416000","-0.02324442813303904","-0.039548995974764696","-0.00693986029131338"
"1418000","-0.02626943889204995","-0.04569615104730474","-0.006842726736795157"
"1420000","-0.026199008203693665","-0.045304537027841436","-0.007093479379545897"
"1422000","-0.026284588892594912","-0.045118968257447704","-0.0074502095277421175"
"1424000","-0.025322263574344105","-0.04448810425936244","-0.0061564228893257675"
"1426000","-0.025557370083988645","-0.04468477822723799","-0.006429961940739304"
"1428000","-0.02557390300615225","-0.045475276483921336","-0.005672529528383165"
"1430000","-0.0225735788611928","-0.04563641089829616","0.0004892531759105623"
"1432000","-0.02289884824916953","-0.0455491915816674","-0.0002485049166716635"
"1434000","-0.02264814479422057","-0.0453105619183043","0.00001427232986316085"
"1436000","-0.022200357691908718","-0.04469874249829445","0.00029802711447700857"
"1438000","-0.022514995463716332","-0.045264903987408615","0.00023491305997595192"
"1440000","-0.02260440142970765","-0.045363040436641314","0.00015423757722601294"
"1442000","-0.022059467450744705","-0.04492085891833995","0.0008019240168505348"
"1444000","-0.022327970454498428","-0.04522220369486604","0.0005662627858691849"
"1446000","-0.0223341557123058","-0.04520027885271702","0.0005319674281054176"
"1448000","-0.022308174051140668","-0.044940498422947714","0.00032415032066637653"
"1450000","-0.022558885528269457","-0.045114615327329376","-0.000003155729209538549"
"1452000","-0.022465279711905168","-0.045166282803402284","0.00023572337959194557"
"1454000","-0.019407314531999873","-0.0391151053091744","0.0003004762451746501"
"1456000","-0.02260668798451661","-0.04491021765978075","-0.000303158309252467"
"1458000","-0.023071572437038414","-0.04537583880708553","-0.0007673060669912957"
"1460000","-0.023523316031933063","-0.045443337885080835","-0.0016032941787852905"
"1462000","-0.026887969675153726","-0.045902461921214124","-0.007873477429093327"
"1464000","-0.02728227387138759","-0.04606654949777294","-0.008497998245002237"
"1466000","-0.027320756285480457","-0.04614472195564304","-0.008496790615317877"
"1468000","-0.02133027310672333","-0.03445195561333094","-0.008208590600115712"
"1470000","-0.021376619578368262","-0.03470970205089543","-0.008043537105841096"
"1472000","-0.02126265591898118","-0.03474428446555976","-0.007781027372402605"
"1474000","-0.021163121251884152","-0.03441459758731071","-0.00791164491645759"
"1476000","-0.02476693268879899","-0.04062119885988068","-0.008912666517717297"
"1478000","-0.02505236566081294","-0.040394777242909186","-0.009709954078716691"
"1480000","-0.025145048992853844","-0.04012796112976503","-0.010162136855942663"
"1482000","-0.025646148985397303","-0.040075532809714785","-0.01121676516107982"
"1484000","-0.025624136412661758","-0.040141968221287246","-0.011106304604036268"
"1486000","-0.022566958451789104","-0.03437082070566248","-0.010763096197915729"
"1488000","-0.02544593196376809","-0.034067133010248656","-0.016824730917287523"
"1490000","-0.02588670468903729","-0.03469253821007442","-0.017080871168000156"
"1492000","-0.025978008285310352","-0.034854154509375804","-0.0171018620612449"
"1494000","-0.029004630507115506","-0.040901868917862884","-0.01710739209636813"
"1496000","-0.028622375822305913","-0.04108561177912634","-0.016159139865485485"
"1498000","-0.02869457779699587","-0.04134956428024452","-0.016039591313747225"
"1500000","-0.028919093685835832","-0.04164506229746621","-0.016193125074205453"
"1502000","-0.029145961778849594","-0.04171402598905843","-0.016577897568640764"
"1504000","-0.029942151659779485","-0.0429222165531246","-0.01696208676643437"
"1506000","-0.029845108270674242","-0.042544437219039534","-0.017145779322308954"
"1508000","-0.03028089644576539","-0.04239252451865468","-0.018169268372876104"
"1510000","-0.027428555099322693","-0.042606496587977744","-0.012250613610667642"
"1512000","-0.02729752668485162","-0.0421723899996141","-0.01242266337008914"
"1514000","-0.027474886833952043","-0.041767221242771484","-0.0131825524251326"
"1516000","-0.027353170456626684","-0.04213363382092211","-0.012572707092331256"
"1518000","-0.027039804103114875","-0.042218224304378965","-0.011861383901850786"
"1520000","-0.02785016359135625","-0.04332237162685487","-0.012377955555857625"
"1522000","-0.028076779510156486","-0.04339313349744771","-0.012760425522865262"
"1524000","-0.026754983252176318","-0.04296426212473307","-0.010545704379619564"
"1526000","-0.027261411367944674","-0.04359873012464959","-0.010924092611239757"
"1528000","-0.02680787038712879","-0.04370009635400493","-0.009915644420252646"
"1530000","-0.027033155269018606","-0.0440115753543796","-0.010054735183657612"
"1532000","-0.02709714464566787","-0.04416360958304722","-0.010030679708288517"
"1534000","-0.023994389623840106","-0.04410315590444952","-0.0038856233432306908"
"1536000","-0.023534510722820413","-0.04365815503988415","-0.0034108664057566785"
"1538000","-0.023213637862791073","-0.042956583448685706","-0.0034706922768964433"
"1540000","-0.023673867658217204","-0.043644263879396024","-0.003703471437038388"
"1542000","-0.027134422517119675","-0.04438145496416837","-0.009887390070070978"
"1544000","-0.024052791080175665","-0.03867210969794541","-0.009433472462405916"
"1546000","-0.024177106856222964","-0.03907499441993423","-0.009279219292511697"
"1548000","-0.023687097793299472","-0.03907600008067675","-0.008298195505922194"
"1550000","-0.02703472149427398","-0.04567363303271122","-0.00839580995583674"
"1552000","-0.02693388651459827","-0.045703552692430094","-0.008164220336766448"
"1554000","-0.027165036083752057","-0.04573754293029197","-0.008592529237212147"
"1556000","-0.02611415833569481","-0.04511994871427305","-0.00710836795711657"
"1558000","-0.026547899331053487","-0.045713878503302115","-0.00738192015880486"
"1560000","-0.02679827800122439","-0.04573054683045484","-0.007866009171993937"
"1562000","-0.02668069946797914","-0.04609191264840774","-0.007269486287550535"
"1564000","-0.023393725734058533","-0.0403697353170719","-0.00641771615104517"
"1566000","-0.022751552690606334","-0.04011308139539324","-0.005390023985819425"
"1568000","-0.02275627219103626","-0.04003604376106523","-0.0054765006210072895"
"1570000","-0.022624845377722524","-0.04021257752669044","-0.005037113228754606"
"1572000","-0.022593706481711707","-0.04019606226240285","-0.004991350701020565"
"1574000","-0.025567794114904244","-0.045673399503575636","-0.005462188726232853"
"1576000","-0.0260436431398557","-0.04627658235025592","-0.005810703929455485"
"1578000","-0.025921086248563367","-0.04657957337913103","-0.005262599117995706"
"1580000","-0.02601969031486078","-0.0468879246909637","-0.005151455938757863"
"1582000","-0.026477706128353023","-0.04712573117692955","-0.005829681079776492"
"1584000","-0.026998065105144634","-0.04811080689658411","-0.005885323313705158"
"1586000","-0.02676856471967767","-0.047745738193625584","-0.005791391245729756"
"1588000","-0.029610409609886118","-0.05374020133749582","-0.00548061788227642"
"1590000","-0.029604174581036206","-0.05360662551946007","-0.005601723642612342"
"1592000","-0.028895176781952615","-0.053055095191812146","-0.0047352583720930855"
"1594000","-0.031829142033966494","-0.05933835561736487","-0.004319928450568114"
"1596000","-0.03230805727900588","-0.059277127649402246","-0.005338986908609514"
"1598000","-0.03546989695882075","-0.06548837712383829","-0.005451416793803219"
"1600000","-0.03575554929921054","-0.06527767884894274","-0.0062334197494783436"
"1602000","-0.03486992617850774","-0.06529879404581151","-0.0044410583112039605"
"1604000","-0.034781827962870014","-0.06504998593009077","-0.004513669995649252"
"1606000","-0.031599033140955725","-0.05946653880993836","-0.0037315274719730953"
"1608000","-0.03115080334842787","-0.05999184994841926","-0.0023097567484364843"
"1610000","-0.03148491089363233","-0.059745524170575666","-0.0032242976166890003"
"1612000","-0.031206181327725062","-0.05935296393348835","-0.0030593987219617704"
"1614000","-0.03133477976443828","-0.059756209071492775","-0.0029133504573837852"
"1616000","-0.03181425210452289","-0.06021391127607785","-0.003414592932967935"
"1618000","-0.028320323754014682","-0.05408720527193509","-0.00255344223609427"
"1620000","-0.028470763915829592","-0.05449342445586808","-0.0024481033757911062"
"1622000","-0.02825769674629555","-0.05463062657858245","-0.0018847669140086508"
"1624000","-0.02901245080996887","-0.05478421912412159","-0.003240682495816145"
"1626000","-0.02895284189042286","-0.054387573607964444","-0.0035181101728812792"
"1628000","-0.029269535440398613","-0.05347425411338918","-0.005064816767408047"
"1630000","-0.03211934642065899","-0.053175430957926435","-0.011063261883391533"
"1632000","-0.03141935537700192","-0.05330728917266242","-0.00953142158134142"
"1634000","-0.031880474501667776","-0.05332785476814024","-0.010433094235195313"
"1636000","-0.031981751139246624","-0.05371779573033564","-0.010245706548157613"
"1638000","-0.030930559572734637","-0.053066882704151795","-0.00879423644131748"
"1640000","-0.03098330601162161","-0.05303940849727951","-0.008927203525963705"
"1642000","-0.030822388688102366","-0.053153156343614685","-0.008491621032590047"
"1644000","-0.030655127028003333","-0.05290268483920954","-0.008407569216797129"
"1646000","-0.030779355502454562","-0.05276980979717336","-0.008788901207735763"
"1648000","-0.03036048423033208","-0.05247569227241911","-0.008245276188245044"
"1650000","-0.030123581491643563","-0.05249223982798867","-0.007754923155298457"
"1652000","-0.030256116875680167","-0.052328803268028426","-0.008183430483331904"
"1654000","-0.030437101201387123","-0.05289982831920497","-0.007974374083569274"
"1656000","-0.02756109911715612","-0.04729726287419908","-0.00782493536011316"
"1658000","-0.02738190832780674","-0.046853954213438555","-0.007909862442174927"
"1660000","-0.027213432484713848","-0.046944713690900246","-0.007482151278527454"
"1662000","-0.024158463150670287","-0.046979843541630546","-0.0013370827597100287"
"1664000","-0.023846468954870942","-0.04654711900453549","-0.001145818905206397"
"1666000","-0.02372527541272575","-0.04641565047611948","-0.0010349003493320197"
"1668000","-0.023662856790760998","-0.04640077168529388","-0.0009249418962281197"
"1670000","-0.023473996754328257","-0.046071050133905375","-0.0008769433747511358"
"1672000","-0.02351657865481684","-0.0459189838723978","-0.0011141734372358768"
"1674000","-0.02352132924279431","-0.04564191001409199","-0.0014007484714966267"
"1676000","-0.02002162046177546","-0.039409614586620595","-0.0006336263369303197"
"1678000","-0.022921714015246834","-0.039536249798838984","-0.006307178231654689"
"1680000","-0.023092154488840604","-0.04007096625224221","-0.006113342725438997"
"1682000","-0.022633405156375373","-0.03989955916360486","-0.005367251149145887"
"1684000","-0.02592051434883615","-0.04023166860744823","-0.011609360090224072"
"1686000","-0.02592887444043299","-0.04015238450199831","-0.011705364378867671"
"1688000","-0.022836120758147442","-0.04018115618557203","-0.005491085330722853"
"1690000","-0.025524148927943316","-0.040612898164545184","-0.010435399691341446"
"1692000","-0.025318201841728297","-0.039811049712006934","-0.010825353971449658"
"1694000","-0.021195027577632572","-0.03345666568086017","-0.008933389474404975"
"1696000","-0.02168683525262168","-0.033147525650565515","-0.010226144854677842"
"1698000","-0.02505743639630964","-0.03917368785769213","-0.010941184934927151"
"1700000","-0.024808585616701746","-0.039380752009456045","-0.010236419223947451"
"1702000","-0.024267313471937085","-0.039601207015221004","-0.008933419928653166"
"1704000","-0.023675745037326126","-0.038576338517596016","-0.008775151557056233"
"1706000","-0.023359152392076796","-0.03825505654735025","-0.008463248236803339"
"1708000","-0.022931767037662212","-0.03808516330027487","-0.007778370775049552"
"1710000","-0.02285636168118799","-0.03841753398941364","-0.00729518937296234"
"1712000","-0.020158599973947276","-0.03283022632764187","-0.0074869736202526835"
"1714000","-0.020478739999525715","-0.03331865508982446","-0.007638824909226969"
"1716000","-0.020372595992230343","-0.03323420231172349","-0.007510989672737196"
"1718000","-0.020512774809321854","-0.03290130103647243","-0.008124248582171277"
"1720000","-0.023345186797960195","-0.03247822434350382","-0.014212149252416565"
"1722000","-0.02365760821296135","-0.03219831076159608","-0.015116905664326623"
"1724000","-0.024201459734758828","-0.032798311046208256","-0.0156046084233094"
"1726000","-0.023707722667895725","-0.03290356289537158","-0.014511882440419867"
"1728000","-0.024374466355657206","-0.03292881897301413","-0.01582011373830028"
"1730000","-0.024298212953144684","-0.032619355764472856","-0.015977070141816513"
"1732000","-0.024148387369932606","-0.03250448907376267","-0.015792285666102544"
"1734000","-0.0241522680039634","-0.03239679673162755","-0.01590773927629925"
"1736000","-0.024034031220071483","-0.03249519407225307","-0.015572868367889896"
"1738000","-0.024555494198866653","-0.03241851645929273","-0.016692471938440576"
"1740000","-0.024178339308418798","-0.032190539198345504","-0.016166139418492095"
"1742000","-0.020476407266978643","-0.03170677519345191","-0.009246039340505377"
"1744000","-0.020212552022130695","-0.031210316611104644","-0.009214787433156743"
"1746000","-0.020366192513902207","-0.031530322068720126","-0.009202062959084288"
"1748000","-0.02032827945688041","-0.03150042611116078","-0.009156132802600041"
"1750000","-0.01686872834601672","-0.024756150794564745","-0.0089813058974687"
"1752000","-0.016947184745513367","-0.024826095648459157","-0.009068273842567578"
"1754000","-0.017263666820072104","-0.025389816373935902","-0.009137517266208307"
"1756000","-0.018134053445246538","-0.025854942337027752","-0.010413164553465321"
"1758000","-0.01780987083708169","-0.025227450564852916","-0.010392291109310463"
"1760000","-0.017705402334977405","-0.024759382684133014","-0.010651421985821799"
"1762000","-0.01820581108055194","-0.024785621839400848","-0.011626000321703031"
"1764000","-0.018758030607859837","-0.025057633302931207","-0.012458427912788466"
"1766000","-0.01918510240924661","-0.02527649899740936","-0.013093705821083858"
"1768000","-0.01936520282601123","-0.02566035004128935","-0.013070055610733107"
"1770000","-0.019400404860061827","-0.0259652452453156","-0.012835564474808053"
"1772000","-0.022408796479721785","-0.031942030256905125","-0.012875562702538446"
"1774000","-0.019684604644571665","-0.026179210739501288","-0.013189998549642042"
"1776000","-0.019298829198378373","-0.02552138011000352","-0.013076278286753222"
"1778000","-0.01968302192588453","-0.02550542120850878","-0.013860622643260285"
"1780000","-0.019216871801327216","-0.025491023659997156","-0.012942719942657277"
"1782000","-0.018639743318344698","-0.024899447392963337","-0.012380039243726059"
"1784000","-0.018406613324041247","-0.024430059753649404","-0.01238316689443309"
"1786000","-0.018672299181780545","-0.024658143343694972","-0.012686455019866117"
"1788000","-0.015593994390947045","-0.01830218278832035","-0.01288580599357374"
"1790000","-0.01878475308025372","-0.019426671295659618","-0.01814283486484783"
"1792000","-0.018311807332356694","-0.018774554944830015","-0.017849059719883372"
"1794000","-0.015179739601007896","-0.018942616031272338","-0.011416863170743453"
"1796000","-0.017588377857609885","-0.017714987181825563","-0.017461768533394206"
"1798000","-0.014030254424578743","-0.017008410467533396","-0.011052098381624091"
"1800000","-0.013626948098681169","-0.01673897455330007","-0.010514921644062269"
"1802000","-0.013316336515854347","-0.015796568196965382","-0.01083610483474331"
"1804000","-0.013824789388600038","-0.016404555576154962","-0.011245023201045114"
"1806000","-0.01425324386174907","-0.017524959990987556","-0.010981527732510585"
"1808000","-0.014684210132836599","-0.0182281142717693","-0.011140305993903895"
"1810000","-0.014342181053507375","-0.017704750621924177","-0.010979611485090572"
"1812000","-0.014553541915520326","-0.018285855535650625","-0.010821228295390029"
"1814000","-0.014584781040466625","-0.018437324665719644","-0.010732237415213603"
"1816000","-0.01767156746427645","-0.02489318490610458","-0.01044995002244832"
"1818000","-0.018262561542942424","-0.025578799085924402","-0.010946323999960442"
"1820000","-0.018579156467021674","-0.026101076329359783","-0.011057236604683567"
"1822000","-0.018837148765596792","-0.02674877958954312","-0.010925517941650469"
"1824000","-0.018437575514108177","-0.02587819564738311","-0.010996955380833243"
"1826000","-0.01851039518849575","-0.02661711236112751","-0.010403678015863988"
"1828000","-0.018643171379953853","-0.026759149223798885","-0.010527193536108825"
"1830000","-0.015536378079414135","-0.020096342951292173","-0.010976413207536097"
"1832000","-0.015620688504859571","-0.020827670708531514","-0.01041370630118763"
"1834000","-0.015688061145920074","-0.02061746909399517","-0.010758653197844978"
"1836000","-0.015633393938915108","-0.020759996909764596","-0.010506790968065616"
"1838000","-0.016620271357969615","-0.022716018788632938","-0.01052452392730629"
"1840000","-0.016479160926101032","-0.022729927644249984","-0.01022839420795208"
"1842000","-0.01662424092020956","-0.022797021463629788","-0.010451460376789328"
"1844000","-0.016405688543600264","-0.02275894350663293","-0.010052433580567595"
"1846000","-0.016329943912132876","-0.02291390197875444","-0.009745985845511314"
"1848000","-0.016840176593541402","-0.023852321603917516","-0.009828031583165284"
"1850000","-0.016693274734570877","-0.024004146671504713","-0.009382402797637041"
"1852000","-0.01617472549158265","-0.023243834665627218","-0.00910561631753808"
"1854000","-0.016180378591670888","-0.02348508457711432","-0.008875672606227453"
"1856000","-0.01619749146004324","-0.023775924454093912","-0.008619058465992566"
"1858000","-0.01612820723981713","-0.023495893097133375","-0.008760521382500884"
"1860000","-0.0157962370578025","-0.022944937344291247","-0.008647536771313753"
"1862000","-0.01571137521023047","-0.022809181991615333","-0.00861356842884561"
"1864000","-0.01613077357018483","-0.022885492067434825","-0.009376055072934833"
"1866000","-0.015302479193342152","-0.022668835237273015","-0.007936123149411287"
"1868000","-0.015351603199524107","-0.02275270094687585","-0.007950505452172366"
"1870000","-0.015089425072801532","-0.022443319778540173","-0.007735530367062893"
"1872000","-0.015029275393608259","-0.02233633827709127","-0.007722212510125246"
"1874000","-0.015108942790684523","-0.022520941082038917","-0.007696944499330129"
"1876000","-0.015335548492876116","-0.023168226513662377","-0.007502870472089853"
"1878000","-0.015486522539431462","-0.017669093306758442","-0.013303951772104482"
"1880000","-0.015215961955400417","-0.01717577476578299","-0.013256149145017843"
"1882000","-0.015450025120662757","-0.017257631640532053","-0.013642418600793462"
"1884000","-0.01232160449391813","-0.01344842598977266","-0.0111947829980636"
"1886000","-0.012664287471125135","-0.013874857884075028","-0.011453717058175243"
"1888000","-0.013024343185970792","-0.01381583043577848","-0.012232855936163104"
"1890000","-0.010274922126118326","-0.01357389686134411","-0.006975947390892543"
"1892000","-0.01014880325194099","-0.013863580091565382","-0.006434026412316598"
"1894000","-0.011260615920327836","-0.014025351009040605","-0.008495880831615068"
"1896000","-0.010982820212520892","-0.013995350072800648","-0.007970290352241137"
"1898000","-0.00759557690253132","-0.0076369545931811444","-0.007554199211881496"
"1900000","-0.007961514201160754","-0.008452335927286185","-0.007470692475035321"
"1902000","-0.008141089629061753","-0.008982458641403354","-0.0072997206167201515"
"1904000","-0.011175775483861798","-0.013367311190522741","-0.008984239777200856"
"1906000","-0.011580506099999183","-0.01355869732768042","-0.009602314872317948"
"1908000","-0.011737261314556234","-0.013375372071459423","-0.010099150557653046"
"1910000","-0.011545485437527531","-0.013286554258957039","-0.009804416616098023"
"1912000","-0.012216760472074383","-0.013864792776003014","-0.010568728168145754"
"1914000","-0.011740603747457497","-0.013992735952779185","-0.009488471542135812"
"1916000","-0.011565946743503447","-0.013723257747187745","-0.009408635739819147"
"1918000","-0.017668923813762377","-0.025876461143780033","-0.009461386483744718"
"1920000","-0.015074706538725877","-0.026096249716065358","-0.004053163361386396"
"1922000","-0.014550392856035614","-0.026065890257887078","-0.0030348954541841522"
"1924000","-0.014324954985786462","-0.025928888935304713","-0.002721021036268212"
"1926000","-0.014460214404534781","-0.025322739928669763","-0.0035976888803998007"
"1928000","-0.014689002569502918","-0.026049580185499507","-0.003328424953506328"
"1930000","-0.014412851346860406","-0.02584128302783938","-0.0029844196658814328"
"1932000","-0.01431199804341304","-0.025719434686761813","-0.0029045614000642673"
"1934000","-0.014127661717793671","-0.025578565032046755","-0.002676758403540589"
"1936000","-0.014159977232775418","-0.025435405255120714","-0.002884549210430123"
"1938000","-0.013865087499580113","-0.025642443907272536","-0.00208773109188769"
"1940000","-0.014265393844543723","-0.026056922648858744","-0.0024738650402287023"
"1942000","-0.01455338713079982","-0.02586741041188361","-0.0032393638497160283"
"1944000","-0.017726520700452966","-0.03162860294949496","-0.0038244384514109697"
"1946000","-0.017314313873721402","-0.031282503233815075","-0.0033461245136277283"
"1948000","-0.01773124875042413","-0.03158344510156894","-0.003879052399279317"
"1950000","-0.018057562429530664","-0.032305586777220015","-0.0038095380818413105"
"1952000","-0.017643659662062418","-0.03204503439977998","-0.0032422849243448583"
"1954000","-0.017188279319161663","-0.031552634059044064","-0.0028239245792792645"
"1956000","-0.01694105174865399","-0.03097789522871608","-0.0029042082685919015"
"1958000","-0.016824156427828713","-0.030505999444576447","-0.003142313411080977"
"1960000","-0.01659485395073716","-0.030649641711788717","-0.0025400661896856037"
"1962000","-0.016458016722099275","-0.030540396073483862","-0.002375637370714685"
"1964000","-0.01608888467271754","-0.03017145325022284","-0.0020063160952122415"
"1966000","-0.019060521339633853","-0.029870224944897928","-0.008250817734369776"
"1968000","-0.018899121377253324","-0.02924327723274473","-0.008554965521761914"
"1970000","-0.01906541495314741","-0.02900004143884871","-0.009130788467446109"
"1972000","-0.015898650814415306","-0.023253980395966208","-0.008543321232864401"
"1974000","-0.01601851828825602","-0.023032329963170922","-0.009004706613341113"
"1976000","-0.016029328234362764","-0.023124696375452912","-0.008933960093272617"
"1978000","-0.015922513820332825","-0.023265235534054227","-0.008579792106611422"
"1980000","-0.015578145866384147","-0.02277543415140826","-0.008380857581360033"
"1982000","-0.01583566798559332","-0.023127727460232565","-0.008543608510954072"
"1984000","-0.01890785133517056","-0.023062241867301055","-0.01475346080304007"
"1986000","-0.018802784258077736","-0.02306271708861459","-0.014542851427540882"
"1988000","-0.019022936946785196","-0.023712753684376368","-0.014333120209194021"
"1990000","-0.01664046039346431","-0.024402296946500427","-0.008878623840428191"
"1992000","-0.017149362391864997","-0.024236367077683098","-0.010062357706046896"
"1994000","-0.017542685957232608","-0.02455354573961813","-0.010531826174847082"
"1996000","-0.01473705331569363","-0.018682438664254734","-0.010791667967132525"
"1998000","-0.015384736841151606","-0.01897298917931039","-0.011796484502992826"
"2000000","-0.015613543412255241","-0.01919146184634883","-0.01203562497816165"