"Step","Grouped runs - collection/reward/extrinsic_episode_reward_min","Grouped runs - collection/reward/extrinsic_episode_reward_min__MIN","Grouped runs - collection/reward/extrinsic_episode_reward_min__MAX"
"2000","-5.999995231628418","-5.999995231628418","-5.999995231628418"
"4000","-5.999995231628418","-5.999995231628418","-5.999995231628418"
"6000","-5.999995231628418","-5.999995231628418","-5.999995231628418"
"8000","-5.999995231628418","-5.999995231628418","-5.999995231628418"
"10000","-5.999995231628418","-5.999995231628418","-5.999995231628418"
"12000","-5.999995231628418","-5.999995231628418","-5.999995231628418"
"14000","-5.999995231628418","-5.999995231628418","-5.999995231628418"
"16000","-5.999995231628418","-5.999995231628418","-5.999995231628418"
"18000","-5.999995231628418","-5.999995231628418","-5.999995231628418"
"20000","-5.999995231628418","-5.999995231628418","-5.999995231628418"
"22000","-5.999995231628418","-5.999995231628418","-5.999995231628418"
"24000","-5.999995231628418","-5.999995231628418","-5.999995231628418"
"26000","-5.999995231628418","-5.999995231628418","-5.999995231628418"
"28000","-5.999995231628418","-5.999995231628418","-5.999995231628418"
"30000","-5.999995231628418","-5.999995231628418","-5.999995231628418"
"32000","-5.999995231628418","-5.999995231628418","-5.999995231628418"
"34000","-5.999995231628418","-5.999995231628418","-5.999995231628418"
"36000","-5.999995231628418","-5.999995231628418","-5.999995231628418"
"38000","-5.999995231628418","-5.999995231628418","-5.999995231628418"
"40000","-5.999995231628418","-5.999995231628418","-5.999995231628418"
"42000","-5.999995231628418","-5.999995231628418","-5.999995231628418"
"44000","-5.999995231628418","-5.999995231628418","-5.999995231628418"
"46000","-2.9999957159161568","-5.999995231628418","0.0000037997961044311523"
"48000","-5.999995231628418","-5.999995231628418","-5.999995231628418"
"50000","-5.999995231628418","-5.999995231628418","-5.999995231628418"
"52000","-5.999995231628418","-5.999995231628418","-5.999995231628418"
"54000","-5.999995231628418","-5.999995231628418","-5.999995231628418"
"56000","-5.999995231628418","-5.999995231628418","-5.999995231628418"
"58000","-5.999995231628418","-5.999995231628418","-5.999995231628418"
"60000","-2.9999957159161568","-5.999995231628418","0.0000037997961044311523"
"62000","-5.999995231628418","-5.999995231628418","-5.999995231628418"
"64000","-5.999995231628418","-5.999995231628418","-5.999995231628418"
"66000","-5.999995231628418","-5.999995231628418","-5.999995231628418"
"68000","-5.999995231628418","-5.999995231628418","-5.999995231628418"
"70000","-5.999995231628418","-5.999995231628418","-5.999995231628418"
"72000","-5.999995231628418","-5.999995231628418","-5.999995231628418"
"74000","-5.999995231628418","-5.999995231628418","-5.999995231628418"
"76000","-5.999995231628418","-5.999995231628418","-5.999995231628418"
"78000","-5.999995231628418","-5.999995231628418","-5.999995231628418"
"80000","-5.999995231628418","-5.999995231628418","-5.999995231628418"
"82000","-5.999995231628418","-5.999995231628418","-5.999995231628418"
"84000","-5.999995231628418","-5.999995231628418","-5.999995231628418"
"86000","-5.999995231628418","-5.999995231628418","-5.999995231628418"
"88000","-5.999995231628418","-5.999995231628418","-5.999995231628418"
"90000","-5.999995231628418","-5.999995231628418","-5.999995231628418"
"92000","-5.999995231628418","-5.999995231628418","-5.999995231628418"
"94000","-5.999995231628418","-5.999995231628418","-5.999995231628418"
"96000","-5.999995231628418","-5.999995231628418","-5.999995231628418"
"98000","-5.999995231628418","-5.999995231628418","-5.999995231628418"
"100000","-5.999995231628418","-5.999995231628418","-5.999995231628418"
"102000","-5.999995231628418","-5.999995231628418","-5.999995231628418"
"104000","-2.9999957159161568","-5.999995231628418","0.0000037997961044311523"
"106000","-2.9999955371022224","-5.999995231628418","0.000004157423973083496"
"108000","-5.999995231628418","-5.999995231628418","-5.999995231628418"
"110000","-5.999995231628418","-5.999995231628418","-5.999995231628418"
"112000","-5.999995231628418","-5.999995231628418","-5.999995231628418"
"114000","-5.999995231628418","-5.999995231628418","-5.999995231628418"
"116000","-5.999995231628418","-5.999995231628418","-5.999995231628418"
"118000","-5.999995231628418","-5.999995231628418","-5.999995231628418"
"120000","-5.999995231628418","-5.999995231628418","-5.999995231628418"
"122000","-5.999995231628418","-5.999995231628418","-5.999995231628418"
"124000","-5.999995231628418","-5.999995231628418","-5.999995231628418"
"126000","-2.9999955371022224","-5.999995231628418","0.000004157423973083496"
"128000","-5.999995231628418","-5.999995231628418","-5.999995231628418"
"130000","-2.9999957159161568","-5.999995231628418","0.0000037997961044311523"
"132000","-5.999995231628418","-5.999995231628418","-5.999995231628418"
"134000","-5.999995231628418","-5.999995231628418","-5.999995231628418"
"136000","-5.999995231628418","-5.999995231628418","-5.999995231628418"
"138000","-5.999995231628418","-5.999995231628418","-5.999995231628418"
"140000","-5.999995231628418","-5.999995231628418","-5.999995231628418"
"142000","-5.999995231628418","-5.999995231628418","-5.999995231628418"
"144000","-5.999995231628418","-5.999995231628418","-5.999995231628418"
"146000","-5.999995231628418","-5.999995231628418","-5.999995231628418"
"148000","-5.999995231628418","-5.999995231628418","-5.999995231628418"
"150000","-5.999995231628418","-5.999995231628418","-5.999995231628418"
"152000","-5.999995231628418","-5.999995231628418","-5.999995231628418"
"154000","-2.9999957159161568","-5.999995231628418","0.0000037997961044311523"
"156000","-5.999995231628418","-5.999995231628418","-5.999995231628418"
"158000","-5.999995231628418","-5.999995231628418","-5.999995231628418"
"160000","-2.9999957159161568","-5.999995231628418","0.0000037997961044311523"
"162000","-5.999995231628418","-5.999995231628418","-5.999995231628418"
"164000","-5.999995231628418","-5.999995231628418","-5.999995231628418"
"166000","-5.999995231628418","-5.999995231628418","-5.999995231628418"
"168000","-5.999995231628418","-5.999995231628418","-5.999995231628418"
"170000","-2.9999957159161568","-5.999995231628418","0.0000037997961044311523"
"172000","-5.999995231628418","-5.999995231628418","-5.999995231628418"
"174000","-2.9999957159161568","-5.999995231628418","0.0000037997961044311523"
"176000","-5.999995231628418","-5.999995231628418","-5.999995231628418"
"178000","-2.9999955371022224","-5.999995231628418","0.000004157423973083496"
"180000","-2.9999955371022224","-5.999995231628418","0.000004157423973083496"
"182000","-5.999995231628418","-5.999995231628418","-5.999995231628418"
"184000","-5.999995231628418","-5.999995231628418","-5.999995231628418"
"186000","-5.999995231628418","-5.999995231628418","-5.999995231628418"
"188000","-5.999995231628418","-5.999995231628418","-5.999995231628418"
"190000","-5.999995231628418","-5.999995231628418","-5.999995231628418"
"192000","-5.999995231628418","-5.999995231628418","-5.999995231628418"
"194000","-5.999995231628418","-5.999995231628418","-5.999995231628418"
"196000","-2.9999955371022224","-5.999995231628418","0.000004157423973083496"
"198000","-5.999995231628418","-5.999995231628418","-5.999995231628418"
"200000","-5.999995231628418","-5.999995231628418","-5.999995231628418"
"202000","-5.999995231628418","-5.999995231628418","-5.999995231628418"
"204000","-5.999995231628418","-5.999995231628418","-5.999995231628418"
"206000","-5.999995231628418","-5.999995231628418","-5.999995231628418"
"208000","-5.999995231628418","-5.999995231628418","-5.999995231628418"
"210000","-5.999995231628418","-5.999995231628418","-5.999995231628418"
"212000","-5.999995231628418","-5.999995231628418","-5.999995231628418"
"214000","-5.999995231628418","-5.999995231628418","-5.999995231628418"
"216000","-5.999995231628418","-5.999995231628418","-5.999995231628418"
"218000","-2.9999957159161568","-5.999995231628418","0.0000037997961044311523"
"220000","-5.999995231628418","-5.999995231628418","-5.999995231628418"
"222000","-5.999995231628418","-5.999995231628418","-5.999995231628418"
"224000","-2.9999955371022224","-5.999995231628418","0.000004157423973083496"
"226000","-2.9999957159161568","-5.999995231628418","0.0000037997961044311523"
"228000","-5.999995231628418","-5.999995231628418","-5.999995231628418"
"230000","-5.999995231628418","-5.999995231628418","-5.999995231628418"
"232000","-5.999995231628418","-5.999995231628418","-5.999995231628418"
"234000","-5.999995231628418","-5.999995231628418","-5.999995231628418"
"236000","-5.999995231628418","-5.999995231628418","-5.999995231628418"
"238000","-5.999995231628418","-5.999995231628418","-5.999995231628418"
"240000","-5.999995231628418","-5.999995231628418","-5.999995231628418"
"242000","-5.999995231628418","-5.999995231628418","-5.999995231628418"
"244000","-5.999995231628418","-5.999995231628418","-5.999995231628418"
"246000","-5.999995231628418","-5.999995231628418","-5.999995231628418"
"248000","-2.9999957159161568","-5.999995231628418","0.0000037997961044311523"
"250000","-5.999995231628418","-5.999995231628418","-5.999995231628418"
"252000","-2.9999955371022224","-5.999995231628418","0.000004157423973083496"
"254000","-5.999995231628418","-5.999995231628418","-5.999995231628418"
"256000","-5.999995231628418","-5.999995231628418","-5.999995231628418"
"258000","-5.999995231628418","-5.999995231628418","-5.999995231628418"
"260000","-5.999995231628418","-5.999995231628418","-5.999995231628418"
"262000","-5.999995231628418","-5.999995231628418","-5.999995231628418"
"264000","-5.999995231628418","-5.999995231628418","-5.999995231628418"
"266000","-5.999995231628418","-5.999995231628418","-5.999995231628418"
"268000","-5.999995231628418","-5.999995231628418","-5.999995231628418"
"270000","-5.999995231628418","-5.999995231628418","-5.999995231628418"
"272000","-2.9999955371022224","-5.999995231628418","0.000004157423973083496"
"274000","-5.999995231628418","-5.999995231628418","-5.999995231628418"
"276000","-5.999995231628418","-5.999995231628418","-5.999995231628418"
"278000","-2.9999957159161568","-5.999995231628418","0.0000037997961044311523"
"280000","-5.999995231628418","-5.999995231628418","-5.999995231628418"
"282000","-2.9999957159161568","-5.999995231628418","0.0000037997961044311523"
"284000","-5.999995231628418","-5.999995231628418","-5.999995231628418"
"286000","-5.999995231628418","-5.999995231628418","-5.999995231628418"
"288000","-5.999995231628418","-5.999995231628418","-5.999995231628418"
"290000","-5.999995231628418","-5.999995231628418","-5.999995231628418"
"292000","-5.999995231628418","-5.999995231628418","-5.999995231628418"
"294000","-2.9999955371022224","-5.999995231628418","0.000004157423973083496"
"296000","-5.999995231628418","-5.999995231628418","-5.999995231628418"
"298000","-5.999995231628418","-5.999995231628418","-5.999995231628418"
"300000","-5.999995231628418","-5.999995231628418","-5.999995231628418"
"302000","-5.999995231628418","-5.999995231628418","-5.999995231628418"
"304000","-5.999995231628418","-5.999995231628418","-5.999995231628418"
"306000","-5.999995231628418","-5.999995231628418","-5.999995231628418"
"308000","-2.9999957159161568","-5.999995231628418","0.0000037997961044311523"
"310000","-5.999995231628418","-5.999995231628418","-5.999995231628418"
"312000","-5.999995231628418","-5.999995231628418","-5.999995231628418"
"314000","-5.999995231628418","-5.999995231628418","-5.999995231628418"
"316000","-2.9999955371022224","-5.999995231628418","0.000004157423973083496"
"318000","-2.9999957159161568","-5.999995231628418","0.0000037997961044311523"
"320000","-5.999995231628418","-5.999995231628418","-5.999995231628418"
"322000","-5.999995231628418","-5.999995231628418","-5.999995231628418"
"324000","-5.999995231628418","-5.999995231628418","-5.999995231628418"
"326000","-5.999995231628418","-5.999995231628418","-5.999995231628418"
"328000","-2.999995358288288","-5.999995231628418","0.00000451505184173584"
"330000","-5.999995231628418","-5.999995231628418","-5.999995231628418"
"332000","-5.999995231628418","-5.999995231628418","-5.999995231628418"
"334000","-5.999995231628418","-5.999995231628418","-5.999995231628418"
"336000","-5.999995231628418","-5.999995231628418","-5.999995231628418"
"338000","-2.9999957159161568","-5.999995231628418","0.0000037997961044311523"
"340000","-5.999995231628418","-5.999995231628418","-5.999995231628418"
"342000","-5.999995231628418","-5.999995231628418","-5.999995231628418"
"344000","-5.999995231628418","-5.999995231628418","-5.999995231628418"
"346000","-5.999995231628418","-5.999995231628418","-5.999995231628418"
"348000","-5.999995231628418","-5.999995231628418","-5.999995231628418"
"350000","-5.999995231628418","-5.999995231628418","-5.999995231628418"
"352000","-5.999995231628418","-5.999995231628418","-5.999995231628418"
"354000","-5.999995231628418","-5.999995231628418","-5.999995231628418"
"356000","-5.999995231628418","-5.999995231628418","-5.999995231628418"
"358000","-2.9999957159161568","-5.999995231628418","0.0000037997961044311523"
"360000","-5.999995231628418","-5.999995231628418","-5.999995231628418"
"362000","-2.9999955371022224","-5.999995231628418","0.000004157423973083496"
"364000","-5.999995231628418","-5.999995231628418","-5.999995231628418"
"366000","-2.9999955371022224","-5.999995231628418","0.000004157423973083496"
"368000","-5.999995231628418","-5.999995231628418","-5.999995231628418"
"370000","-5.999995231628418","-5.999995231628418","-5.999995231628418"
"372000","-5.999995231628418","-5.999995231628418","-5.999995231628418"
"374000","-5.999995231628418","-5.999995231628418","-5.999995231628418"
"376000","-2.9999955371022224","-5.999995231628418","0.000004157423973083496"
"378000","-5.999995231628418","-5.999995231628418","-5.999995231628418"
"380000","-2.9999957159161568","-5.999995231628418","0.0000037997961044311523"
"382000","-5.999995231628418","-5.999995231628418","-5.999995231628418"
"384000","-5.999995231628418","-5.999995231628418","-5.999995231628418"
"386000","-5.999995231628418","-5.999995231628418","-5.999995231628418"
"388000","-5.999995231628418","-5.999995231628418","-5.999995231628418"
"390000","-5.999995231628418","-5.999995231628418","-5.999995231628418"
"392000","-5.999995231628418","-5.999995231628418","-5.999995231628418"
"394000","-5.999995231628418","-5.999995231628418","-5.999995231628418"
"396000","-2.9999957159161568","-5.999995231628418","0.0000037997961044311523"
"398000","-5.999995231628418","-5.999995231628418","-5.999995231628418"
"400000","-5.999995231628418","-5.999995231628418","-5.999995231628418"
"402000","-2.9999957159161568","-5.999995231628418","0.0000037997961044311523"
"404000","-2.9999955371022224","-5.999995231628418","0.000004157423973083496"
"406000","-5.999995231628418","-5.999995231628418","-5.999995231628418"
"408000","-5.999995231628418","-5.999995231628418","-5.999995231628418"
"410000","-5.999995231628418","-5.999995231628418","-5.999995231628418"
"412000","-5.999995231628418","-5.999995231628418","-5.999995231628418"
"414000","-5.999995231628418","-5.999995231628418","-5.999995231628418"
"416000","-5.999995231628418","-5.999995231628418","-5.999995231628418"
"418000","-5.999995231628418","-5.999995231628418","-5.999995231628418"
"420000","-5.999995231628418","-5.999995231628418","-5.999995231628418"
"422000","-2.9999957159161568","-5.999995231628418","0.0000037997961044311523"
"424000","-5.999995231628418","-5.999995231628418","-5.999995231628418"
"426000","-5.999995231628418","-5.999995231628418","-5.999995231628418"
"428000","-5.999995231628418","-5.999995231628418","-5.999995231628418"
"430000","-5.999995231628418","-5.999995231628418","-5.999995231628418"
"432000","-5.999995231628418","-5.999995231628418","-5.999995231628418"
"434000","-5.999995231628418","-5.999995231628418","-5.999995231628418"
"436000","-2.9999957159161568","-5.999995231628418","0.0000037997961044311523"
"438000","-5.999995231628418","-5.999995231628418","-5.999995231628418"
"440000","-5.999995231628418","-5.999995231628418","-5.999995231628418"
"442000","-2.9999957159161568","-5.999995231628418","0.0000037997961044311523"
"444000","-5.999995231628418","-5.999995231628418","-5.999995231628418"
"446000","-2.9999955371022224","-5.999995231628418","0.000004157423973083496"
"448000","-5.999995231628418","-5.999995231628418","-5.999995231628418"
"450000","-2.9999957159161568","-5.999995231628418","0.0000037997961044311523"
"452000","-5.999995231628418","-5.999995231628418","-5.999995231628418"
"454000","-5.999995231628418","-5.999995231628418","-5.999995231628418"
"456000","-5.999995231628418","-5.999995231628418","-5.999995231628418"
"458000","-5.999995231628418","-5.999995231628418","-5.999995231628418"
"460000","-5.999995231628418","-5.999995231628418","-5.999995231628418"
"462000","-5.999995231628418","-5.999995231628418","-5.999995231628418"
"464000","-5.999995231628418","-5.999995231628418","-5.999995231628418"
"466000","-2.9999955371022224","-5.999995231628418","0.000004157423973083496"
"468000","-5.999995231628418","-5.999995231628418","-5.999995231628418"
"470000","-5.999995231628418","-5.999995231628418","-5.999995231628418"
"472000","-5.999995231628418","-5.999995231628418","-5.999995231628418"
"474000","-5.999995231628418","-5.999995231628418","-5.999995231628418"
"476000","-2.9999955371022224","-5.999995231628418","0.000004157423973083496"
"478000","-5.999995231628418","-5.999995231628418","-5.999995231628418"
"480000","-5.999995231628418","-5.999995231628418","-5.999995231628418"
"482000","-5.999995231628418","-5.999995231628418","-5.999995231628418"
"484000","-5.999995231628418","-5.999995231628418","-5.999995231628418"
"486000","-5.999995231628418","-5.999995231628418","-5.999995231628418"
"488000","-2.9999955371022224","-5.999995231628418","0.000004157423973083496"
"490000","-2.9999955371022224","-5.999995231628418","0.000004157423973083496"
"492000","-5.999995231628418","-5.999995231628418","-5.999995231628418"
"494000","-2.9999955371022224","-5.999995231628418","0.000004157423973083496"
"496000","-5.999995231628418","-5.999995231628418","-5.999995231628418"
"498000","-5.999995231628418","-5.999995231628418","-5.999995231628418"
"500000","-5.999995231628418","-5.999995231628418","-5.999995231628418"
"502000","-5.999995231628418","-5.999995231628418","-5.999995231628418"
"504000","-5.999995231628418","-5.999995231628418","-5.999995231628418"
"506000","-5.999995231628418","-5.999995231628418","-5.999995231628418"
"508000","-5.999995231628418","-5.999995231628418","-5.999995231628418"
"510000","-5.999995231628418","-5.999995231628418","-5.999995231628418"
"512000","-5.999995231628418","-5.999995231628418","-5.999995231628418"
"514000","-5.999995231628418","-5.999995231628418","-5.999995231628418"
"516000","-2.9999955371022224","-5.999995231628418","0.000004157423973083496"
"518000","-2.9999957159161568","-5.999995231628418","0.0000037997961044311523"
"520000","-2.9999957159161568","-5.999995231628418","0.0000037997961044311523"
"522000","-2.9999955371022224","-5.999995231628418","0.000004157423973083496"
"524000","-2.9999955371022224","-5.999995231628418","0.000004157423973083496"
"526000","-5.999995231628418","-5.999995231628418","-5.999995231628418"
"528000","-5.999995231628418","-5.999995231628418","-5.999995231628418"
"530000","-2.9999957159161568","-5.999995231628418","0.0000037997961044311523"
"532000","-2.9999955371022224","-5.999995231628418","0.000004157423973083496"
"534000","-5.999995231628418","-5.999995231628418","-5.999995231628418"
"536000","-5.999995231628418","-5.999995231628418","-5.999995231628418"
"538000","-2.9999955371022224","-5.999995231628418","0.000004157423973083496"
"540000","-2.9999955371022224","-5.999995231628418","0.000004157423973083496"
"542000","-2.9999955371022224","-5.999995231628418","0.000004157423973083496"
"544000","-2.9999955371022224","-5.999995231628418","0.000004157423973083496"
"546000","-5.999995231628418","-5.999995231628418","-5.999995231628418"
"548000","-5.999995231628418","-5.999995231628418","-5.999995231628418"
"550000","-2.999995358288288","-5.999995231628418","0.00000451505184173584"
"552000","-5.999995231628418","-5.999995231628418","-5.999995231628418"
"554000","-5.999995231628418","-5.999995231628418","-5.999995231628418"
"556000","-2.9999957159161568","-5.999995231628418","0.0000037997961044311523"
"558000","-5.999995231628418","-5.999995231628418","-5.999995231628418"
"560000","-2.9999955371022224","-5.999995231628418","0.000004157423973083496"
"562000","-5.999995231628418","-5.999995231628418","-5.999995231628418"
"564000","0.000004157423973083496","0.000004157423973083496","0.000004157423973083496"
"566000","-2.9999955371022224","-5.999995231628418","0.000004157423973083496"
"568000","-5.999995231628418","-5.999995231628418","-5.999995231628418"
"570000","-2.9999957159161568","-5.999995231628418","0.0000037997961044311523"
"572000","-5.999995231628418","-5.999995231628418","-5.999995231628418"
"574000","0.000003978610038757324","0.0000037997961044311523","0.000004157423973083496"
"576000","-5.999995231628418","-5.999995231628418","-5.999995231628418"
"578000","-5.999995231628418","-5.999995231628418","-5.999995231628418"
"580000","-2.9999955371022224","-5.999995231628418","0.000004157423973083496"
"582000","-2.9999957159161568","-5.999995231628418","0.0000037997961044311523"
"584000","-2.9999955371022224","-5.999995231628418","0.000004157423973083496"
"586000","-5.999995231628418","-5.999995231628418","-5.999995231628418"
"588000","-2.9999955371022224","-5.999995231628418","0.000004157423973083496"
"590000","-2.9999957159161568","-5.999995231628418","0.0000037997961044311523"
"592000","-2.9999955371022224","-5.999995231628418","0.000004157423973083496"
"594000","-2.9999955371022224","-5.999995231628418","0.000004157423973083496"
"596000","-2.9999955371022224","-5.999995231628418","0.000004157423973083496"
"598000","-2.9999955371022224","-5.999995231628418","0.000004157423973083496"
"600000","-2.999995671212673","-5.999995231628418","0.000003889203071594238"
"602000","-2.9999955371022224","-5.999995231628418","0.000004157423973083496"
"604000","-5.999995231628418","-5.999995231628418","-5.999995231628418"
"606000","-2.999995358288288","-5.999995231628418","0.00000451505184173584"
"608000","-2.9999955371022224","-5.999995231628418","0.000004157423973083496"
"610000","-5.999995231628418","-5.999995231628418","-5.999995231628418"
"612000","-2.9999955371022224","-5.999995231628418","0.000004157423973083496"
"614000","-2.9999955371022224","-5.999995231628418","0.000004157423973083496"
"616000","-2.9999957159161568","-5.999995231628418","0.0000037997961044311523"
"618000","-2.9999955371022224","-5.999995231628418","0.000004157423973083496"
"620000","0.000004157423973083496","0.000004157423973083496","0.000004157423973083496"
"622000","-2.9999955371022224","-5.999995231628418","0.000004157423973083496"
"624000","0.000004157423973083496","0.000004157423973083496","0.000004157423973083496"
"626000","-5.999995231628418","-5.999995231628418","-5.999995231628418"
"628000","-2.9999955371022224","-5.999995231628418","0.000004157423973083496"
"630000","-2.9999955371022224","-5.999995231628418","0.000004157423973083496"
"632000","-2.9999955371022224","-5.999995231628418","0.000004157423973083496"
"634000","-2.9999955371022224","-5.999995231628418","0.000004157423973083496"
"636000","-2.9999955371022224","-5.999995231628418","0.000004157423973083496"
"638000","-2.9999955371022224","-5.999995231628418","0.000004157423973083496"
"640000","-2.9999955371022224","-5.999995231628418","0.000004157423973083496"
"642000","-2.9999955371022224","-5.999995231628418","0.000004157423973083496"
"644000","-2.9999955371022224","-5.999995231628418","0.000004157423973083496"
"646000","-2.9999957159161568","-5.999995231628418","0.0000037997961044311523"
"648000","-2.9999957159161568","-5.999995231628418","0.0000037997961044311523"
"650000","-2.9999957159161568","-5.999995231628418","0.0000037997961044311523"
"652000","-2.9999955371022224","-5.999995231628418","0.000004157423973083496"
"654000","-2.9999955371022224","-5.999995231628418","0.000004157423973083496"
"656000","-5.999995231628418","-5.999995231628418","-5.999995231628418"
"658000","-2.9999955371022224","-5.999995231628418","0.000004157423973083496"
"660000","0.000004157423973083496","0.000004157423973083496","0.000004157423973083496"
"662000","-2.9999955371022224","-5.999995231628418","0.000004157423973083496"
"664000","-2.9999955371022224","-5.999995231628418","0.000004157423973083496"
"666000","-2.9999955371022224","-5.999995231628418","0.000004157423973083496"
"668000","-2.9999955371022224","-5.999995231628418","0.000004157423973083496"
"670000","-2.9999955371022224","-5.999995231628418","0.000004157423973083496"
"672000","-2.999995671212673","-5.999995231628418","0.000003889203071594238"
"674000","-2.9999955371022224","-5.999995231628418","0.000004157423973083496"
"676000","-2.9999955371022224","-5.999995231628418","0.000004157423973083496"
"678000","-2.9999955371022224","-5.999995231628418","0.000004157423973083496"
"680000","-2.9999955371022224","-5.999995231628418","0.000004157423973083496"
"682000","-2.9999955371022224","-5.999995231628418","0.000004157423973083496"
"684000","-2.9999955371022224","-5.999995231628418","0.000004157423973083496"
"686000","0.000003978610038757324","0.0000037997961044311523","0.000004157423973083496"
"688000","-2.9999955371022224","-5.999995231628418","0.000004157423973083496"
"690000","-2.9999955371022224","-5.999995231628418","0.000004157423973083496"
"692000","-2.9999955371022224","-5.999995231628418","0.000004157423973083496"
"694000","-2.9999955371022224","-5.999995231628418","0.000004157423973083496"
"696000","-2.9999955371022224","-5.999995231628418","0.000004157423973083496"
"698000","0.000004157423973083496","0.000004157423973083496","0.000004157423973083496"
"700000","-2.9999955371022224","-5.999995231628418","0.000004157423973083496"
"702000","0.000003978610038757324","0.0000037997961044311523","0.000004157423973083496"
"704000","-2.9999955371022224","-5.999995231628418","0.000004157423973083496"
"706000","-2.9999957159161568","-5.999995231628418","0.0000037997961044311523"
"708000","-2.9999955371022224","-5.999995231628418","0.000004157423973083496"
"710000","-2.9999955371022224","-5.999995231628418","0.000004157423973083496"
"712000","-2.9999955371022224","-5.999995231628418","0.000004157423973083496"
"714000","0.000004336237907409668","0.000004157423973083496","0.00000451505184173584"
"716000","0.000004157423973083496","0.000004157423973083496","0.000004157423973083496"
"718000","0.000004157423973083496","0.000004157423973083496","0.000004157423973083496"
"720000","0.000003978610038757324","0.0000037997961044311523","0.000004157423973083496"
"722000","-2.9999955371022224","-5.999995231628418","0.000004157423973083496"
"724000","0.000004157423973083496","0.000004157423973083496","0.000004157423973083496"
"726000","-2.9999955371022224","-5.999995231628418","0.000004157423973083496"
"728000","0.000004157423973083496","0.000004157423973083496","0.000004157423973083496"
"730000","0.000003978610038757324","0.0000037997961044311523","0.000004157423973083496"
"732000","-2.9999955371022224","-5.999995231628418","0.000004157423973083496"
"734000","0.000004336237907409668","0.000004157423973083496","0.00000451505184173584"
"736000","0.000003978610038757324","0.0000037997961044311523","0.000004157423973083496"
"738000","0.000004336237907409668","0.000004157423973083496","0.00000451505184173584"
"740000","0.000004336237907409668","0.000004157423973083496","0.00000451505184173584"
"742000","-2.9999955371022224","-5.999995231628418","0.000004157423973083496"
"744000","-2.9999955371022224","-5.999995231628418","0.000004157423973083496"
"746000","0.000003978610038757324","0.0000037997961044311523","0.000004157423973083496"
"748000","0.000004157423973083496","0.000004157423973083496","0.000004157423973083496"
"750000","0.000004157423973083496","0.000004157423973083496","0.000004157423973083496"
"752000","0.000003978610038757324","0.0000037997961044311523","0.000004157423973083496"
"754000","0.000004157423973083496","0.000004157423973083496","0.000004157423973083496"
"756000","-2.9999955371022224","-5.999995231628418","0.000004157423973083496"
"758000","0.000003978610038757324","0.0000037997961044311523","0.000004157423973083496"
"760000","-2.9999955371022224","-5.999995231628418","0.000004157423973083496"
"762000","0.000003978610038757324","0.0000037997961044311523","0.000004157423973083496"
"764000","-2.999995358288288","-5.999995231628418","0.00000451505184173584"
"766000","-2.9999955371022224","-5.999995231628418","0.000004157423973083496"
"768000","0.000004157423973083496","0.000004157423973083496","0.000004157423973083496"
"770000","0.000003978610038757324","0.0000037997961044311523","0.000004157423973083496"
"772000","-2.9999955371022224","-5.999995231628418","0.000004157423973083496"
"774000","0.000004157423973083496","0.000004157423973083496","0.000004157423973083496"
"776000","-5.999995231628418","-5.999995231628418","-5.999995231628418"
"778000","-2.9999955371022224","-5.999995231628418","0.000004157423973083496"
"780000","0.000004157423973083496","0.000004157423973083496","0.000004157423973083496"
"782000","0.000004157423973083496","0.000004157423973083496","0.000004157423973083496"
"784000","0.000004157423973083496","0.000004157423973083496","0.000004157423973083496"
"786000","0.000004157423973083496","0.000004157423973083496","0.000004157423973083496"
"788000","0.000004157423973083496","0.000004157423973083496","0.000004157423973083496"
"790000","-2.9999955371022224","-5.999995231628418","0.000004157423973083496"
"792000","0.000004157423973083496","0.000004157423973083496","0.000004157423973083496"
"794000","0.000004157423973083496","0.000004157423973083496","0.000004157423973083496"
"796000","0.00000406801700592041","0.000003978610038757324","0.000004157423973083496"
"798000","0.000004157423973083496","0.000004157423973083496","0.000004157423973083496"
"800000","0.000003978610038757324","0.0000037997961044311523","0.000004157423973083496"
"802000","-2.9999957159161568","-5.999995231628418","0.0000037997961044311523"
"804000","0.000004157423973083496","0.000004157423973083496","0.000004157423973083496"
"806000","0.000003978610038757324","0.0000037997961044311523","0.000004157423973083496"
"808000","-2.9999955371022224","-5.999995231628418","0.000004157423973083496"
"810000","0.000004157423973083496","0.000004157423973083496","0.000004157423973083496"
"812000","0.000004157423973083496","0.000004157423973083496","0.000004157423973083496"
"814000","0.000004157423973083496","0.000004157423973083496","0.000004157423973083496"
"816000","0.000003978610038757324","0.0000037997961044311523","0.000004157423973083496"
"818000","-2.9999955371022224","-5.999995231628418","0.000004157423973083496"
"820000","0.000004157423973083496","0.000004157423973083496","0.000004157423973083496"
"822000","0.000004157423973083496","0.000004157423973083496","0.000004157423973083496"
"824000","0.000004157423973083496","0.000004157423973083496","0.000004157423973083496"
"826000","0.000004157423973083496","0.000004157423973083496","0.000004157423973083496"
"828000","0.000004157423973083496","0.000004157423973083496","0.000004157423973083496"
"830000","0.000004157423973083496","0.000004157423973083496","0.000004157423973083496"
"832000","0.000004157423973083496","0.000004157423973083496","0.000004157423973083496"
"834000","0.000004157423973083496","0.000004157423973083496","0.000004157423973083496"
"836000","0.000004157423973083496","0.000004157423973083496","0.000004157423973083496"
"838000","0.000004157423973083496","0.000004157423973083496","0.000004157423973083496"
"840000","-2.9999955371022224","-5.999995231628418","0.000004157423973083496"
"842000","0.000004157423973083496","0.000004157423973083496","0.000004157423973083496"
"844000","0.000004336237907409668","0.000004157423973083496","0.00000451505184173584"
"846000","0.000004157423973083496","0.000004157423973083496","0.000004157423973083496"
"848000","0.000004157423973083496","0.000004157423973083496","0.000004157423973083496"
"850000","0.000004157423973083496","0.000004157423973083496","0.000004157423973083496"
"852000","0.000004157423973083496","0.000004157423973083496","0.000004157423973083496"
"854000","0.000004157423973083496","0.000004157423973083496","0.000004157423973083496"
"856000","-2.9999955371022224","-5.999995231628418","0.000004157423973083496"
"858000","0.000004157423973083496","0.000004157423973083496","0.000004157423973083496"
"860000","0.000004157423973083496","0.000004157423973083496","0.000004157423973083496"
"862000","0.000004336237907409668","0.000004157423973083496","0.00000451505184173584"
"864000","0.000003978610038757324","0.0000037997961044311523","0.000004157423973083496"
"866000","0.000004157423973083496","0.000004157423973083496","0.000004157423973083496"
"868000","0.000004157423973083496","0.000004157423973083496","0.000004157423973083496"
"870000","-2.9999955371022224","-5.999995231628418","0.000004157423973083496"
"872000","0.000004157423973083496","0.000004157423973083496","0.000004157423973083496"
"874000","0.000003978610038757324","0.0000037997961044311523","0.000004157423973083496"
"876000","0.000003978610038757324","0.0000037997961044311523","0.000004157423973083496"
"878000","-2.9999955371022224","-5.999995231628418","0.000004157423973083496"
"880000","0.000004336237907409668","0.000004157423973083496","0.00000451505184173584"
"882000","0.000004157423973083496","0.000004157423973083496","0.000004157423973083496"
"884000","0.000004157423973083496","0.000004157423973083496","0.000004157423973083496"
"886000","0.000003978610038757324","0.0000037997961044311523","0.000004157423973083496"
"888000","0.000004157423973083496","0.000004157423973083496","0.000004157423973083496"
"890000","0.000004157423973083496","0.000004157423973083496","0.000004157423973083496"
"892000","0.000004157423973083496","0.000004157423973083496","0.000004157423973083496"
"894000","0.000004157423973083496","0.000004157423973083496","0.000004157423973083496"
"896000","0.000004157423973083496","0.000004157423973083496","0.000004157423973083496"
"898000","0.000004157423973083496","0.000004157423973083496","0.000004157423973083496"
"900000","0.000004157423973083496","0.000004157423973083496","0.000004157423973083496"
"902000","0.000004157423973083496","0.000004157423973083496","0.000004157423973083496"
"904000","0.000004157423973083496","0.000004157423973083496","0.000004157423973083496"
"906000","0.000004157423973083496","0.000004157423973083496","0.000004157423973083496"
"908000","0.000004157423973083496","0.000004157423973083496","0.000004157423973083496"
"910000","0.000004157423973083496","0.000004157423973083496","0.000004157423973083496"
"912000","-2.9999957159161568","-5.999995231628418","0.0000037997961044311523"
"914000","-2.9999955371022224","-5.999995231628418","0.000004157423973083496"
"916000","0.000004157423973083496","0.000004157423973083496","0.000004157423973083496"
"918000","0.000004157423973083496","0.000004157423973083496","0.000004157423973083496"
"920000","0.000003978610038757324","0.0000037997961044311523","0.000004157423973083496"
"922000","0.000004157423973083496","0.000004157423973083496","0.000004157423973083496"
"924000","0.000004157423973083496","0.000004157423973083496","0.000004157423973083496"
"926000","0.000003978610038757324","0.0000037997961044311523","0.000004157423973083496"
"928000","0.000004157423973083496","0.000004157423973083496","0.000004157423973083496"
"930000","-2.9999955371022224","-5.999995231628418","0.000004157423973083496"
"932000","0.000004336237907409668","0.000004157423973083496","0.00000451505184173584"
"934000","-2.9999955371022224","-5.999995231628418","0.000004157423973083496"
"936000","0.000004157423973083496","0.000004157423973083496","0.000004157423973083496"
"938000","-2.9999955371022224","-5.999995231628418","0.000004157423973083496"
"940000","0.000004157423973083496","0.000004157423973083496","0.000004157423973083496"
"942000","0.000004157423973083496","0.000004157423973083496","0.000004157423973083496"
"944000","0.000004157423973083496","0.000004157423973083496","0.000004157423973083496"
"946000","0.000004157423973083496","0.000004157423973083496","0.000004157423973083496"
"948000","0.000004157423973083496","0.000004157423973083496","0.000004157423973083496"
"950000","0.000004157423973083496","0.000004157423973083496","0.000004157423973083496"
"952000","0.000004157423973083496","0.000004157423973083496","0.000004157423973083496"
"954000","0.000004157423973083496","0.000004157423973083496","0.000004157423973083496"
"956000","0.000004157423973083496","0.000004157423973083496","0.000004157423973083496"
"958000","0.000004157423973083496","0.000004157423973083496","0.000004157423973083496"
"960000","0.000004157423973083496","0.000004157423973083496","0.000004157423973083496"
"962000","0.000004157423973083496","0.000004157423973083496","0.000004157423973083496"
"964000","-2.9999955371022224","-5.999995231628418","0.000004157423973083496"
"966000","0.000004157423973083496","0.000004157423973083496","0.000004157423973083496"
"968000","-2.9999955371022224","-5.999995231628418","0.000004157423973083496"
"970000","0.000004157423973083496","0.000004157423973083496","0.000004157423973083496"
"972000","0.000004157423973083496","0.000004157423973083496","0.000004157423973083496"
"974000","0.000003978610038757324","0.0000037997961044311523","0.000004157423973083496"
"976000","0.000004157423973083496","0.000004157423973083496","0.000004157423973083496"
"978000","0.000004157423973083496","0.000004157423973083496","0.000004157423973083496"
"980000","0.000003978610038757324","0.0000037997961044311523","0.000004157423973083496"
"982000","0.000004157423973083496","0.000004157423973083496","0.000004157423973083496"
"984000","0.000004157423973083496","0.000004157423973083496","0.000004157423973083496"
"986000","0.000004157423973083496","0.000004157423973083496","0.000004157423973083496"
"988000","0.000004157423973083496","0.000004157423973083496","0.000004157423973083496"
"990000","0.000004157423973083496","0.000004157423973083496","0.000004157423973083496"
"992000","0.000004157423973083496","0.000004157423973083496","0.000004157423973083496"
"994000","0.000004157423973083496","0.000004157423973083496","0.000004157423973083496"
"996000","0.000004157423973083496","0.000004157423973083496","0.000004157423973083496"
"998000","0.000004157423973083496","0.000004157423973083496","0.000004157423973083496"
"1000000","0.000004157423973083496","0.000004157423973083496","0.000004157423973083496"
"1002000","0.000004157423973083496","0.000004157423973083496","0.000004157423973083496"
"1004000","0.000003978610038757324","0.0000037997961044311523","0.000004157423973083496"
"1006000","0.000004157423973083496","0.000004157423973083496","0.000004157423973083496"
"1008000","0.000003978610038757324","0.0000037997961044311523","0.000004157423973083496"
"1010000","0.000004157423973083496","0.000004157423973083496","0.000004157423973083496"
"1012000","0.000003978610038757324","0.0000037997961044311523","0.000004157423973083496"
"1014000","0.000004157423973083496","0.000004157423973083496","0.000004157423973083496"
"1016000","-2.9999955371022224","-5.999995231628418","0.000004157423973083496"
"1018000","0.000004157423973083496","0.000004157423973083496","0.000004157423973083496"
"1020000","0.000004157423973083496","0.000004157423973083496","0.000004157423973083496"
"1022000","0.000004157423973083496","0.000004157423973083496","0.000004157423973083496"
"1024000","0.000004135072231292725","0.000004112720489501953","0.000004157423973083496"
"1026000","0.000004157423973083496","0.000004157423973083496","0.000004157423973083496"
"1028000","0.000004157423973083496","0.000004157423973083496","0.000004157423973083496"
"1030000","0.000004157423973083496","0.000004157423973083496","0.000004157423973083496"
"1032000","0.000004157423973083496","0.000004157423973083496","0.000004157423973083496"
"1034000","-2.9999955371022224","-5.999995231628418","0.000004157423973083496"
"1036000","0.000003978610038757324","0.0000037997961044311523","0.000004157423973083496"
"1038000","0.000003978610038757324","0.0000037997961044311523","0.000004157423973083496"
"1040000","0.000004157423973083496","0.000004157423973083496","0.000004157423973083496"
"1042000","0.000004157423973083496","0.000004157423973083496","0.000004157423973083496"
"1044000","0.000004157423973083496","0.000004157423973083496","0.000004157423973083496"
"1046000","0.000004157423973083496","0.000004157423973083496","0.000004157423973083496"
"1048000","0.0000037997961044311523","0.0000037997961044311523","0.0000037997961044311523"
"1050000","0.000003978610038757324","0.0000037997961044311523","0.000004157423973083496"
"1052000","-2.9999955371022224","-5.999995231628418","0.000004157423973083496"
"1054000","0.000004157423973083496","0.000004157423973083496","0.000004157423973083496"
"1056000","0.000004157423973083496","0.000004157423973083496","0.000004157423973083496"
"1058000","0.000004157423973083496","0.000004157423973083496","0.000004157423973083496"
"1060000","0.000004157423973083496","0.000004157423973083496","0.000004157423973083496"
"1062000","0.000004157423973083496","0.000004157423973083496","0.000004157423973083496"
"1064000","0.000004157423973083496","0.000004157423973083496","0.000004157423973083496"
"1066000","0.000004157423973083496","0.000004157423973083496","0.000004157423973083496"
"1068000","0.000004157423973083496","0.000004157423973083496","0.000004157423973083496"
"1070000","-2.9999955371022224","-5.999995231628418","0.000004157423973083496"
"1072000","0.000004157423973083496","0.000004157423973083496","0.000004157423973083496"
"1074000","0.000004157423973083496","0.000004157423973083496","0.000004157423973083496"
"1076000","0.000004157423973083496","0.000004157423973083496","0.000004157423973083496"
"1078000","0.000003978610038757324","0.0000037997961044311523","0.000004157423973083496"
"1080000","0.000004157423973083496","0.000004157423973083496","0.000004157423973083496"
"1082000","-2.9999955371022224","-5.999995231628418","0.000004157423973083496"
"1084000","0.000004157423973083496","0.000004157423973083496","0.000004157423973083496"
"1086000","0.000004157423973083496","0.000004157423973083496","0.000004157423973083496"
"1088000","0.000004157423973083496","0.000004157423973083496","0.000004157423973083496"
"1090000","0.000004157423973083496","0.000004157423973083496","0.000004157423973083496"
"1092000","0.000004157423973083496","0.000004157423973083496","0.000004157423973083496"
"1094000","0.000004157423973083496","0.000004157423973083496","0.000004157423973083496"
"1096000","0.000003978610038757324","0.0000037997961044311523","0.000004157423973083496"
"1098000","0.000004157423973083496","0.000004157423973083496","0.000004157423973083496"
"1100000","-2.9999955371022224","-5.999995231628418","0.000004157423973083496"
"1102000","-2.9999955371022224","-5.999995231628418","0.000004157423973083496"
"1104000","0.000004157423973083496","0.000004157423973083496","0.000004157423973083496"
"1106000","0.000004157423973083496","0.000004157423973083496","0.000004157423973083496"
"1108000","0.000004157423973083496","0.000004157423973083496","0.000004157423973083496"
"1110000","-2.9999955371022224","-5.999995231628418","0.000004157423973083496"
"1112000","0.000004157423973083496","0.000004157423973083496","0.000004157423973083496"
"1114000","0.000004157423973083496","0.000004157423973083496","0.000004157423973083496"
"1116000","0.000004157423973083496","0.000004157423973083496","0.000004157423973083496"
"1118000","0.000004157423973083496","0.000004157423973083496","0.000004157423973083496"
"1120000","-2.999995358288288","-5.999995231628418","0.00000451505184173584"
"1122000","0.000004157423973083496","0.000004157423973083496","0.000004157423973083496"
"1124000","0.000004157423973083496","0.000004157423973083496","0.000004157423973083496"
"1126000","0.000004157423973083496","0.000004157423973083496","0.000004157423973083496"
"1128000","0.000004157423973083496","0.000004157423973083496","0.000004157423973083496"
"1130000","0.000004157423973083496","0.000004157423973083496","0.000004157423973083496"
"1132000","0.000004157423973083496","0.000004157423973083496","0.000004157423973083496"
"1134000","0.000003978610038757324","0.0000037997961044311523","0.000004157423973083496"
"1136000","0.000004157423973083496","0.000004157423973083496","0.000004157423973083496"
"1138000","0.000004157423973083496","0.000004157423973083496","0.000004157423973083496"
"1140000","0.000004157423973083496","0.000004157423973083496","0.000004157423973083496"
"1142000","0.000004157423973083496","0.000004157423973083496","0.000004157423973083496"
"1144000","0.000004157423973083496","0.000004157423973083496","0.000004157423973083496"
"1146000","0.000004157423973083496","0.000004157423973083496","0.000004157423973083496"
"1148000","-2.9999955371022224","-5.999995231628418","0.000004157423973083496"
"1150000","0.000004157423973083496","0.000004157423973083496","0.000004157423973083496"
"1152000","0.000004157423973083496","0.000004157423973083496","0.000004157423973083496"
"1154000","0.000004157423973083496","0.000004157423973083496","0.000004157423973083496"
"1156000","0.000004157423973083496","0.000004157423973083496","0.000004157423973083496"
"1158000","0.000004157423973083496","0.000004157423973083496","0.000004157423973083496"
"1160000","0.000004157423973083496","0.000004157423973083496","0.000004157423973083496"
"1162000","0.000004157423973083496","0.000004157423973083496","0.000004157423973083496"
"1164000","0.000004157423973083496","0.000004157423973083496","0.000004157423973083496"
"1166000","0.000004157423973083496","0.000004157423973083496","0.000004157423973083496"
"1168000","0.000004157423973083496","0.000004157423973083496","0.000004157423973083496"
"1170000","0.000004157423973083496","0.000004157423973083496","0.000004157423973083496"
"1172000","0.000004157423973083496","0.000004157423973083496","0.000004157423973083496"
"1174000","0.000004157423973083496","0.000004157423973083496","0.000004157423973083496"
"1176000","0.000004336237907409668","0.000004157423973083496","0.00000451505184173584"
"1178000","0.0000037997961044311523","0.0000037997961044311523","0.0000037997961044311523"
"1180000","0.000003978610038757324","0.0000037997961044311523","0.000004157423973083496"
"1182000","0.000004157423973083496","0.000004157423973083496","0.000004157423973083496"
"1184000","0.000004157423973083496","0.000004157423973083496","0.000004157423973083496"
"1186000","0.000004157423973083496","0.000004157423973083496","0.000004157423973083496"
"1188000","0.000004157423973083496","0.000004157423973083496","0.000004157423973083496"
"1190000","0.000004157423973083496","0.000004157423973083496","0.000004157423973083496"
"1192000","0.000004157423973083496","0.000004157423973083496","0.000004157423973083496"
"1194000","0.000004157423973083496","0.000004157423973083496","0.000004157423973083496"
"1196000","0.000004157423973083496","0.000004157423973083496","0.000004157423973083496"
"1198000","0.000004157423973083496","0.000004157423973083496","0.000004157423973083496"
"1200000","0.000004157423973083496","0.000004157423973083496","0.000004157423973083496"
"1202000","0.000004157423973083496","0.000004157423973083496","0.000004157423973083496"
"1204000","0.000004157423973083496","0.000004157423973083496","0.000004157423973083496"
"1206000","-2.9999955371022224","-5.999995231628418","0.000004157423973083496"
"1208000","0.000004157423973083496","0.000004157423973083496","0.000004157423973083496"
"1210000","0.000004157423973083496","0.000004157423973083496","0.000004157423973083496"
"1212000","0.000004157423973083496","0.000004157423973083496","0.000004157423973083496"
"1214000","0.000004157423973083496","0.000004157423973083496","0.000004157423973083496"
"1216000","0.000004157423973083496","0.000004157423973083496","0.000004157423973083496"
"1218000","0.000004157423973083496","0.000004157423973083496","0.000004157423973083496"
"1220000","0.000003978610038757324","0.0000037997961044311523","0.000004157423973083496"
"1222000","0.000004157423973083496","0.000004157423973083496","0.000004157423973083496"
"1224000","0.000004157423973083496","0.000004157423973083496","0.000004157423973083496"
"1226000","0.000004157423973083496","0.000004157423973083496","0.000004157423973083496"
"1228000","0.000004157423973083496","0.000004157423973083496","0.000004157423973083496"
"1230000","0.000004157423973083496","0.000004157423973083496","0.000004157423973083496"
"1232000","0.000004336237907409668","0.000004157423973083496","0.00000451505184173584"
"1234000","0.000004157423973083496","0.000004157423973083496","0.000004157423973083496"
"1236000","0.000004157423973083496","0.000004157423973083496","0.000004157423973083496"
"1238000","0.000004157423973083496","0.000004157423973083496","0.000004157423973083496"
"1240000","0.000004157423973083496","0.000004157423973083496","0.000004157423973083496"
"1242000","0.0000037997961044311523","0.0000037997961044311523","0.0000037997961044311523"
"1244000","0.000004157423973083496","0.000004157423973083496","0.000004157423973083496"
"1246000","0.000004336237907409668","0.000004157423973083496","0.00000451505184173584"
"1248000","0.000004157423973083496","0.000004157423973083496","0.000004157423973083496"
"1250000","0.000004157423973083496","0.000004157423973083496","0.000004157423973083496"
"1252000","0.000004157423973083496","0.000004157423973083496","0.000004157423973083496"
"1254000","-2.9999957159161568","-5.999995231628418","0.0000037997961044311523"
"1256000","0.000004157423973083496","0.000004157423973083496","0.000004157423973083496"
"1258000","0.000004157423973083496","0.000004157423973083496","0.000004157423973083496"
"1260000","0.000004157423973083496","0.000004157423973083496","0.000004157423973083496"
"1262000","-2.999995358288288","-5.999995231628418","0.00000451505184173584"
"1264000","0.000004157423973083496","0.000004157423973083496","0.000004157423973083496"
"1266000","0.000004157423973083496","0.000004157423973083496","0.000004157423973083496"
"1268000","0.000004157423973083496","0.000004157423973083496","0.000004157423973083496"
"1270000","0.000004157423973083496","0.000004157423973083496","0.000004157423973083496"
"1272000","0.000004157423973083496","0.000004157423973083496","0.000004157423973083496"
"1274000","0.000004157423973083496","0.0000037997961044311523","0.00000451505184173584"
"1276000","0.000003978610038757324","0.0000037997961044311523","0.000004157423973083496"
"1278000","0.000004157423973083496","0.000004157423973083496","0.000004157423973083496"
"1280000","-2.9999955371022224","-5.999995231628418","0.000004157423973083496"
"1282000","0.000004157423973083496","0.000004157423973083496","0.000004157423973083496"
"1284000","0.000004336237907409668","0.000004157423973083496","0.00000451505184173584"
"1286000","0.000003978610038757324","0.0000037997961044311523","0.000004157423973083496"
"1288000","0.000004157423973083496","0.000004157423973083496","0.000004157423973083496"
"1290000","0.000004157423973083496","0.000004157423973083496","0.000004157423973083496"
"1292000","0.000004157423973083496","0.000004157423973083496","0.000004157423973083496"
"1294000","0.000004157423973083496","0.000004157423973083496","0.000004157423973083496"
"1296000","0.000004157423973083496","0.000004157423973083496","0.000004157423973083496"
"1298000","0.000004157423973083496","0.000004157423973083496","0.000004157423973083496"
"1300000","0.000004157423973083496","0.000004157423973083496","0.000004157423973083496"
"1302000","0.000003978610038757324","0.0000037997961044311523","0.000004157423973083496"
"1304000","0.000004157423973083496","0.000004157423973083496","0.000004157423973083496"
"1306000","-2.999995358288288","-5.999995231628418","0.00000451505184173584"
"1308000","0.000004157423973083496","0.000004157423973083496","0.000004157423973083496"
"1310000","0.000004157423973083496","0.000004157423973083496","0.000004157423973083496"
"1312000","0.000004157423973083496","0.000004157423973083496","0.000004157423973083496"
"1314000","0.000004157423973083496","0.000004157423973083496","0.000004157423973083496"
"1316000","0.000004157423973083496","0.000004157423973083496","0.000004157423973083496"
"1318000","0.000004157423973083496","0.0000037997961044311523","0.00000451505184173584"
"1320000","0.000004157423973083496","0.000004157423973083496","0.000004157423973083496"
"1322000","-2.9999955371022224","-5.999995231628418","0.000004157423973083496"
"1324000","0.000004157423973083496","0.000004157423973083496","0.000004157423973083496"
"1326000","0.000003978610038757324","0.0000037997961044311523","0.000004157423973083496"
"1328000","0.000004157423973083496","0.000004157423973083496","0.000004157423973083496"
"1330000","-2.9999955371022224","-5.999995231628418","0.000004157423973083496"
"1332000","0.000004157423973083496","0.000004157423973083496","0.000004157423973083496"
"1334000","0.000003978610038757324","0.0000037997961044311523","0.000004157423973083496"
"1336000","0.000004157423973083496","0.000004157423973083496","0.000004157423973083496"
"1338000","0.000004157423973083496","0.000004157423973083496","0.000004157423973083496"
"1340000","-2.9999955371022224","-5.999995231628418","0.000004157423973083496"
"1342000","0.000004157423973083496","0.000004157423973083496","0.000004157423973083496"
"1344000","-2.9999957159161568","-5.999995231628418","0.0000037997961044311523"
"1346000","0.000004157423973083496","0.000004157423973083496","0.000004157423973083496"
"1348000","0.000004157423973083496","0.000004157423973083496","0.000004157423973083496"
"1350000","0.000004157423973083496","0.000004157423973083496","0.000004157423973083496"
"1352000","0.000004336237907409668","0.000004157423973083496","0.00000451505184173584"
"1354000","0.000003978610038757324","0.0000037997961044311523","0.000004157423973083496"
"1356000","0.000004157423973083496","0.000004157423973083496","0.000004157423973083496"
"1358000","0.000004157423973083496","0.000004157423973083496","0.000004157423973083496"
"1360000","0.000003978610038757324","0.0000037997961044311523","0.000004157423973083496"
"1362000","0.000004336237907409668","0.000004157423973083496","0.00000451505184173584"
"1364000","0.000003978610038757324","0.0000037997961044311523","0.000004157423973083496"
"1366000","-2.9999955371022224","-5.999995231628418","0.000004157423973083496"
"1368000","-2.9999955371022224","-5.999995231628418","0.000004157423973083496"
"1370000","0.000004157423973083496","0.000004157423973083496","0.000004157423973083496"
"1372000","0.000004336237907409668","0.000004157423973083496","0.00000451505184173584"
"1374000","0.000004336237907409668","0.000004157423973083496","0.00000451505184173584"
"1376000","0.000004157423973083496","0.000004157423973083496","0.000004157423973083496"
"1378000","0.000004157423973083496","0.000004157423973083496","0.000004157423973083496"
"1380000","0.000004157423973083496","0.000004157423973083496","0.000004157423973083496"
"1382000","0.000004157423973083496","0.000004157423973083496","0.000004157423973083496"
"1384000","0.000004157423973083496","0.000004157423973083496","0.000004157423973083496"
"1386000","0.000004157423973083496","0.000004157423973083496","0.000004157423973083496"
"1388000","0.000004157423973083496","0.000004157423973083496","0.000004157423973083496"
"1390000","-2.9999955371022224","-5.999995231628418","0.000004157423973083496"
"1392000","0.000004157423973083496","0.000004157423973083496","0.000004157423973083496"
"1394000","0.000004157423973083496","0.000004157423973083496","0.000004157423973083496"
"1396000","0.00000406801700592041","0.000003978610038757324","0.000004157423973083496"
"1398000","0.000004157423973083496","0.000004157423973083496","0.000004157423973083496"
"1400000","0.000004157423973083496","0.000004157423973083496","0.000004157423973083496"
"1402000","0.000004157423973083496","0.000004157423973083496","0.000004157423973083496"
"1404000","0.000003978610038757324","0.0000037997961044311523","0.000004157423973083496"
"1406000","-2.9999957159161568","-5.999995231628418","0.0000037997961044311523"
"1408000","-2.9999955371022224","-5.999995231628418","0.000004157423973083496"
"1410000","0.000004336237907409668","0.000004157423973083496","0.00000451505184173584"
"1412000","0.000004157423973083496","0.000004157423973083496","0.000004157423973083496"
"1414000","0.000004157423973083496","0.000004157423973083496","0.000004157423973083496"
"1416000","0.000003978610038757324","0.0000037997961044311523","0.000004157423973083496"
"1418000","0.000003978610038757324","0.0000037997961044311523","0.000004157423973083496"
"1420000","0.000004157423973083496","0.000004157423973083496","0.000004157423973083496"
"1422000","0.000004157423973083496","0.000004157423973083496","0.000004157423973083496"
"1424000","0.000004157423973083496","0.000004157423973083496","0.000004157423973083496"
"1426000","0.000004157423973083496","0.000004157423973083496","0.000004157423973083496"
"1428000","-2.9999955371022224","-5.999995231628418","0.000004157423973083496"
"1430000","0.000004157423973083496","0.000004157423973083496","0.000004157423973083496"
"1432000","0.000004157423973083496","0.000004157423973083496","0.000004157423973083496"
"1434000","0.000003978610038757324","0.0000037997961044311523","0.000004157423973083496"
"1436000","0.000003978610038757324","0.0000037997961044311523","0.000004157423973083496"
"1438000","0.000004157423973083496","0.000004157423973083496","0.000004157423973083496"
"1440000","0.000003978610038757324","0.0000037997961044311523","0.000004157423973083496"
"1442000","0.000004157423973083496","0.000004157423973083496","0.000004157423973083496"
"1444000","0.000004157423973083496","0.000004157423973083496","0.000004157423973083496"
"1446000","0.000004157423973083496","0.000004157423973083496","0.000004157423973083496"
"1448000","0.000004157423973083496","0.000004157423973083496","0.000004157423973083496"
"1450000","0.000004157423973083496","0.000004157423973083496","0.000004157423973083496"
"1452000","0.000004157423973083496","0.000004157423973083496","0.000004157423973083496"
"1454000","0.000004157423973083496","0.000004157423973083496","0.000004157423973083496"
"1456000","0.000004157423973083496","0.000004157423973083496","0.000004157423973083496"
"1458000","0.000004157423973083496","0.000004157423973083496","0.000004157423973083496"
"1460000","0.000004157423973083496","0.000004157423973083496","0.000004157423973083496"
"1462000","-2.9999955371022224","-5.999995231628418","0.000004157423973083496"
"1464000","0.000004157423973083496","0.000004157423973083496","0.000004157423973083496"
"1466000","0.000004336237907409668","0.000004157423973083496","0.00000451505184173584"
"1468000","-2.9999955371022224","-5.999995231628418","0.000004157423973083496"
"1470000","0.000004336237907409668","0.000004157423973083496","0.00000451505184173584"
"1472000","0.000004157423973083496","0.000004157423973083496","0.000004157423973083496"
"1474000","-2.9999955371022224","-5.999995231628418","0.000004157423973083496"
"1476000","0.000004336237907409668","0.000004157423973083496","0.00000451505184173584"
"1478000","0.000004157423973083496","0.000004157423973083496","0.000004157423973083496"
"1480000","0.000004157423973083496","0.000004157423973083496","0.000004157423973083496"
"1482000","0.000004157423973083496","0.000004157423973083496","0.000004157423973083496"
"1484000","0.000004157423973083496","0.000004157423973083496","0.000004157423973083496"
"1486000","0.000004157423973083496","0.000004157423973083496","0.000004157423973083496"
"1488000","-2.9999955371022224","-5.999995231628418","0.000004157423973083496"
"1490000","-2.9999955371022224","-5.999995231628418","0.000004157423973083496"
"1492000","0.000003978610038757324","0.0000037997961044311523","0.000004157423973083496"
"1494000","0.000004157423973083496","0.000004157423973083496","0.000004157423973083496"
"1496000","0.000003978610038757324","0.0000037997961044311523","0.000004157423973083496"
"1498000","0.000003978610038757324","0.0000037997961044311523","0.000004157423973083496"
"1500000","0.000004157423973083496","0.000004157423973083496","0.000004157423973083496"
"1502000","0.000004157423973083496","0.000004157423973083496","0.000004157423973083496"
"1504000","0.000004336237907409668","0.000004157423973083496","0.00000451505184173584"
"1506000","0.000003978610038757324","0.0000037997961044311523","0.000004157423973083496"
"1508000","0.000004157423973083496","0.000004157423973083496","0.000004157423973083496"
"1510000","0.000004157423973083496","0.000004157423973083496","0.000004157423973083496"
"1512000","0.000004336237907409668","0.000004157423973083496","0.00000451505184173584"
"1514000","0.000004157423973083496","0.000004157423973083496","0.000004157423973083496"
"1516000","0.000004336237907409668","0.000004157423973083496","0.00000451505184173584"
"1518000","0.000004157423973083496","0.000004157423973083496","0.000004157423973083496"
"1520000","0.000004336237907409668","0.000004157423973083496","0.00000451505184173584"
"1522000","0.000004157423973083496","0.000004157423973083496","0.000004157423973083496"
"1524000","0.000004157423973083496","0.000004157423973083496","0.000004157423973083496"
"1526000","-2.9999955371022224","-5.999995231628418","0.000004157423973083496"
"1528000","-2.9999955371022224","-5.999995231628418","0.000004157423973083496"
"1530000","0.000003978610038757324","0.0000037997961044311523","0.000004157423973083496"
"1532000","0.000004157423973083496","0.000004157423973083496","0.000004157423973083496"
"1534000","0.000004336237907409668","0.000004157423973083496","0.00000451505184173584"
"1536000","0.000004157423973083496","0.000004157423973083496","0.000004157423973083496"
"1538000","0.000004157423973083496","0.000004157423973083496","0.000004157423973083496"
"1540000","0.000004157423973083496","0.000004157423973083496","0.000004157423973083496"
"1542000","0.000004157423973083496","0.000004157423973083496","0.000004157423973083496"
"1544000","0.000004157423973083496","0.000004157423973083496","0.000004157423973083496"
"1546000","-2.9999955371022224","-5.999995231628418","0.000004157423973083496"
"1548000","0.000003978610038757324","0.0000037997961044311523","0.000004157423973083496"
"1550000","0.000004157423973083496","0.000004157423973083496","0.000004157423973083496"
"1552000","0.000004336237907409668","0.000004157423973083496","0.00000451505184173584"
"1554000","0.000004157423973083496","0.000004157423973083496","0.000004157423973083496"
"1556000","0.000004157423973083496","0.000004157423973083496","0.000004157423973083496"
"1558000","0.000004157423973083496","0.000004157423973083496","0.000004157423973083496"
"1560000","0.000004157423973083496","0.000004157423973083496","0.000004157423973083496"
"1562000","0.000004157423973083496","0.000004157423973083496","0.000004157423973083496"
"1564000","0.000004157423973083496","0.000004157423973083496","0.000004157423973083496"
"1566000","0.000003978610038757324","0.0000037997961044311523","0.000004157423973083496"
"1568000","0.000004157423973083496","0.000004157423973083496","0.000004157423973083496"
"1570000","-2.9999955371022224","-5.999995231628418","0.000004157423973083496"
"1572000","0.000004157423973083496","0.000004157423973083496","0.000004157423973083496"
"1574000","0.000004157423973083496","0.000004157423973083496","0.000004157423973083496"
"1576000","0.000004157423973083496","0.000004157423973083496","0.000004157423973083496"
"1578000","0.000003978610038757324","0.0000037997961044311523","0.000004157423973083496"
"1580000","0.000004157423973083496","0.000004157423973083496","0.000004157423973083496"
"1582000","0.000004157423973083496","0.000004157423973083496","0.000004157423973083496"
"1584000","0.000004157423973083496","0.000004157423973083496","0.000004157423973083496"
"1586000","0.000004157423973083496","0.000004157423973083496","0.000004157423973083496"
"1588000","0.000004157423973083496","0.000004157423973083496","0.000004157423973083496"
"1590000","0.000003978610038757324","0.0000037997961044311523","0.000004157423973083496"
"1592000","0.000004157423973083496","0.000004157423973083496","0.000004157423973083496"
"1594000","0.000004157423973083496","0.000004157423973083496","0.000004157423973083496"
"1596000","0.000003978610038757324","0.0000037997961044311523","0.000004157423973083496"
"1598000","-2.999995358288288","-5.999995231628418","0.00000451505184173584"
"1600000","0.000003978610038757324","0.0000037997961044311523","0.000004157423973083496"
"1602000","0.000004157423973083496","0.000004157423973083496","0.000004157423973083496"
"1604000","0.000004157423973083496","0.000004157423973083496","0.000004157423973083496"
"1606000","0.000003978610038757324","0.0000037997961044311523","0.000004157423973083496"
"1608000","0.000004157423973083496","0.000004157423973083496","0.000004157423973083496"
"1610000","0.000003978610038757324","0.0000037997961044311523","0.000004157423973083496"
"1612000","0.000004090368747711182","0.000004023313522338867","0.000004157423973083496"
"1614000","0.000004157423973083496","0.000004157423973083496","0.000004157423973083496"
"1616000","0.000004157423973083496","0.000004157423973083496","0.000004157423973083496"
"1618000","0.000004157423973083496","0.0000037997961044311523","0.00000451505184173584"
"1620000","0.000004157423973083496","0.000004157423973083496","0.000004157423973083496"
"1622000","0.000003978610038757324","0.0000037997961044311523","0.000004157423973083496"
"1624000","0.000004157423973083496","0.000004157423973083496","0.000004157423973083496"
"1626000","0.000004157423973083496","0.000004157423973083496","0.000004157423973083496"
"1628000","0.000004336237907409668","0.000004157423973083496","0.00000451505184173584"
"1630000","-2.9999957159161568","-5.999995231628418","0.0000037997961044311523"
"1632000","0.000004336237907409668","0.000004157423973083496","0.00000451505184173584"
"1634000","0.000004157423973083496","0.000004157423973083496","0.000004157423973083496"
"1636000","0.000004336237907409668","0.000004157423973083496","0.00000451505184173584"
"1638000","0.000004157423973083496","0.000004157423973083496","0.000004157423973083496"
"1640000","-2.9999955371022224","-5.999995231628418","0.000004157423973083496"
"1642000","0.000004157423973083496","0.000004157423973083496","0.000004157423973083496"
"1644000","0.000004157423973083496","0.000004157423973083496","0.000004157423973083496"
"1646000","0.000004157423973083496","0.000004157423973083496","0.000004157423973083496"
"1648000","0.000004157423973083496","0.000004157423973083496","0.000004157423973083496"
"1650000","0.000004157423973083496","0.000004157423973083496","0.000004157423973083496"
"1652000","0.000004157423973083496","0.000004157423973083496","0.000004157423973083496"
"1654000","0.000004336237907409668","0.000004157423973083496","0.00000451505184173584"
"1656000","0.000004157423973083496","0.000004157423973083496","0.000004157423973083496"
"1658000","0.000004157423973083496","0.000004157423973083496","0.000004157423973083496"
"1660000","0.000004157423973083496","0.000004157423973083496","0.000004157423973083496"
"1662000","0.000004157423973083496","0.000004157423973083496","0.000004157423973083496"
"1664000","0.000004157423973083496","0.000004157423973083496","0.000004157423973083496"
"1666000","0.000003978610038757324","0.0000037997961044311523","0.000004157423973083496"
"1668000","0.000004157423973083496","0.000004157423973083496","0.000004157423973083496"
"1670000","0.000004157423973083496","0.000004157423973083496","0.000004157423973083496"
"1672000","0.000004157423973083496","0.000004157423973083496","0.000004157423973083496"
"1674000","0.000004157423973083496","0.000004157423973083496","0.000004157423973083496"
"1676000","0.000004157423973083496","0.000004157423973083496","0.000004157423973083496"
"1678000","0.000004157423973083496","0.0000037997961044311523","0.00000451505184173584"
"1680000","0.000004157423973083496","0.000004157423973083496","0.000004157423973083496"
"1682000","0.000004157423973083496","0.000004157423973083496","0.000004157423973083496"
"1684000","0.000004157423973083496","0.000004157423973083496","0.000004157423973083496"
"1686000","-2.9999955371022224","-5.999995231628418","0.000004157423973083496"
"1688000","0.000004157423973083496","0.000004157423973083496","0.000004157423973083496"
"1690000","0.000004157423973083496","0.000004157423973083496","0.000004157423973083496"
"1692000","0.000004157423973083496","0.000004157423973083496","0.000004157423973083496"
"1694000","0.000004336237907409668","0.000004157423973083496","0.00000451505184173584"
"1696000","0.000004157423973083496","0.000004157423973083496","0.000004157423973083496"
"1698000","0.000004157423973083496","0.000004157423973083496","0.000004157423973083496"
"1700000","0.000004157423973083496","0.000004157423973083496","0.000004157423973083496"
"1702000","0.000004157423973083496","0.000004157423973083496","0.000004157423973083496"
"1704000","0.000004157423973083496","0.000004157423973083496","0.000004157423973083496"
"1706000","0.000004157423973083496","0.000004157423973083496","0.000004157423973083496"
"1708000","0.000004157423973083496","0.000004157423973083496","0.000004157423973083496"
"1710000","0.000004157423973083496","0.000004157423973083496","0.000004157423973083496"
"1712000","0.000004157423973083496","0.000004157423973083496","0.000004157423973083496"
"1714000","0.000004157423973083496","0.000004157423973083496","0.000004157423973083496"
"1716000","0.000004157423973083496","0.000004157423973083496","0.000004157423973083496"
"1718000","0.000004336237907409668","0.000004157423973083496","0.00000451505184173584"
"1720000","0.000004157423973083496","0.000004157423973083496","0.000004157423973083496"
"1722000","0.000004157423973083496","0.000004157423973083496","0.000004157423973083496"
"1724000","0.0000037997961044311523","0.0000037997961044311523","0.0000037997961044311523"
"1726000","0.000004157423973083496","0.000004157423973083496","0.000004157423973083496"
"1728000","-2.999995358288288","-5.999995231628418","0.00000451505184173584"
"1730000","0.000004157423973083496","0.000004157423973083496","0.000004157423973083496"
"1732000","0.000004157423973083496","0.000004157423973083496","0.000004157423973083496"
"1734000","0.000004157423973083496","0.000004157423973083496","0.000004157423973083496"
"1736000","0.000004157423973083496","0.000004157423973083496","0.000004157423973083496"
"1738000","0.000004157423973083496","0.000004157423973083496","0.000004157423973083496"
"1740000","0.000003978610038757324","0.0000037997961044311523","0.000004157423973083496"
"1742000","0.000004336237907409668","0.000004157423973083496","0.00000451505184173584"
"1744000","0.000004157423973083496","0.000004157423973083496","0.000004157423973083496"
"1746000","0.000004157423973083496","0.000004157423973083496","0.000004157423973083496"
"1748000","0.000004157423973083496","0.000004157423973083496","0.000004157423973083496"
"1750000","0.000004157423973083496","0.000004157423973083496","0.000004157423973083496"
"1752000","0.000004157423973083496","0.000004157423973083496","0.000004157423973083496"
"1754000","0.000004157423973083496","0.000004157423973083496","0.000004157423973083496"
"1756000","0.000004157423973083496","0.000004157423973083496","0.000004157423973083496"
"1758000","0.000004336237907409668","0.000004157423973083496","0.00000451505184173584"
"1760000","0.000004157423973083496","0.000004157423973083496","0.000004157423973083496"
"1762000","0.000004336237907409668","0.000004157423973083496","0.00000451505184173584"
"1764000","0.000004336237907409668","0.000004157423973083496","0.00000451505184173584"
"1766000","0.000004157423973083496","0.000004157423973083496","0.000004157423973083496"
"1768000","0.000004157423973083496","0.000004157423973083496","0.000004157423973083496"
"1770000","0.000004157423973083496","0.000004157423973083496","0.000004157423973083496"
"1772000","-2.9999955371022224","-5.999995231628418","0.000004157423973083496"
"1774000","0.000004157423973083496","0.000004157423973083496","0.000004157423973083496"
"1776000","0.000004157423973083496","0.000004157423973083496","0.000004157423973083496"
"1778000","0.000004157423973083496","0.000004157423973083496","0.000004157423973083496"
"1780000","0.000004157423973083496","0.000004157423973083496","0.000004157423973083496"
"1782000","0.000004157423973083496","0.000004157423973083496","0.000004157423973083496"
"1784000","0.000004157423973083496","0.000004157423973083496","0.000004157423973083496"
"1786000","0.000004157423973083496","0.000004157423973083496","0.000004157423973083496"
"1788000","-2.9999955371022224","-5.999995231628418","0.000004157423973083496"
"1790000","0.000003978610038757324","0.0000037997961044311523","0.000004157423973083496"
"1792000","0.000004336237907409668","0.000004157423973083496","0.00000451505184173584"
"1794000","0.000004157423973083496","0.000004157423973083496","0.000004157423973083496"
"1796000","0.000004157423973083496","0.000004157423973083496","0.000004157423973083496"
"1798000","0.000004157423973083496","0.000004157423973083496","0.000004157423973083496"
"1800000","0.000004157423973083496","0.000004157423973083496","0.000004157423973083496"
"1802000","0.000004157423973083496","0.000004157423973083496","0.000004157423973083496"
"1804000","0.000004157423973083496","0.000004157423973083496","0.000004157423973083496"
"1806000","0.000004157423973083496","0.000004157423973083496","0.000004157423973083496"
"1808000","0.000004157423973083496","0.000004157423973083496","0.000004157423973083496"
"1810000","0.000004336237907409668","0.000004157423973083496","0.00000451505184173584"
"1812000","0.000003978610038757324","0.0000037997961044311523","0.000004157423973083496"
"1814000","0.000004157423973083496","0.000004157423973083496","0.000004157423973083496"
"1816000","-2.9999957159161568","-5.999995231628418","0.0000037997961044311523"
"1818000","0.000004157423973083496","0.000004157423973083496","0.000004157423973083496"
"1820000","0.000004157423973083496","0.000004157423973083496","0.000004157423973083496"
"1822000","0.000004157423973083496","0.0000037997961044311523","0.00000451505184173584"
"1824000","0.000004336237907409668","0.000004157423973083496","0.00000451505184173584"
"1826000","0.000004157423973083496","0.000004157423973083496","0.000004157423973083496"
"1828000","0.000004157423973083496","0.000004157423973083496","0.000004157423973083496"
"1830000","0.000004157423973083496","0.000004157423973083496","0.000004157423973083496"
"1832000","0.000004336237907409668","0.000004157423973083496","0.00000451505184173584"
"1834000","0.000004157423973083496","0.000004157423973083496","0.000004157423973083496"
"1836000","-2.9999955371022224","-5.999995231628418","0.000004157423973083496"
"1838000","0.000004157423973083496","0.000004157423973083496","0.000004157423973083496"
"1840000","0.000004157423973083496","0.000004157423973083496","0.000004157423973083496"
"1842000","0.000003978610038757324","0.0000037997961044311523","0.000004157423973083496"
"1844000","0.000004157423973083496","0.000004157423973083496","0.000004157423973083496"
"1846000","0.000004157423973083496","0.000004157423973083496","0.000004157423973083496"
"1848000","0.000003978610038757324","0.0000037997961044311523","0.000004157423973083496"
"1850000","0.000004157423973083496","0.000004157423973083496","0.000004157423973083496"
"1852000","0.000004157423973083496","0.000004157423973083496","0.000004157423973083496"
"1854000","0.000004157423973083496","0.000004157423973083496","0.000004157423973083496"
"1856000","0.000004336237907409668","0.000004157423973083496","0.00000451505184173584"
"1858000","0.000004157423973083496","0.000004157423973083496","0.000004157423973083496"
"1860000","0.000004157423973083496","0.000004157423973083496","0.000004157423973083496"
"1862000","0.000004157423973083496","0.000004157423973083496","0.000004157423973083496"
"1864000","0.000004157423973083496","0.000004157423973083496","0.000004157423973083496"
"1866000","0.000004157423973083496","0.000004157423973083496","0.000004157423973083496"
"1868000","0.000004157423973083496","0.000004157423973083496","0.000004157423973083496"
"1870000","0.000004157423973083496","0.000004157423973083496","0.000004157423973083496"
"1872000","0.000004157423973083496","0.000004157423973083496","0.000004157423973083496"
"1874000","0.000004157423973083496","0.000004157423973083496","0.000004157423973083496"
"1876000","0.000004157423973083496","0.000004157423973083496","0.000004157423973083496"
"1878000","0.000003889203071594238","0.0000037997961044311523","0.000003978610038757324"
"1880000","0.000004157423973083496","0.000004157423973083496","0.000004157423973083496"
"1882000","0.000004157423973083496","0.000004157423973083496","0.000004157423973083496"
"1884000","0.000004157423973083496","0.000004157423973083496","0.000004157423973083496"
"1886000","0.000004157423973083496","0.000004157423973083496","0.000004157423973083496"
"1888000","0.000004157423973083496","0.000004157423973083496","0.000004157423973083496"
"1890000","0.000004157423973083496","0.000004157423973083496","0.000004157423973083496"
"1892000","-2.9999955371022224","-5.999995231628418","0.000004157423973083496"
"1894000","0.000004157423973083496","0.000004157423973083496","0.000004157423973083496"
"1896000","0.000004157423973083496","0.000004157423973083496","0.000004157423973083496"
"1898000","0.000003978610038757324","0.0000037997961044311523","0.000004157423973083496"
"1900000","0.000004336237907409668","0.000004157423973083496","0.00000451505184173584"
"1902000","0.000004157423973083496","0.000004157423973083496","0.000004157423973083496"
"1904000","0.000004157423973083496","0.000004157423973083496","0.000004157423973083496"
"1906000","0.000004157423973083496","0.000004157423973083496","0.000004157423973083496"
"1908000","0.000004157423973083496","0.000004157423973083496","0.000004157423973083496"
"1910000","0.000004157423973083496","0.000004157423973083496","0.000004157423973083496"
"1912000","0.000004157423973083496","0.000004157423973083496","0.000004157423973083496"
"1914000","0.000004157423973083496","0.000004157423973083496","0.000004157423973083496"
"1916000","0.000004157423973083496","0.000004157423973083496","0.000004157423973083496"
"1918000","0.000004157423973083496","0.000004157423973083496","0.000004157423973083496"
"1920000","-2.9999955371022224","-5.999995231628418","0.000004157423973083496"
"1922000","0.000004157423973083496","0.000004157423973083496","0.000004157423973083496"
"1924000","-2.9999955371022224","-5.999995231628418","0.000004157423973083496"
"1926000","-2.9999957159161568","-5.999995231628418","0.0000037997961044311523"
"1928000","0.000003978610038757324","0.0000037997961044311523","0.000004157423973083496"
"1930000","0.000004157423973083496","0.000004157423973083496","0.000004157423973083496"
"1932000","0.000004157423973083496","0.000004157423973083496","0.000004157423973083496"
"1934000","0.000004157423973083496","0.000004157423973083496","0.000004157423973083496"
"1936000","0.000004157423973083496","0.000004157423973083496","0.000004157423973083496"
"1938000","0.00000451505184173584","0.00000451505184173584","0.00000451505184173584"
"1940000","0.000004157423973083496","0.000004157423973083496","0.000004157423973083496"
"1942000","0.000004336237907409668","0.000004157423973083496","0.00000451505184173584"
"1944000","0.000003978610038757324","0.0000037997961044311523","0.000004157423973083496"
"1946000","0.000003978610038757324","0.0000037997961044311523","0.000004157423973083496"
"1948000","-2.9999957159161568","-5.999995231628418","0.0000037997961044311523"
"1950000","0.000004157423973083496","0.000004157423973083496","0.000004157423973083496"
"1952000","0.000004157423973083496","0.000004157423973083496","0.000004157423973083496"
"1954000","0.000004157423973083496","0.000004157423973083496","0.000004157423973083496"
"1956000","-2.9999955371022224","-5.999995231628418","0.000004157423973083496"
"1958000","0.000003978610038757324","0.0000037997961044311523","0.000004157423973083496"
"1960000","0.000004157423973083496","0.000004157423973083496","0.000004157423973083496"
"1962000","0.000004157423973083496","0.000004157423973083496","0.000004157423973083496"
"1964000","0.000004157423973083496","0.000004157423973083496","0.000004157423973083496"
"1966000","-2.9999955371022224","-5.999995231628418","0.000004157423973083496"
"1968000","0.000004336237907409668","0.000004157423973083496","0.00000451505184173584"
"1970000","0.000004157423973083496","0.000004157423973083496","0.000004157423973083496"
"1972000","0.000003978610038757324","0.0000037997961044311523","0.000004157423973083496"
"1974000","0.000004157423973083496","0.000004157423973083496","0.000004157423973083496"
"1976000","0.000004157423973083496","0.000004157423973083496","0.000004157423973083496"
"1978000","0.000004157423973083496","0.000004157423973083496","0.000004157423973083496"
"1980000","0.000004157423973083496","0.000004157423973083496","0.000004157423973083496"
"1982000","0.000004157423973083496","0.000004157423973083496","0.000004157423973083496"
"1984000","0.000003978610038757324","0.0000037997961044311523","0.000004157423973083496"
"1986000","0.000004157423973083496","0.000004157423973083496","0.000004157423973083496"
"1988000","0.000003978610038757324","0.0000037997961044311523","0.000004157423973083496"
"1990000","0.000004157423973083496","0.000004157423973083496","0.000004157423973083496"
"1992000","0.000004336237907409668","0.000004157423973083496","0.00000451505184173584"
"1994000","0.000003978610038757324","0.0000037997961044311523","0.000004157423973083496"
"1996000","0.000004157423973083496","0.000004157423973083496","0.000004157423973083496"
"1998000","0.000003978610038757324","0.0000037997961044311523","0.000004157423973083496"
"2000000","0.000004157423973083496","0.000004157423973083496","0.000004157423973083496"