"Step","Grouped runs - collection/reward/intrinsic_episode_reward_min","Grouped runs - collection/reward/intrinsic_episode_reward_min__MIN","Grouped runs - collection/reward/intrinsic_episode_reward_min__MAX"
"2000","2.4055979251861572","2.379784107208252","2.4314117431640625"
"4000","1.9486016035079956","1.8278119564056396","2.0693912506103516"
"6000","1.6961974501609802","1.1048320531845093","2.287562847137451"
"8000","1.809677243232727","1.6684694290161133","1.9508850574493408"
"10000","1.6262608766555786","1.2677531242370605","1.9847686290740967"
"12000","1.3278434872627258","0.8633472919464111","1.7923396825790405"
"14000","1.4204479455947876","1.1840872764587402","1.656808614730835"
"16000","1.2463325262069702","0.9435653686523438","1.5490996837615967"
"18000","1.1571621000766754","0.7497034668922424","1.5646207332611084"
"20000","1.1574219167232513","0.7570508122444153","1.5577930212020874"
"22000","1.2727164030075073","1.0329396724700928","1.5124931335449219"
"24000","1.1820961833000183","1.0656099319458008","1.2985824346542358"
"26000","1.044437825679779","0.9541611671447754","1.1347144842147827"
"28000","1.0824857950210571","1.0053958892822266","1.1595757007598877"
"30000","1.1209644079208374","1.1047124862670898","1.137216329574585"
"32000","0.8131841719150543","0.5465129017829895","1.0798554420471191"
"34000","0.7721678018569946","0.5942116975784302","0.9501239061355591"
"36000","0.7080977559089661","0.6004263162612915","0.8157691955566406"
"38000","0.699712336063385","0.6235579252243042","0.7758667469024658"
"40000","0.7102206349372864","0.6570377349853516","0.7634035348892212"
"42000","0.7109136581420898","0.6498875617980957","0.771939754486084"
"44000","0.5239734500646591","0.40380164980888367","0.6441452503204346"
"46000","0.7259929180145264","0.7177972793579102","0.7341885566711426"
"48000","0.6598268747329712","0.6538378000259399","0.6658159494400024"
"50000","0.6820040047168732","0.6379955410957336","0.7260124683380127"
"52000","0.6112503409385681","0.5437016487121582","0.678799033164978"
"54000","0.5926555693149567","0.5652109384536743","0.620100200176239"
"56000","0.6628933250904083","0.61122727394104","0.7145593762397766"
"58000","0.4826986938714981","0.3950503170490265","0.5703470706939697"
"60000","0.4604882597923279","0.44238710403442383","0.47858941555023193"
"62000","0.49398334324359894","0.3948645293712616","0.5931021571159363"
"64000","0.4626399278640747","0.3398486375808716","0.5854312181472778"
"66000","0.2978397309780121","0.27762043476104736","0.3180590271949768"
"68000","0.33310019969940186","0.3105809986591339","0.3556194007396698"
"70000","0.36464473605155945","0.3568890690803528","0.3724004030227661"
"72000","0.33543358743190765","0.2528124153614044","0.4180547595024109"
"74000","0.2848944514989853","0.21250233054161072","0.35728657245635986"
"76000","0.3472803682088852","0.3294021487236023","0.3651585876941681"
"78000","0.251007616519928","0.22868740558624268","0.2733278274536133"
"80000","0.2868770956993103","0.24850773811340332","0.3252464532852173"
"82000","0.23935937881469727","0.23878365755081177","0.23993510007858276"
"84000","0.2507983595132828","0.22556930780410767","0.2760274112224579"
"86000","0.22154463827610016","0.18683016300201416","0.25625911355018616"
"88000","0.21745456755161285","0.1471603810787201","0.2877487540245056"
"90000","0.20124320685863495","0.19119882583618164","0.21128758788108826"
"92000","0.22167779505252838","0.20187634229660034","0.24147924780845642"
"94000","0.185111403465271","0.17955881357192993","0.19066399335861206"
"96000","0.16136860102415085","0.13937197625637054","0.18336522579193115"
"98000","0.14146022126078606","0.09651216119527817","0.18640828132629395"
"100000","0.1778198480606079","0.09590044617652893","0.2597392499446869"
"102000","0.1907043680548668","0.11008928716182709","0.2713194489479065"
"104000","0.21835607290267944","0.21184220910072327","0.22486993670463562"
"106000","0.1722993552684784","0.15465803444385529","0.1899406760931015"
"108000","0.16900396347045898","0.1624189019203186","0.17558902502059937"
"110000","0.1566409021615982","0.1184152364730835","0.19486656785011292"
"112000","0.1506403684616089","0.1105586439371109","0.19072209298610687"
"114000","0.16162879765033722","0.13627183437347412","0.18698576092720032"
"116000","0.10150789096951485","0.09626714140176773","0.10674864053726196"
"118000","0.12212875485420227","0.10688558220863342","0.13737192749977112"
"120000","0.11428207904100418","0.0937071293592453","0.13485702872276306"
"122000","0.1644134819507599","0.1431192308664322","0.18570773303508759"
"124000","0.14859619364142418","0.12461071461439133","0.17258167266845703"
"126000","0.10390927642583847","0.08172208070755005","0.1260964721441269"
"128000","0.07575096935033798","0.04762822389602661","0.10387371480464935"
"130000","0.12478166818618774","0.12115469574928284","0.12840864062309265"
"132000","0.10100381821393967","0.07005620002746582","0.1319514364004135"
"134000","0.07273222878575325","0.06871765851974487","0.07674679905176163"
"136000","0.07332176901400089","0.035705652087926865","0.11093788594007492"
"138000","0.11280828714370728","0.09931820631027222","0.12629836797714233"
"140000","0.06144878640770912","0.0517730638384819","0.07112450897693634"
"142000","0.08245720714330673","0.06909395754337311","0.09582045674324036"
"144000","0.05273017846047878","0.04804176092147827","0.057418595999479294"
"146000","0.12047605961561203","0.07839654386043549","0.16255557537078857"
"148000","0.12036322057247162","0.09407177567481995","0.1466546654701233"
"150000","0.10433247685432434","0.09720036387443542","0.11146458983421326"
"152000","0.09560750424861908","0.09536217153072357","0.09585283696651459"
"154000","0.07372983172535896","0.054181598126888275","0.09327806532382965"
"156000","0.07992231845855713","0.06074775755405426","0.09909687936306"
"158000","0.11073922738432884","0.08485914021730423","0.13661931455135345"
"160000","0.08385422080755234","0.07856200635433197","0.0891464352607727"
"162000","0.059401072561740875","0.04806122928857803","0.07074091583490372"
"164000","0.05123741179704666","0.049379609525203705","0.05309521406888962"
"166000","0.07652594894170761","0.05856819450855255","0.09448370337486267"
"168000","0.0552457794547081","0.045192837715148926","0.06529872119426727"
"170000","0.09065485000610352","0.043313995003700256","0.13799570500850677"
"172000","0.03599720261991024","0.03443992882966995","0.03755447641015053"
"174000","0.0435070525854826","0.03382077440619469","0.05319333076477051"
"176000","0.0497109591960907","0.04367895424365997","0.05574296414852142"
"178000","0.06833445653319359","0.048964910209178925","0.08770400285720825"
"180000","0.067062022164464","0.04575251415371895","0.08837153017520905"
"182000","0.07555587589740753","0.0641191154718399","0.08699263632297516"
"184000","0.035102855414152145","0.030771292746067047","0.039434418082237244"
"186000","0.04450548253953457","0.025122810155153275","0.06388815492391586"
"188000","0.04247153364121914","0.04145990312099457","0.04348316416144371"
"190000","0.038844939321279526","0.026316888630390167","0.051372990012168884"
"192000","0.05490325018763542","0.04870399087667465","0.06110250949859619"
"194000","0.04095916263759136","0.021539930254220963","0.06037839502096176"
"196000","0.058698639273643494","0.04202042520046234","0.07537685334682465"
"198000","0.03322863206267357","0.022065818309783936","0.0443914458155632"
"200000","0.05031447671353817","0.035985227674245834","0.0646437257528305"
"202000","0.04769134148955345","0.04194217920303345","0.053440503776073456"
"204000","0.04630310647189617","0.042049992829561234","0.05055622011423111"
"206000","0.045648884028196335","0.042827509343624115","0.048470258712768555"
"208000","0.07592655345797539","0.04876594990491867","0.1030871570110321"
"210000","0.05447787046432495","0.039170049130916595","0.0697856917977333"
"212000","0.02625974267721176","0.019193019717931747","0.033326465636491776"
"214000","0.05057765543460846","0.03658483177423477","0.06457047909498215"
"216000","0.028524047695100307","0.026622306555509567","0.030425788834691048"
"218000","0.04944994114339352","0.04482124000787735","0.05407864227890968"
"220000","0.08037324249744415","0.06879764795303345","0.09194883704185486"
"222000","0.024425134994089603","0.019181793555617332","0.029668476432561874"
"224000","0.054529013112187386","0.030180882662534714","0.07887714356184006"
"226000","0.05304602161049843","0.0352763906121254","0.07081565260887146"
"228000","0.026867017149925232","0.02313905954360962","0.030594974756240845"
"230000","0.015812816098332405","0.014278559014201164","0.017347073182463646"
"232000","0.03829846438020468","0.02922019176185131","0.047376736998558044"
"234000","0.05116405338048935","0.04502084106206894","0.05730726569890976"
"236000","0.03651222959160805","0.03370801359415054","0.03931644558906555"
"238000","0.02078454475849867","0.019787413999438286","0.02178167551755905"
"240000","0.026714236941188574","0.015561173669993877","0.03786730021238327"
"242000","0.02081655152142048","0.02015126496553421","0.021481838077306747"
"244000","0.03420475497841835","0.023709729313850403","0.0446997806429863"
"246000","0.035691117867827415","0.01865578070282936","0.05272645503282547"
"248000","0.03619297128170729","0.014262193813920021","0.05812374874949455"
"250000","0.05090721324086189","0.04485952854156494","0.056954897940158844"
"252000","0.04277821071445942","0.033620238304138184","0.051936183124780655"
"254000","0.029785039834678173","0.015472142025828362","0.044097937643527985"
"256000","0.03258446417748928","0.019813653081655502","0.04535527527332306"
"258000","0.025339326821267605","0.021441441029310226","0.029237212613224983"
"260000","0.026214436627924442","0.011709475889801979","0.040719397366046906"
"262000","0.02642733696848154","0.0260101817548275","0.026844492182135582"
"264000","0.028701694682240486","0.025058791041374207","0.032344598323106766"
"266000","0.02600547205656767","0.019833235070109367","0.03217770904302597"
"268000","0.024072399362921715","0.017071928828954697","0.031072869896888733"
"270000","0.028813984245061874","0.02757112681865692","0.030056841671466827"
"272000","0.04094464331865311","0.01949254423379898","0.06239674240350723"
"274000","0.01952342502772808","0.015302207320928574","0.023744642734527588"
"276000","0.023850854486227036","0.017174817621707916","0.030526891350746155"
"278000","0.01723676361143589","0.016355443745851517","0.018118083477020264"
"280000","0.02528318017721176","0.015995685011148453","0.03457067534327507"
"282000","0.016084762290120125","0.012738283723592758","0.01943124085664749"
"284000","0.03913542628288269","0.03598044440150261","0.04229040816426277"
"286000","0.021619314327836037","0.020192217081785202","0.02304641157388687"
"288000","0.015265688300132751","0.014014359563589096","0.016517017036676407"
"290000","0.026425560005009174","0.023264272138476372","0.029586847871541977"
"292000","0.03145984932780266","0.0223531574010849","0.040566541254520416"
"294000","0.02460227534174919","0.021069824695587158","0.028134725987911224"
"296000","0.0313439778983593","0.02385362982749939","0.03883432596921921"
"298000","0.02467167004942894","0.02427644655108452","0.02506689354777336"
"300000","0.014651461504399776","0.011872990056872368","0.017429932951927185"
"302000","0.019030334427952766","0.01899157464504242","0.019069094210863113"
"304000","0.0316466148942709","0.026285599917173386","0.03700762987136841"
"306000","0.019841575995087624","0.01922636479139328","0.020456787198781967"
"308000","0.01920611411333084","0.017844147980213165","0.020568080246448517"
"310000","0.018046071752905846","0.014485538005828857","0.021606605499982834"
"312000","0.01633176952600479","0.011279940605163574","0.02138359844684601"
"314000","0.024004234932363033","0.023610945791006088","0.02439752407371998"
"316000","0.019028935581445694","0.01647668331861496","0.021581187844276428"
"318000","0.018555733375251293","0.0174819678068161","0.019629498943686485"
"320000","0.016533533111214638","0.010988118126988411","0.022078948095440865"
"322000","0.015679590869694948","0.01423621829599142","0.017122963443398476"
"324000","0.018731579184532166","0.014451656490564346","0.023011501878499985"
"326000","0.024510509334504604","0.01649538241326809","0.03252563625574112"
"328000","0.014593490399420261","0.014196766540408134","0.014990214258432388"
"330000","0.014721930958330631","0.01401074044406414","0.015433121472597122"
"332000","0.017523285932838917","0.015505144372582436","0.019541427493095398"
"334000","0.018709341064095497","0.01646282523870468","0.020955856889486313"
"336000","0.016910811886191368","0.016800183802843094","0.017021439969539642"
"338000","0.016856757923960686","0.01645243912935257","0.017261076718568802"
"340000","0.016991961747407913","0.013954579830169678","0.02002934366464615"
"342000","0.012835795525461435","0.012763372622430325","0.012908218428492546"
"344000","0.011854549869894981","0.009779168292880058","0.013929931446909904"
"346000","0.010984854307025671","0.008743486367166042","0.0132262222468853"
"348000","0.013718155212700367","0.01219793502241373","0.015238375402987003"
"350000","0.01717404555529356","0.011649122461676598","0.022698968648910522"
"352000","0.016900070011615753","0.016787493601441383","0.017012646421790123"
"354000","0.011372162960469723","0.011023011058568954","0.011721314862370491"
"356000","0.012447337619960308","0.012228600680828094","0.012666074559092522"
"358000","0.010216180700808764","0.0085262106731534","0.011906150728464127"
"360000","0.012183730490505695","0.011823459528386593","0.012544001452624798"
"362000","0.011915817856788635","0.010905060917139053","0.012926574796438217"
"364000","0.012143404688686132","0.009011508896946907","0.015275300480425358"
"366000","0.010253431275486946","0.009247934445738792","0.0112589281052351"
"368000","0.01338022481650114","0.011494597420096397","0.015265852212905884"
"370000","0.015027716755867004","0.009155690670013428","0.02089974284172058"
"372000","0.01084184367209673","0.008579516783356667","0.013104170560836792"
"374000","0.011895883828401566","0.009513910859823227","0.014277856796979904"
"376000","0.009993812069296837","0.009102465584874153","0.01088515855371952"
"378000","0.010992296040058136","0.009317498654127121","0.012667093425989151"
"380000","0.01039762794971466","0.009027814492583275","0.011767441406846046"
"382000","0.013556526042521","0.01022661104798317","0.01688644103705883"
"384000","0.012068032287061214","0.011101379990577698","0.013034684583544731"
"386000","0.013770638965070248","0.011765893548727036","0.01577538438141346"
"388000","0.010012359824031591","0.009965118020772934","0.010059601627290249"
"390000","0.011520757805556059","0.011121591553092003","0.011919924058020115"
"392000","0.011346768587827682","0.010929396376013756","0.01176414079964161"
"394000","0.009929458610713482","0.008897168561816216","0.010961748659610748"
"396000","0.011383694130927324","0.010051915422081947","0.012715472839772701"
"398000","0.012649240903556347","0.011064298450946808","0.014234183356165886"
"400000","0.013238327577710152","0.012934223748743534","0.01354243140667677"
"402000","0.012059883214533329","0.0095199104398489","0.014599855989217758"
"404000","0.012599891051650047","0.00953703187406063","0.015662750229239464"
"406000","0.01416669599711895","0.010057352483272552","0.018276039510965347"
"408000","0.0092312665656209","0.008293163031339645","0.010169370099902153"
"410000","0.0120121194049716","0.010424582287669182","0.013599656522274017"
"412000","0.008148774039000273","0.0073012737557291985","0.008996274322271347"
"414000","0.01008207118138671","0.007251939736306667","0.012912202626466751"
"416000","0.01007437938824296","0.0082832220941782","0.01186553668230772"
"418000","0.011694298591464758","0.008000827394425869","0.015387769788503647"
"420000","0.0116057014092803","0.010351717472076416","0.012859685346484184"
"422000","0.01390855759382248","0.012202369049191475","0.015614746138453484"
"424000","0.009098042733967304","0.008247993886470795","0.009948091581463814"
"426000","0.008120343554764986","0.007281000725924969","0.008959686383605003"
"428000","0.01044631889089942","0.007623930461704731","0.013268707320094109"
"430000","0.011938692070543766","0.009029611013829708","0.014847773127257824"
"432000","0.012002943083643913","0.009512882679700851","0.014493003487586975"
"434000","0.013166672550141811","0.007940666750073433","0.01839267835021019"
"436000","0.010477207135409117","0.008227716200053692","0.012726698070764542"
"438000","0.009667648933827877","0.007952742278575897","0.011382555589079857"
"440000","0.009843668900430202","0.008994478732347488","0.010692859068512917"
"442000","0.01062095258384943","0.009340381249785423","0.011901523917913437"
"444000","0.010847530327737331","0.010531358420848846","0.011163702234625816"
"446000","0.0077437120489776134","0.0060031963512301445","0.009484227746725082"
"448000","0.009933911729604006","0.007644149474799633","0.012223673984408379"
"450000","0.008890900295227766","0.007530576549470425","0.010251224040985107"
"452000","0.00862215319648385","0.007211708463728428","0.010032597929239273"
"454000","0.008694126270711422","0.005954958498477936","0.011433294042944908"
"456000","0.010167872067540884","0.009769191034138203","0.010566553100943565"
"458000","0.00764684728346765","0.007195731159299612","0.008097963407635689"
"460000","0.007686931872740388","0.007339586969465017","0.008034276776015759"
"462000","0.007583250990137458","0.007111180108040571","0.008055321872234344"
"464000","0.010636947583407164","0.0106113376095891","0.010662557557225227"
"466000","0.00834324350580573","0.0065401773899793625","0.0101463096216321"
"468000","0.011637438088655472","0.006386544555425644","0.0168883316218853"
"470000","0.01046689786016941","0.008540555834770203","0.012393239885568619"
"472000","0.009934419766068459","0.006787661463022232","0.013081178069114685"
"474000","0.011850566137582064","0.009678789414465427","0.0140223428606987"
"476000","0.00961192138493061","0.008473984897136688","0.010749857872724533"
"478000","0.011549459770321846","0.009214632213115692","0.013884287327528"
"480000","0.008889731485396624","0.006984078325331211","0.010795384645462036"
"482000","0.010080897249281406","0.008092062547802925","0.012069731950759888"
"484000","0.0092487174551934","0.006164745893329382","0.012332689017057419"
"486000","0.010216123424470425","0.00866825319826603","0.01176399365067482"
"488000","0.00806913641281426","0.007424425799399614","0.008713847026228905"
"490000","0.007798703154549003","0.007733106147497892","0.007864300161600113"
"492000","0.009663696866482496","0.00818843673914671","0.011138956993818283"
"494000","0.011605897452682257","0.01077244896441698","0.012439345940947533"
"496000","0.00859083142131567","0.007744180038571358","0.009437482804059982"
"498000","0.010710091330111027","0.009040193632245064","0.01237998902797699"
"500000","0.012157038785517216","0.008127136155962944","0.016186941415071487"
"502000","0.011814477853477001","0.0106480922549963","0.012980863451957703"
"504000","0.012401781044900417","0.012092441320419312","0.012711120769381523"
"506000","0.01145161036401987","0.010085336863994598","0.012817883864045143"
"508000","0.0075193962547928095","0.005827020388096571","0.009211772121489048"
"510000","0.009019448887556791","0.008983146399259567","0.009055751375854015"
"512000","0.008025088347494602","0.008010528050363064","0.00803964864462614"
"514000","0.00987227400764823","0.005717150866985321","0.014027397148311138"
"516000","0.010862280149012804","0.008917293511331081","0.012807266786694527"
"518000","0.006971416529268026","0.006247691810131073","0.00769514124840498"
"520000","0.010835057124495506","0.010816305875778198","0.010853808373212814"
"522000","0.007366993231698871","0.007041638251394033","0.007692348212003708"
"524000","0.007525179535150528","0.006343468092381954","0.008706890977919102"
"526000","0.007471459452062845","0.006375170312821865","0.008567748591303825"
"528000","0.00994692649692297","0.00785423070192337","0.01203962229192257"
"530000","0.00999804912135005","0.009252977557480335","0.010743120685219765"
"532000","0.00820510322228074","0.007804977707564831","0.00860522873699665"
"534000","0.013774669729173183","0.0075971875339746475","0.01995215192437172"
"536000","0.008469799999147654","0.006280793808400631","0.010658806189894676"
"538000","0.010875268839299679","0.008112132549285889","0.013638405129313469"
"540000","0.007363506127148867","0.006541883572936058","0.008185128681361675"
"542000","0.01039887685328722","0.005955098196864128","0.014842655509710312"
"544000","0.00968687143176794","0.007324877195060253","0.012048865668475628"
"546000","0.008675721939653158","0.0066450005397200584","0.010706443339586258"
"548000","0.008499295450747013","0.0076880622655153275","0.009310528635978699"
"550000","0.008346284739673138","0.006297549232840538","0.010395020246505737"
"552000","0.009402697905898094","0.006120448932051659","0.01268494687974453"
"554000","0.007442961214110255","0.0071558281779289246","0.007730094250291586"
"556000","0.010586771182715893","0.007742112502455711","0.013431429862976074"
"558000","0.007686479948461056","0.0056025125086307526","0.009770447388291359"
"560000","0.00866498239338398","0.008256860077381134","0.009073104709386826"
"562000","0.010468919295817614","0.00799370277673006","0.012944135814905167"
"564000","0.009222342167049646","0.005226719193160534","0.013217965140938759"
"566000","0.011226482689380646","0.0057625919580459595","0.016690373420715332"
"568000","0.010976064950227737","0.010437672957777977","0.011514456942677498"
"570000","0.00792684918269515","0.004625587724149227","0.011228110641241074"
"572000","0.009540194878354669","0.007542901206761599","0.011537488549947739"
"574000","0.008112557232379913","0.006712950766086578","0.009512163698673248"
"576000","0.007787094917148352","0.007372190244495869","0.008201999589800835"
"578000","0.00936439959332347","0.00902616884559393","0.009702630341053009"
"580000","0.0071718087419867516","0.004986433312296867","0.009357184171676636"
"582000","0.00973817566409707","0.004922934807837009","0.014553416520357132"
"584000","0.008316033519804478","0.005149856209754944","0.011482210829854012"
"586000","0.008183846715837717","0.005690591409802437","0.010677102021872997"
"588000","0.006722617661580443","0.006391409784555435","0.007053825538605452"
"590000","0.009704899974167347","0.00871448777616024","0.010695312172174454"
"592000","0.00789776653982699","0.005547503475099802","0.010248029604554176"
"594000","0.009313446702435613","0.005790980998426676","0.01283591240644455"
"596000","0.007315356284379959","0.006290750578045845","0.008339961990714073"
"598000","0.008331420365720987","0.006939944811165333","0.009722895920276642"
"600000","0.006441060686483979","0.0056534381583333015","0.007228683214634657"
"602000","0.00911478791385889","0.008539708331227303","0.009689867496490479"
"604000","0.007160535082221031","0.0052343085408210754","0.009086761623620987"
"606000","0.007804146036505699","0.005985686555504799","0.0096226055175066"
"608000","0.007084758020937443","0.005848792381584644","0.008320723660290241"
"610000","0.00803421251475811","0.004731528460979462","0.011336896568536758"
"612000","0.007579713594168425","0.005630544386804104","0.009528882801532745"
"614000","0.007885203463956714","0.005204278510063887","0.01056612841784954"
"616000","0.00848769280128181","0.007179104257375002","0.009796281345188618"
"618000","0.009164213668555021","0.009097853675484657","0.009230573661625385"
"620000","0.007778536062687635","0.005209987983107567","0.010347084142267704"
"622000","0.007708968594670296","0.00564195029437542","0.009775986894965172"
"624000","0.006310328375548124","0.0057824719697237015","0.006838184781372547"
"626000","0.008592509664595127","0.0070322491228580475","0.010152770206332207"
"628000","0.009287655120715499","0.0062933494336903095","0.012281960807740688"
"630000","0.006647777743637562","0.0066347140818834305","0.006660841405391693"
"632000","0.007291998015716672","0.0049246386624872684","0.009659357368946075"
"634000","0.0074941436760127544","0.004988200031220913","0.010000087320804596"
"636000","0.007196479709818959","0.005179526749998331","0.009213432669639587"
"638000","0.008548346813768148","0.005613059736788273","0.011483633890748024"
"640000","0.00689223175868392","0.0061813583597540855","0.007603105157613754"
"642000","0.012049599550664425","0.010794103145599365","0.013305095955729485"
"644000","0.008743925020098686","0.005480561405420303","0.012007288634777069"
"646000","0.0056725917384028435","0.004755232483148575","0.006589950993657112"
"648000","0.008850474376231432","0.005140640772879124","0.01256030797958374"
"650000","0.006579256150871515","0.004621279425919056","0.008537232875823975"
"652000","0.010603328235447407","0.010474737733602524","0.01073191873729229"
"654000","0.007453522877767682","0.004867337178438902","0.010039708577096462"
"656000","0.0069499993696808815","0.005502266809344292","0.008397731930017471"
"658000","0.008145701605826616","0.005088076926767826","0.011203326284885406"
"660000","0.007443396607413888","0.004468629602342844","0.010418163612484932"
"662000","0.008848903235048056","0.006561531685292721","0.01113627478480339"
"664000","0.008578025735914707","0.0054482631385326385","0.011707788333296776"
"666000","0.0077020584139972925","0.005053692031651735","0.01035042479634285"
"668000","0.005544036626815796","0.005298325791954994","0.005789747461676598"
"670000","0.008409962523728609","0.005153347738087177","0.011666577309370041"
"672000","0.008185656974092126","0.00772227393463254","0.008649040013551712"
"674000","0.006072403164580464","0.004289293196052313","0.007855513133108616"
"676000","0.007172835059463978","0.004525192081928253","0.009820478036999702"
"678000","0.00790515448898077","0.004846551455557346","0.010963757522404194"
"680000","0.008077061735093594","0.0049586426466703415","0.011195480823516846"
"682000","0.006754125468432903","0.005372490733861923","0.008135760203003883"
"684000","0.007924746721982956","0.005196342244744301","0.010653151199221611"
"686000","0.007588259177282453","0.005139841232448816","0.010036677122116089"
"688000","0.0060053798370063305","0.005499994847923517","0.006510764826089144"
"690000","0.007460865192115307","0.006044665351510048","0.008877065032720566"
"692000","0.005392651539295912","0.0033931247889995575","0.007392178289592266"
"694000","0.009671000763773918","0.0046434421092271805","0.014698559418320656"
"696000","0.005928192287683487","0.005633635446429253","0.006222749128937721"
"698000","0.006648549344390631","0.0045480309054255486","0.008749067783355713"
"700000","0.007061880431137979","0.0038315446581691504","0.010292216204106808"
"702000","0.007147838827222586","0.005073367618024349","0.009222310036420822"
"704000","0.006735431030392647","0.005373157560825348","0.008097704499959946"
"706000","0.005636901827529073","0.0032393899746239185","0.008034413680434227"
"708000","0.0065388972871005535","0.004937191493809223","0.008140603080391884"
"710000","0.005529690999537706","0.00458630733191967","0.006473074667155743"
"712000","0.007593963760882616","0.004891921766102314","0.010296005755662918"
"714000","0.008289590012282133","0.005082992836833","0.011496187187731266"
"716000","0.007588181644678116","0.005861840210855007","0.009314523078501225"
"718000","0.005944310105405748","0.003779954044148326","0.00810866616666317"
"720000","0.007017090916633606","0.005913230590522289","0.008120951242744923"
"722000","0.007619947195053101","0.0065090227872133255","0.008730871602892876"
"724000","0.0077462890185415745","0.005913404747843742","0.009579173289239407"
"726000","0.007070536725223064","0.0061711277812719345","0.007969945669174194"
"728000","0.00815567490644753","0.004646493587642908","0.011664856225252151"
"730000","0.00880620488896966","0.004917320795357227","0.012695088982582092"
"732000","0.007523991633206606","0.004603794775903225","0.010444188490509987"
"734000","0.008472738089039922","0.004792171064764261","0.012153305113315582"
"736000","0.008107299450784922","0.004678080789744854","0.01153651811182499"
"738000","0.0061999959871172905","0.004707797430455685","0.007692194543778896"
"740000","0.005854717921465635","0.004511047154664993","0.007198388688266277"
"742000","0.006150129367597401","0.0034863988403230906","0.008813859894871712"
"744000","0.009057940216735005","0.004160752985626459","0.013955127447843552"
"746000","0.012028629891574383","0.011030862107872963","0.013026397675275803"
"748000","0.008627881295979023","0.006246699020266533","0.011009063571691513"
"750000","0.007385247852653265","0.004887925460934639","0.009882570244371891"
"752000","0.00592972501181066","0.0049986205995082855","0.006860829424113035"
"754000","0.005974071100354195","0.004561430774629116","0.007386711426079273"
"756000","0.007425351999700069","0.005379565060138702","0.009471138939261436"
"758000","0.0058010718785226345","0.004673844203352928","0.006928299553692341"
"760000","0.007788515649735928","0.005240108817815781","0.010336922481656075"
"762000","0.008311493322253227","0.007189763709902763","0.009433222934603691"
"764000","0.005492188618518412","0.0028323691803961992","0.008152008056640625"
"766000","0.006110699148848653","0.004614486824721098","0.007606911472976208"
"768000","0.0074031478725373745","0.005065363831818104","0.009740931913256645"
"770000","0.008058278588578105","0.00745186535641551","0.0086646918207407"
"772000","0.007302115438506007","0.0057790870778262615","0.008825143799185753"
"774000","0.005315687041729689","0.004194227047264576","0.006437147036194801"
"776000","0.007345636375248432","0.005374365486204624","0.00931690726429224"
"778000","0.007074068766087294","0.005180644802749157","0.00896749272942543"
"780000","0.007131866179406643","0.004808066412806511","0.009455665946006775"
"782000","0.005978087428957224","0.004096058197319508","0.00786011666059494"
"784000","0.006074484903365374","0.005377432331442833","0.006771537475287914"
"786000","0.007417523302137852","0.005220507271587849","0.009614539332687855"
"788000","0.007230221759527922","0.005256212316453457","0.009204231202602386"
"790000","0.0054965754970908165","0.004475845023989677","0.006517305970191956"
"792000","0.005672933999449015","0.0037316810339689255","0.007614186964929104"
"794000","0.007403929717838764","0.006673963740468025","0.008133895695209503"
"796000","0.0051626041531562805","0.0037155011668801308","0.00660970713943243"
"798000","0.0069082267582416534","0.004730493761599064","0.009085959754884243"
"800000","0.006169543135911226","0.0042319828644394875","0.008107103407382965"
"802000","0.005536338314414024","0.0048405262641608715","0.006232150364667177"
"804000","0.004896316211670637","0.004433410242199898","0.0053592221811413765"
"806000","0.005710805766284466","0.0053183576092123985","0.006103253923356533"
"808000","0.006911031436175108","0.005442787893116474","0.008379274979233742"
"810000","0.005720970686525106","0.0048944889567792416","0.006547452416270971"
"812000","0.0054974311497062445","0.005467623937875032","0.0055272383615374565"
"814000","0.0075628082267940044","0.00577030424028635","0.009355312213301659"
"816000","0.007924065925180912","0.0074365101754665375","0.008411621674895287"
"818000","0.009376667905598879","0.007493023760616779","0.011260312050580978"
"820000","0.005577392410486937","0.0052961306646466255","0.005858654156327248"
"822000","0.007065362762659788","0.006232336163520813","0.007898389361798763"
"824000","0.005643371259793639","0.005555980373173952","0.005730762146413326"
"826000","0.006312830839306116","0.006224009208381176","0.006401652470231056"
"828000","0.008877518121153116","0.006185838021337986","0.011569198220968246"
"830000","0.005209589144214988","0.004425831139087677","0.0059933471493422985"
"832000","0.005262239836156368","0.004698082804679871","0.005826396867632866"
"834000","0.007113044383004308","0.006392524112015963","0.007833564653992653"
"836000","0.006170087959617376","0.00448619294911623","0.007853982970118523"
"838000","0.006750778760761023","0.0056861527264118195","0.007815404795110226"
"840000","0.006405337480828166","0.004391312133520842","0.00841936282813549"
"842000","0.007848990615457296","0.0055649010464549065","0.010133080184459686"
"844000","0.0062323366291821","0.004901834297925234","0.007562838960438967"
"846000","0.005124132847413421","0.004888731986284256","0.005359533708542585"
"848000","0.006518284324556589","0.006133421324193478","0.006903147324919701"
"850000","0.005715810228139162","0.004992277827113867","0.006439342629164457"
"852000","0.005449937889352441","0.004356278572231531","0.0065435972064733505"
"854000","0.006700319005176425","0.005383606534451246","0.008017031475901604"
"856000","0.007720263209193945","0.004920721985399723","0.010519804432988167"
"858000","0.005873929942026734","0.005392774939537048","0.00635508494451642"
"860000","0.008135403506457806","0.004990465939044952","0.011280341073870659"
"862000","0.005782868713140488","0.005765741690993309","0.005799995735287666"
"864000","0.006691434886306524","0.00425215158611536","0.009130718186497688"
"866000","0.006929759867489338","0.005771994590759277","0.008087525144219398"
"868000","0.005318604875355959","0.005055204965174198","0.00558200478553772"
"870000","0.005604338366538286","0.0049403076991438866","0.006268369033932686"
"872000","0.006118344608694315","0.004292714409530163","0.007943974807858467"
"874000","0.005753951147198677","0.00511896051466465","0.006388941779732704"
"876000","0.006199985509738326","0.005897270981222391","0.006502700038254261"
"878000","0.010598187800496817","0.0067276498302817345","0.014468725770711899"
"880000","0.0056920594070106745","0.004528115037828684","0.006856003776192665"
"882000","0.006367997266352177","0.005902283359318972","0.006833711173385382"
"884000","0.006258415756747127","0.0049842651933431625","0.007532566320151091"
"886000","0.00516451639123261","0.00457289582118392","0.0057561369612813"
"888000","0.004435739479959011","0.004173769615590572","0.00469770934432745"
"890000","0.0057173846289515495","0.005671350285410881","0.005763418972492218"
"892000","0.005623441189527512","0.004716799594461918","0.006530082784593105"
"894000","0.008544414537027478","0.005054072011262178","0.012034757062792778"
"896000","0.005720735061913729","0.005596620962023735","0.005844849161803722"
"898000","0.0044401865452528","0.004315696191042662","0.004564676899462938"
"900000","0.004778041271492839","0.003937240224331617","0.00561884231865406"
"902000","0.006225096294656396","0.005002104211598635","0.007448088377714157"
"904000","0.004498400026932359","0.003977662418037653","0.0050191376358270645"
"906000","0.005772274918854237","0.004190430045127869","0.0073541197925806046"
"908000","0.005516892531886697","0.004992143716663122","0.0060416413471102715"
"910000","0.005908604012802243","0.00524129020050168","0.006575917825102806"
"912000","0.005360847571864724","0.004386845510452986","0.0063348496332764626"
"914000","0.005722265457734466","0.005032477434724569","0.006412053480744362"
"916000","0.0059103285893797874","0.004223844036459923","0.007596813142299652"
"918000","0.005365459248423576","0.004365748725831509","0.006365169771015644"
"920000","0.0051119273994117975","0.004521287512034178","0.005702567286789417"
"922000","0.005361234303563833","0.005256742238998413","0.005465726368129253"
"924000","0.005477323429659009","0.005374003667384386","0.005580643191933632"
"926000","0.005055664572864771","0.004615127108991146","0.005496202036738396"
"928000","0.005174917401745915","0.0049915555864572525","0.005358279217034578"
"930000","0.005056523950770497","0.004438891541212797","0.0056741563603281975"
"932000","0.01007825043052435","0.005909882485866547","0.014246618375182152"
"934000","0.004983718041330576","0.004236568696796894","0.005730867385864258"
"936000","0.005059318151324987","0.0045370664447546005","0.005581569857895374"
"938000","0.005741317057982087","0.004627785179764032","0.006854848936200142"
"940000","0.0053917106706649065","0.004064376000314951","0.006719045341014862"
"942000","0.005430212011560798","0.005061923060566187","0.0057985009625554085"
"944000","0.004762280033901334","0.00424206955358386","0.005282490514218807"
"946000","0.004701981088146567","0.004230888094753027","0.005173074081540108"
"948000","0.006494846660643816","0.005864660255610943","0.007125033065676689"
"950000","0.0050874759908765554","0.005023878999054432","0.005151072982698679"
"952000","0.0045816064812242985","0.004509885795414448","0.004653327167034149"
"954000","0.004977983655408025","0.004728205502033234","0.005227761808782816"
"956000","0.0047807537484914064","0.004521030467003584","0.005040477029979229"
"958000","0.00475907139480114","0.00428208289667964","0.00523605989292264"
"960000","0.00419881590642035","0.004130816552788019","0.004266815260052681"
"962000","0.0037877323338761926","0.0029963382985442877","0.0045791263692080975"
"964000","0.004322686232626438","0.0032572047784924507","0.005388167686760426"
"966000","0.0028199637308716774","0.0023582482244819403","0.0032816792372614145"
"968000","0.0045421679969877005","0.00423774728551507","0.004846588708460331"
"970000","0.003928245045244694","0.0027823438867926598","0.005074146203696728"
"972000","0.004679013509303331","0.004547660239040852","0.004810366779565811"
"974000","0.005337458569556475","0.003739655949175358","0.0069352611899375916"
"976000","0.0052149489056319","0.004767213016748428","0.005662684794515371"
"978000","0.005998749285936356","0.005062145181000233","0.0069353533908724785"
"980000","0.005620235111564398","0.005175797268748283","0.006064672954380512"
"982000","0.004519549664109945","0.00408506253734231","0.004954036790877581"
"984000","0.004444974008947611","0.0030714073218405247","0.005818540696054697"
"986000","0.00571610382758081","0.004497617483139038","0.006934590172022581"
"988000","0.00502435490489006","0.003944756463170052","0.006103953346610069"
"990000","0.005592839326709509","0.005148573778569698","0.0060371048748493195"
"992000","0.0061974902637302876","0.005247345194220543","0.007147635333240032"
"994000","0.0053203359711915255","0.003299595322459936","0.007341076619923115"
"996000","0.004822870250791311","0.003390454687178135","0.006255285814404488"
"998000","0.004179864889010787","0.0036743441596627235","0.0046853856183588505"
"1000000","0.005554997595027089","0.005456552840769291","0.005653442349284887"
"1002000","0.004239020869135857","0.004188604652881622","0.004289437085390091"
"1004000","0.006407334003597498","0.005218476988375187","0.007596191018819809"
"1006000","0.005531015805900097","0.004197063855826855","0.006864967755973339"
"1008000","0.004069639137014747","0.003969787620007992","0.0041694906540215015"
"1010000","0.0047122465912252665","0.00456887437030673","0.004855618812143803"
"1012000","0.0045436767395585775","0.004100452642887831","0.004986900836229324"
"1014000","0.004815968684852123","0.00454762764275074","0.0050843097269535065"
"1016000","0.004168091458268464","0.003390852129086852","0.004945330787450075"
"1018000","0.005527017638087273","0.0036323079839348793","0.007421727292239666"
"1020000","0.0058017463888973","0.004725835286080837","0.006877657491713762"
"1022000","0.0047165825963020325","0.0045607369393110275","0.004872428253293037"
"1024000","0.004260315326973796","0.0035278666764497757","0.004992763977497816"
"1026000","0.004220205824822187","0.0038638445548713207","0.004576567094773054"
"1028000","0.004627015441656113","0.004018380306661129","0.005235650576651096"
"1030000","0.0046400874853134155","0.003313310444355011","0.00596686452627182"
"1032000","0.004463909659534693","0.0043015554547309875","0.004626263864338398"
"1034000","0.004626086447387934","0.003995601087808609","0.0052565718069672585"
"1036000","0.0044220349518582225","0.0038142751436680555","0.0050297947600483894"
"1038000","0.003677431959658861","0.003309430554509163","0.004045433364808559"
"1040000","0.006990296300500631","0.004913187585771084","0.009067405015230179"
"1042000","0.004600175190716982","0.003964969422668219","0.005235380958765745"
"1044000","0.004736679373309016","0.004193131811916828","0.005280226934701204"
"1046000","0.014065656810998917","0.004356667399406433","0.0237746462225914"
"1048000","0.004622734384611249","0.0036698817275464535","0.0055755870416760445"
"1050000","0.005132816499099135","0.005002387799322605","0.005263245198875666"
"1052000","0.006211382802575827","0.0038877753540873528","0.0085349902510643"
"1054000","0.005879394011572003","0.005087403580546379","0.006671384442597628"
"1056000","0.005485099740326405","0.005165118724107742","0.005805080756545067"
"1058000","0.004295245045796037","0.003937003202736378","0.004653486888855696"
"1060000","0.0057756053283810616","0.004353143274784088","0.007198067381978035"
"1062000","0.005561951547861099","0.005512337200343609","0.00561156589537859"
"1064000","0.004353660624474287","0.004250296391546726","0.004457024857401848"
"1066000","0.005448589567095041","0.004182141739875078","0.006715037394315004"
"1068000","0.0037850271910429","0.002848308067768812","0.004721746314316988"
"1070000","0.0035602767020463943","0.002969314344227314","0.004151239059865475"
"1072000","0.004362607607617974","0.003967922646552324","0.004757292568683624"
"1074000","0.005120812449604273","0.004696182906627655","0.005545441992580891"
"1076000","0.004644542699679732","0.004195773508399725","0.00509331189095974"
"1078000","0.004239465110003948","0.0031389258801937103","0.005340004339814186"
"1080000","0.004409890156239271","0.0038899434730410576","0.004929836839437485"
"1082000","0.004936276003718376","0.004170099273324013","0.0057024527341127396"
"1084000","0.004265953786671162","0.003948408178985119","0.0045834993943572044"
"1086000","0.004387992434203625","0.003918674774467945","0.004857310093939304"
"1088000","0.005171346012502909","0.004888493567705154","0.005454198457300663"
"1090000","0.0045562455197796226","0.003843810176476836","0.005268680863082409"
"1092000","0.004247991368174553","0.003956303931772709","0.004539678804576397"
"1094000","0.005265721818432212","0.004952776711434126","0.005578666925430298"
"1096000","0.005039331503212452","0.004469777457416058","0.005608885549008846"
"1098000","0.005785840563476086","0.005574801005423069","0.005996880121529102"
"1100000","0.004340269137173891","0.004058866761624813","0.004621671512722969"
"1102000","0.004117791075259447","0.0029651112854480743","0.00527047086507082"
"1104000","0.004362993757240474","0.0036383585538715124","0.005087628960609436"
"1106000","0.004705338506028056","0.004592033568769693","0.004818643443286419"
"1108000","0.0034517846070230007","0.0023857182823121548","0.004517850931733847"
"1110000","0.004262686939910054","0.004202361684292555","0.0043230121955275536"
"1112000","0.003590996959246695","0.0022573035676032305","0.00492469035089016"
"1114000","0.003990643657743931","0.0031401971355080605","0.004841090179979801"
"1116000","0.004601255990564823","0.003808491863310337","0.005394020117819309"
"1118000","0.005107140634208918","0.0046553341671824455","0.00555894710123539"
"1120000","0.004874812439084053","0.0035190414637327194","0.006230583414435387"
"1122000","0.0044831265695393085","0.0029537780210375786","0.0060124751180410385"
"1124000","0.005213696742430329","0.003465975634753704","0.006961417850106955"
"1126000","0.004061534535139799","0.003214670345187187","0.004908398725092411"
"1128000","0.003641743096522987","0.0034062357153743505","0.0038772504776716232"
"1130000","0.004975421587005258","0.004642503801733255","0.00530833937227726"
"1132000","0.004340751562267542","0.00419513788074255","0.004486365243792534"
"1134000","0.004724577302113175","0.004524879157543182","0.004924275446683168"
"1136000","0.0037056340370327234","0.0030900579877197742","0.004321210086345673"
"1138000","0.00451802765019238","0.004286926705390215","0.004749128594994545"
"1140000","0.0045107160694897175","0.004060046747326851","0.004961385391652584"
"1142000","0.005014509428292513","0.003827489912509918","0.006201528944075108"
"1144000","0.005387912970036268","0.004381963051855564","0.006393862888216972"
"1146000","0.004947174806147814","0.0041785575449466705","0.005715792067348957"
"1148000","0.004705924540758133","0.004056070931255817","0.0053557781502604485"
"1150000","0.00490239099599421","0.0022355173714458942","0.007569264620542526"
"1152000","0.004420918878167868","0.00416342169046402","0.0046784160658717155"
"1154000","0.003803020343184471","0.003499000333249569","0.004107040353119373"
"1156000","0.0048125009052455425","0.0042820945382118225","0.0053429072722792625"
"1158000","0.004273076541721821","0.0034832628443837166","0.005062890239059925"
"1160000","0.004220371600240469","0.003782096318900585","0.004658646881580353"
"1162000","0.003345694742165506","0.002960371784865856","0.0037310176994651556"
"1164000","0.0033588885562494397","0.002782960655167699","0.003934816457331181"
"1166000","0.004765583435073495","0.0033462620340287685","0.006184904836118221"
"1168000","0.005583161022514105","0.004629309289157391","0.006537012755870819"
"1170000","0.004499244270846248","0.004133364651352167","0.004865123890340328"
"1172000","0.004588410956785083","0.004485038574784994","0.0046917833387851715"
"1174000","0.00448877876624465","0.004398671444505453","0.004578886087983847"
"1176000","0.003910584142431617","0.003277536015957594","0.00454363226890564"
"1178000","0.004047929309308529","0.0035641957074403763","0.0045316629111766815"
"1180000","0.004701251862570643","0.004033555742353201","0.005368947982788086"
"1182000","0.0034292268101125956","0.003254227340221405","0.003604226280003786"
"1184000","0.005245639011263847","0.005023318342864513","0.005467959679663181"
"1186000","0.0036844908026978374","0.0027087514754384756","0.004660230129957199"
"1188000","0.0037604260724037886","0.003400024026632309","0.004120828118175268"
"1190000","0.0032989499159157276","0.0030350000597536564","0.003562899772077799"
"1192000","0.004300883272662759","0.00418582558631897","0.004415940959006548"
"1194000","0.005619146395474672","0.005063388496637344","0.006174904294312"
"1196000","0.005067206919193268","0.004927544854581356","0.00520686898380518"
"1198000","0.004728851607069373","0.004439100623130798","0.005018602591007948"
"1200000","0.004210695158690214","0.003910628147423267","0.004510762169957161"
"1202000","0.003872086526826024","0.003476268146187067","0.004267904907464981"
"1204000","0.003444857895374298","0.0026219505816698074","0.004267765209078789"
"1206000","0.004096045158803463","0.0025366335175931454","0.005655456800013781"
"1208000","0.0038225705502554774","0.0035933784674853086","0.004051762633025646"
"1210000","0.0031017207074910402","0.0030848169699311256","0.003118624445050955"
"1212000","0.0038898433558642864","0.0027559325098991394","0.0050237542018294334"
"1214000","0.0038044105749577284","0.002826566342264414","0.004782254807651043"
"1216000","0.003918101079761982","0.0037827114574611187","0.004053490702062845"
"1218000","0.0046067810617387295","0.0035168062895536423","0.005696755833923817"
"1220000","0.005400375928729773","0.004727819003164768","0.006072932854294777"
"1222000","0.00306018244009465","0.002768896520137787","0.0033514683600515127"
"1224000","0.005214498843997717","0.0037426361814141273","0.0066863615065813065"
"1226000","0.004400667385198176","0.0032785332296043634","0.005522801540791988"
"1228000","0.004300492350012064","0.003626525402069092","0.004974459297955036"
"1230000","0.003262198530137539","0.0031047165393829346","0.0034196805208921432"
"1232000","0.004461583564989269","0.0036491292994469404","0.005274037830531597"
"1234000","0.004731187596917152","0.004365062341094017","0.005097312852740288"
"1236000","0.004111790331080556","0.003926402889192104","0.0042971777729690075"
"1238000","0.0047488739946857095","0.0038114937487989664","0.0056862542405724525"
"1240000","0.004521760740317404","0.0031319616828113794","0.005911559797823429"
"1242000","0.005132641876116395","0.004774398636072874","0.005490885116159916"
"1244000","0.00656889658421278","0.004498680122196674","0.008639113046228886"
"1246000","0.004225271055474877","0.00401626480743289","0.004434277303516865"
"1248000","0.004381447331979871","0.0035800780169665813","0.00518281664699316"
"1250000","0.004331379430368543","0.0042663076892495155","0.00439645117148757"
"1252000","0.004321058513596654","0.0033988486975431442","0.005243268329650164"
"1254000","0.003051077714189887","0.002938922494649887","0.003163232933729887"
"1256000","0.004377678735181689","0.0037379474379122257","0.005017410032451153"
"1258000","0.005343365482985973","0.004828720353543758","0.005858010612428188"
"1260000","0.004263096721842885","0.0038345172069966793","0.004691676236689091"
"1262000","0.00493318447843194","0.004510898143053055","0.005355470813810825"
"1264000","0.01370285078883171","0.003887072205543518","0.023518629372119904"
"1266000","0.005109351826831698","0.004173737950623035","0.006044965703040361"
"1268000","0.0033931522630155087","0.003249341854825616","0.0035369626712054014"
"1270000","0.005350007908418775","0.004994714632630348","0.005705301184207201"
"1272000","0.005130690522491932","0.00426425039768219","0.005997130647301674"
"1274000","0.004344800719991326","0.0033208588138222694","0.005368742626160383"
"1276000","0.004626267706044018","0.0031377228442579508","0.006114812567830086"
"1278000","0.003979714587330818","0.0026371111162006855","0.005322318058460951"
"1280000","0.003235406940802932","0.002783694304525852","0.0036871195770800114"
"1282000","0.004257334629073739","0.0039872461929917336","0.0045274230651557446"
"1284000","0.0050609903410077095","0.004298500716686249","0.00582347996532917"
"1286000","0.003354341140948236","0.0029564795549958944","0.0037522027269005775"
"1288000","0.003976220265030861","0.0029277047142386436","0.005024735815823078"
"1290000","0.003688715980388224","0.0031747135799378157","0.004202718380838633"
"1292000","0.0044998700032010674","0.0035136009100824594","0.0054861390963196754"
"1294000","0.003552193404175341","0.0034174493048340082","0.003686937503516674"
"1296000","0.003862747922539711","0.0035583702847361565","0.0041671255603432655"
"1298000","0.004724814789369702","0.004427688661962748","0.005021940916776657"
"1300000","0.004671399015933275","0.0037464313209056854","0.005596366710960865"
"1302000","0.0040873505640774965","0.0038477438502013683","0.004326957277953625"
"1304000","0.004280996276065707","0.0038979891687631607","0.004664003383368254"
"1306000","0.004618556471541524","0.0031611756421625614","0.0060759373009204865"
"1308000","0.003947243560105562","0.0039353021420538425","0.003959184978157282"
"1310000","0.005102077033370733","0.004506909288465977","0.00569724477827549"
"1312000","0.0038006259128451347","0.0035371999256312847","0.004064051900058985"
"1314000","0.0038223413284868","0.003351344261318445","0.004293338395655155"
"1316000","0.004572216654196382","0.0035976297222077847","0.0055468035861849785"
"1318000","0.004064747132360935","0.003935562446713448","0.004193931818008423"
"1320000","0.003140934626571834","0.00309923873282969","0.003182630520313978"
"1322000","0.0036523223388940096","0.002715297508984804","0.004589347168803215"
"1324000","0.003546511405147612","0.003397711319848895","0.003695311490446329"
"1326000","0.003257300239056349","0.002925108652561903","0.0035894918255507946"
"1328000","0.0033148452639579773","0.0027018883265554905","0.003927802201360464"
"1330000","0.004340931307524443","0.004069984890520573","0.004611877724528313"
"1332000","0.003646380268037319","0.0030293138697743416","0.004263446666300297"
"1334000","0.003965251613408327","0.002996566705405712","0.004933936521410942"
"1336000","0.0035552692133933306","0.0026703206822276115","0.00444021774455905"
"1338000","0.0038538663648068905","0.003818799275904894","0.003888933453708887"
"1340000","0.004933402873575687","0.004461072385311127","0.005405733361840248"
"1342000","0.0036638820311054587","0.003178379265591502","0.004149384796619415"
"1344000","0.005159207386896014","0.004613239783793688","0.005705174989998341"
"1346000","0.004186673671938479","0.003653282532468438","0.00472006481140852"
"1348000","0.004878781270235777","0.004666424356400967","0.005091138184070587"
"1350000","0.004520047921687365","0.0037669455632567406","0.005273150280117989"
"1352000","0.005357035901397467","0.0034901807084679604","0.007223891094326973"
"1354000","0.004526275675743818","0.004480188712477684","0.0045723626390099525"
"1356000","0.0038182304706424475","0.003531757276505232","0.004104703664779663"
"1358000","0.0043097687885165215","0.004148690961301327","0.004470846615731716"
"1360000","0.00422336719930172","0.0036310898140072823","0.004815644584596157"
"1362000","0.00415758928284049","0.004152913577854633","0.004162264987826347"
"1364000","0.004837066400796175","0.004189603962004185","0.005484528839588165"
"1366000","0.0038715554401278496","0.0034157345071434975","0.004327376373112202"
"1368000","0.003852736670523882","0.0028554024174809456","0.004850070923566818"
"1370000","0.004425328224897385","0.0030162418261170387","0.0058344146236777306"
"1372000","0.0043905016500502825","0.0038252766244113445","0.00495572667568922"
"1374000","0.002681420068256557","0.0023097244556993246","0.0030531156808137894"
"1376000","0.003962646936997771","0.003820787649601698","0.004104506224393845"
"1378000","0.003860838245600462","0.0024687526747584343","0.00525292381644249"
"1380000","0.003987406147643924","0.0036215600557625294","0.004353252239525318"
"1382000","0.0038145212456583977","0.0036940788850188255","0.00393496360629797"
"1384000","0.004370258888229728","0.0036248709075152874","0.005115646868944168"
"1386000","0.003875098656862974","0.003079609014093876","0.0046705882996320724"
"1388000","0.004306076327338815","0.0033878027461469173","0.005224349908530712"
"1390000","0.0037073821295052767","0.0028985366225242615","0.004516227636486292"
"1392000","0.004040298284962773","0.0036629661917686462","0.0044176303781569"
"1394000","0.004192877444438636","0.003620263421908021","0.004765491466969252"
"1396000","0.003777663689106703","0.0028679100796580315","0.004687417298555374"
"1398000","0.005034567788243294","0.003966957330703735","0.006102178245782852"
"1400000","0.00447371625341475","0.004274490289390087","0.004672942217439413"
"1402000","0.00363157840911299","0.0026250567752867937","0.004638100042939186"
"1404000","0.004718574462458491","0.004230742808431387","0.005206406116485596"
"1406000","0.00431639957241714","0.004167195409536362","0.004465603735297918"
"1408000","0.0025794801767915487","0.002570030279457569","0.0025889300741255283"
"1410000","0.0043545839143916965","0.0037296179216355085","0.004979549907147884"
"1412000","0.0030625174986198545","0.0022158522624522448","0.003909182734787464"
"1414000","0.003922223346307874","0.003401882480829954","0.004442564211785793"
"1416000","0.0032555864891037345","0.0028054406866431236","0.0037057322915643454"
"1418000","0.004180158255621791","0.0037922021001577377","0.004568114411085844"
"1420000","0.003618606016971171","0.0034172998275607824","0.0038199122063815594"
"1422000","0.0036767874844372272","0.003245923202484846","0.004107651766389608"
"1424000","0.0036127748899161816","0.003020300529897213","0.00420524924993515"
"1426000","0.004035174613818526","0.0025601214729249477","0.005510227754712105"
"1428000","0.0038328522350639105","0.003501566592603922","0.004164137877523899"
"1430000","0.004509633174166083","0.003951422404497862","0.005067843943834305"
"1432000","0.003970742924138904","0.0038914750330150127","0.0040500108152627945"
"1434000","0.004166353028267622","0.0034431777894496918","0.004889528267085552"
"1436000","0.004168009734712541","0.003278649179264903","0.005057370290160179"
"1438000","0.0038760239258408546","0.003567107953131199","0.00418493989855051"
"1440000","0.004815163090825081","0.00419179443269968","0.005438531748950481"
"1442000","0.004254751373082399","0.004204703029245138","0.004304799716919661"
"1444000","0.004591353004798293","0.002941665705293417","0.006241040304303169"
"1446000","0.004201481584459543","0.003087933175265789","0.005315029993653297"
"1448000","0.0031435058917850256","0.002021170686930418","0.004265841096639633"
"1450000","0.0034978841431438923","0.00315305357798934","0.0038427147082984447"
"1452000","0.003286740859039128","0.0023864463437348604","0.004187035374343395"
"1454000","0.0032207617769017816","0.002717602765187621","0.003723920788615942"
"1456000","0.004358809674158692","0.003891032189130783","0.004826587159186602"
"1458000","0.003603210672736168","0.0029101837426424026","0.004296237602829933"
"1460000","0.0029824376106262207","0.002724594436585903","0.0032402807846665382"
"1462000","0.004998806398361921","0.004770481027662754","0.0052271317690610886"
"1464000","0.0037711397744715214","0.003444237634539604","0.004098041914403439"
"1466000","0.0037511674454435706","0.0024586564395576715","0.00504367845132947"
"1468000","0.0031404468463733792","0.002603711560368538","0.0036771821323782206"
"1470000","0.003321946132928133","0.0033046919852495193","0.0033392002806067467"
"1472000","0.003919688751921058","0.0034167803823947906","0.004422597121447325"
"1474000","0.0041496994672343135","0.003654231084510684","0.004645167849957943"
"1476000","0.0049576077144593","0.004348782356828451","0.005566433072090149"
"1478000","0.00459313066676259","0.004312118515372276","0.0048741428181529045"
"1480000","0.00468853150960058","0.0036988004576414824","0.005678262561559677"
"1482000","0.003907328471541405","0.003374035470187664","0.004440621472895145"
"1484000","0.004183767247013748","0.0038762788753956556","0.00449125561863184"
"1486000","0.004947190056554973","0.0034479049500077963","0.00644647516310215"
"1488000","0.003909799852408469","0.003075403394177556","0.004744196310639381"
"1490000","0.003654276020824909","0.003398291766643524","0.003910260275006294"
"1492000","0.004472249420359731","0.0034852344542741776","0.005459264386445284"
"1494000","0.003337689326144755","0.003222269704565406","0.003453108947724104"
"1496000","0.0036813141778111458","0.0030455980449914932","0.004317030310630798"
"1498000","0.003958613611757755","0.0030085453763604164","0.004908681847155094"
"1500000","0.003978412132710218","0.002468463499099016","0.005488360766321421"
"1502000","0.0031310960184782743","0.0029253088869154453","0.0033368831500411034"
"1504000","0.004362630192190409","0.004063507542014122","0.004661752842366695"
"1506000","0.0045366049744188786","0.004154921509325504","0.004918288439512253"
"1508000","0.004648670554161072","0.004637246485799551","0.0046600946225225925"
"1510000","0.003961189184337854","0.0038768197409808636","0.004045558627694845"
"1512000","0.004795448388904333","0.0045517850667238235","0.005039111711084843"
"1514000","0.0034780267160385847","0.0034732529893517494","0.00348280044272542"
"1516000","0.005103870294988155","0.00474384892731905","0.005463891662657261"
"1518000","0.003433144767768681","0.00336101814173162","0.0035052713938057423"
"1520000","0.0038892929442226887","0.0033172788098454475","0.00446130707859993"
"1522000","0.004312047851271927","0.003769578645005822","0.0048545170575380325"
"1524000","0.004328576615080237","0.004101275000721216","0.004555878229439259"
"1526000","0.0032288237707689404","0.0027615544386208057","0.003696093102917075"
"1528000","0.003156137536279857","0.0029468704015016556","0.0033654046710580587"
"1530000","0.0031885203206911683","0.0029135674703866243","0.0034634731709957123"
"1532000","0.004643474938347936","0.0038246875628829002","0.005462262313812971"
"1534000","0.004261214518919587","0.004072616808116436","0.004449812229722738"
"1536000","0.0034318692050874233","0.0034109815023839474","0.0034527569077908993"
"1538000","0.004230394260957837","0.003944060765206814","0.00451672775670886"
"1540000","0.003872231813147664","0.003609736915677786","0.004134726710617542"
"1542000","0.004067260306328535","0.002488872967660427","0.005645647644996643"
"1544000","0.0041519529186189175","0.003325951285660267","0.004977954551577568"
"1546000","0.003088344121351838","0.002684575505554676","0.003492112737149"
"1548000","0.004546329844743013","0.004122570157051086","0.00497008953243494"
"1550000","0.004650044022127986","0.004570025485008955","0.004730062559247017"
"1552000","0.004402762278914452","0.0043097855523228645","0.004495739005506039"
"1554000","0.003461628803052008","0.0033858383540064096","0.0035374192520976067"
"1556000","0.0036040442064404488","0.0027193622663617134","0.004488726146519184"
"1558000","0.0037744641304016113","0.0033274898305535316","0.004221438430249691"
"1560000","0.0037419062573462725","0.003523996565490961","0.003959815949201584"
"1562000","0.003506337874568999","0.003414333797991276","0.003598341951146722"
"1564000","0.003498929552733898","0.003107377327978611","0.0038904817774891853"
"1566000","0.003961690003052354","0.0036958432756364346","0.004227536730468273"
"1568000","0.0034697665832936764","0.002437951508909464","0.004501581657677889"
"1570000","0.003664981573820114","0.0033634649589657784","0.00396649818867445"
"1572000","0.003815180156379938","0.0033088233321905136","0.004321536980569363"
"1574000","0.004230494610965252","0.0038975784555077553","0.0045634107664227486"
"1576000","0.003538017626851797","0.003035934641957283","0.004040100611746311"
"1578000","0.00407504104077816","0.003956309519708157","0.004193772561848164"
"1580000","0.0037486813962459564","0.0034076115116477013","0.004089751280844212"
"1582000","0.003619617084041238","0.003613804467022419","0.0036254297010600567"
"1584000","0.004416285548359156","0.004047697875648737","0.004784873221069574"
"1586000","0.004137141513638198","0.003534585004672408","0.004739698022603989"
"1588000","0.014624410774558783","0.0036858534440398216","0.025562968105077744"
"1590000","0.003691070480272174","0.0032787402160465717","0.004103400744497776"
"1592000","0.0032936657080426812","0.0032551197800785303","0.003332211636006832"
"1594000","0.0033681433415040374","0.0030466129537671804","0.0036896737292408943"
"1596000","0.004272927064448595","0.004027614835649729","0.004518239293247461"
"1598000","0.002951592323370278","0.0026964929420500994","0.0032066917046904564"
"1600000","0.003736915299668908","0.00333291944116354","0.004140911158174276"
"1602000","0.0033069488126784563","0.0022947052493691444","0.004319192375987768"
"1604000","0.003855709102936089","0.003804676467552781","0.003906741738319397"
"1606000","0.0034714239882305264","0.0031077773310244083","0.0038350706454366446"
"1608000","0.0031581708462908864","0.0024464859161525965","0.0038698557764291763"
"1610000","0.004237425979226828","0.004119516350328922","0.004355335608124733"
"1612000","0.0044650856871157885","0.0033610090613365173","0.00556916231289506"
"1614000","0.0031091495184227824","0.0028988230042159557","0.003319476032629609"
"1616000","0.0034485809737816453","0.002970864297822118","0.003926297649741173"
"1618000","0.0032328462693840265","0.0026084906421601772","0.003857201896607876"
"1620000","0.0036517251282930374","0.003504029009491205","0.0037994212470948696"
"1622000","0.003084504744037986","0.002626973669975996","0.0035420358180999756"
"1624000","0.003802812658250332","0.003444361500442028","0.004161263816058636"
"1626000","0.0034115472808480263","0.0029852986335754395","0.003837795928120613"
"1628000","0.0036811025347560644","0.0032573258504271507","0.004104879219084978"
"1630000","0.003987289615906775","0.003795037278905511","0.004179541952908039"
"1632000","0.002995074959471822","0.002425749320536852","0.0035644005984067917"
"1634000","0.003810551483184099","0.0036443988792598248","0.003976704087108374"
"1636000","0.0030446629971265793","0.002895374782383442","0.0031939512118697166"
"1638000","0.0034894560230895877","0.002646465552970767","0.004332446493208408"
"1640000","0.0032421614741906524","0.0029971348121762276","0.003487188136205077"
"1642000","0.0038956322241574526","0.003346401732414961","0.004444862715899944"
"1644000","0.003434292273595929","0.003362874034792185","0.0035057105123996735"
"1646000","0.003551818896085024","0.0030474639497697353","0.004056173842400312"
"1648000","0.0029143602587282658","0.0026360624469816685","0.003192658070474863"
"1650000","0.004528760211542249","0.0041642021387815475","0.00489331828430295"
"1652000","0.002789100748486817","0.0018382712733000517","0.003739930223673582"
"1654000","0.003563988720998168","0.0033045089803636074","0.0038234684616327286"
"1656000","0.0031246417202055454","0.002543519251048565","0.003705764189362526"
"1658000","0.0037561776116490364","0.002775951288640499","0.004736403934657574"
"1660000","0.0033979678992182016","0.0032164067961275578","0.0035795290023088455"
"1662000","0.003757155267521739","0.0032230145297944546","0.0042912960052490234"
"1664000","0.003643761039711535","0.002552514197304845","0.004735007882118225"
"1666000","0.003679778426885605","0.002206134609878063","0.0051534222438931465"
"1668000","0.003591671586036682","0.0031227082945406437","0.0040606348775327206"
"1670000","0.0026684317854233086","0.0016019077738747","0.003734955796971917"
"1672000","0.0034129030536860228","0.003129380289465189","0.0036964258179068565"
"1674000","0.003973454120568931","0.0036294094752520323","0.00431749876588583"
"1676000","0.003084583324380219","0.0023820374626666307","0.0037871291860938072"
"1678000","0.003954670391976833","0.0027538351714611053","0.005155505612492561"
"1680000","0.0032997854868881404","0.0015390211483463645","0.005060549825429916"
"1682000","0.0036789242876693606","0.0030744338873773813","0.00428341468796134"
"1684000","0.003081740695051849","0.0029353236313909292","0.0032281577587127686"
"1686000","0.0031754919327795506","0.002141060307621956","0.004209923557937145"
"1688000","0.0029152538627386093","0.002695220522582531","0.0031352872028946877"
"1690000","0.0039911470375955105","0.003319786861538887","0.004662507213652134"
"1692000","0.0046592592261731625","0.0044008661061525345","0.0049176523461937904"
"1694000","0.003705332288518548","0.0033967290073633194","0.004013935569673777"
"1696000","0.00366809475235641","0.0030175126157701015","0.0043186768889427185"
"1698000","0.003347936784848571","0.0028278715908527374","0.0038680019788444042"
"1700000","0.003916527144610882","0.002967044711112976","0.0048660095781087875"
"1702000","0.003617824171669781","0.00280291517265141","0.004432733170688152"
"1704000","0.0037590875290334225","0.003332330845296383","0.004185844212770462"
"1706000","0.00292032933793962","0.0023153643123805523","0.0035252943634986877"
"1708000","0.0028079047333449125","0.002807438839226961","0.002808370627462864"
"1710000","0.004114200826734304","0.0039259688928723335","0.004302432760596275"
"1712000","0.002975013107061386","0.0023060007952153683","0.003644025418907404"
"1714000","0.004438712494447827","0.003729018848389387","0.0051484061405062675"
"1716000","0.002784023294225335","0.002435506321489811","0.0031325402669608593"
"1718000","0.0030791127355769277","0.002104173181578517","0.004054052289575338"
"1720000","0.003207716392353177","0.0028690947219729424","0.003546338062733412"
"1722000","0.0037868793588131666","0.003384294919669628","0.004189463797956705"
"1724000","0.003503642976284027","0.0029624057933688164","0.004044880159199238"
"1726000","0.004247225821018219","0.004081691615283489","0.004412760026752949"
"1728000","0.0030692777363583446","0.002949157962575555","0.0031893975101411343"
"1730000","0.004168323357589543","0.0028888967353850603","0.005447749979794025"
"1732000","0.00328768917825073","0.0031708914320915937","0.0034044869244098663"
"1734000","0.0032641366124153137","0.0026228372007608414","0.003905436024069786"
"1736000","0.004057345213368535","0.0033473684452474117","0.004767321981489658"
"1738000","0.0026317534502595663","0.0022608106955885887","0.003002696204930544"
"1740000","0.0035311472602188587","0.002988436259329319","0.0040738582611083984"
"1742000","0.0035531746689230204","0.002781243994832039","0.004325105343014002"
"1744000","0.004153764573857188","0.004092899616807699","0.004214629530906677"
"1746000","0.0037505457876250148","0.0028781930450350046","0.004622898530215025"
"1748000","0.0032537723891437054","0.0025298516266047955","0.003977693151682615"
"1750000","0.003178400918841362","0.003010984044522047","0.003345817793160677"
"1752000","0.003757424419745803","0.0033551077358424664","0.004159741103649139"
"1754000","0.004225983750075102","0.003141491673886776","0.005310475826263428"
"1756000","0.002975306357257068","0.0024550622329115868","0.0034955504816025496"
"1758000","0.0036851345794275403","0.002504226053133607","0.004866043105721474"
"1760000","0.0031793840462341905","0.0025920236948877573","0.0037667443975806236"
"1762000","0.003314741770736873","0.0029852548614144325","0.0036442286800593138"
"1764000","0.0032092833425849676","0.002640369813889265","0.00377819687128067"
"1766000","0.003426412120461464","0.002507891971617937","0.004344932269304991"
"1768000","0.004193211439996958","0.004009230062365532","0.004377192817628384"
"1770000","0.00331874773837626","0.0029489812441170216","0.003688514232635498"
"1772000","0.003679291345179081","0.003290169406682253","0.004068413283675909"
"1774000","0.003920785151422024","0.0033926498144865036","0.004448920488357544"
"1776000","0.0032518175430595875","0.003205082844942808","0.003298552241176367"
"1778000","0.0028561168583109975","0.0026284693740308285","0.0030837643425911665"
"1780000","0.003996746498160064","0.0034319486003369093","0.004561544395983219"
"1782000","0.0036523182643577456","0.0019819370936602354","0.005322699435055256"
"1784000","0.004237597342580557","0.003991847857832909","0.004483346827328205"
"1786000","0.003229345311410725","0.002254370367154479","0.004204320255666971"
"1788000","0.002830019686371088","0.0026276852004230022","0.003032354172319174"
"1790000","0.0034538977779448032","0.0033197663724422455","0.003588029183447361"
"1792000","0.0032590111950412393","0.002462738426402211","0.004055283963680267"
"1794000","0.0030847348971292377","0.002185771008953452","0.003983698785305023"
"1796000","0.0028788329800590873","0.0027155729476362467","0.003042093012481928"
"1798000","0.0025738091208040714","0.0017605223692953587","0.003387095872312784"
"1800000","0.004144858568906784","0.0039772335439920425","0.004312483593821526"
"1802000","0.004391120048239827","0.0043615298345685005","0.004420710261911154"
"1804000","0.0036163039039820433","0.003026560414582491","0.004206047393381596"
"1806000","0.0033441894920542836","0.0027687924448400736","0.003919586539268494"
"1808000","0.003202189691364765","0.0027383584529161453","0.003666020929813385"
"1810000","0.003170496318489313","0.0026798387989401817","0.0036611538380384445"
"1812000","0.0036969061475247145","0.0032350714318454266","0.004158740863204002"
"1814000","0.0036035412922501564","0.0033847028389573097","0.003822379745543003"
"1816000","0.0033943934831768274","0.002526042517274618","0.004262744449079037"
"1818000","0.0043197323102504015","0.004102647770196199","0.004536816850304604"
"1820000","0.003043781965970993","0.0025093690492212772","0.003578194882720709"
"1822000","0.003496111137792468","0.002530677244067192","0.004461545031517744"
"1824000","0.002541856956668198","0.00239582359790802","0.002687890315428376"
"1826000","0.00388881447724998","0.003139941021800041","0.004637687932699919"
"1828000","0.0027136101853102446","0.0015934421680867672","0.003833778202533722"
"1830000","0.00428693275898695","0.0030571836978197098","0.00551668182015419"
"1832000","0.00380632933229208","0.003252231515944004","0.004360427148640156"
"1834000","0.0029042535461485386","0.0017036288045346737","0.0041048782877624035"
"1836000","0.0037030912935733795","0.003355664201080799","0.00405051838606596"
"1838000","0.0030310058500617743","0.0029481309466063976","0.003113880753517151"
"1840000","0.003354004118591547","0.002643278334289789","0.004064729902893305"
"1842000","0.0031195334158837795","0.002824496477842331","0.003414570353925228"
"1844000","0.0033245114609599113","0.0029357406310737133","0.0037132822908461094"
"1846000","0.0031231214525178075","0.002764548407867551","0.003481694497168064"
"1848000","0.0032425513491034508","0.0028930664993822575","0.003592036198824644"
"1850000","0.003471173346042633","0.003319782204926014","0.003622564487159252"
"1852000","0.002355635748244822","0.0019351141527295113","0.002776157343760133"
"1854000","0.0038418719777837396","0.0035285500343889","0.004155193921178579"
"1856000","0.0036954714450985193","0.0028876448050141335","0.004503298085182905"
"1858000","0.004296988947317004","0.0041073705069720745","0.004486607387661934"
"1860000","0.0032136361114680767","0.0023882966488599777","0.004038975574076176"
"1862000","0.0032915824558585882","0.0030247545801103115","0.003558410331606865"
"1864000","0.003019056748598814","0.0024456745013594627","0.0035924389958381653"
"1866000","0.003464372712187469","0.003452111268416047","0.003476634155958891"
"1868000","0.00340495677664876","0.0032213348895311356","0.003588578663766384"
"1870000","0.0036309525603428483","0.003501839702948928","0.0037600654177367687"
"1872000","0.0035533790942281485","0.0033720717765390873","0.0037346864119172096"
"1874000","0.0029692554380744696","0.0029072752222418785","0.0030312356539070606"
"1876000","0.0033004889264702797","0.002688533626496792","0.0039124442264437675"
"1878000","0.008754865964874625","0.002792124170809984","0.014717607758939266"
"1880000","0.003464125795289874","0.002395925112068653","0.004532326478511095"
"1882000","0.00262979615945369","0.002442995086312294","0.002816597232595086"
"1884000","0.0035268287174403667","0.002689003013074398","0.0043646544218063354"
"1886000","0.0037179202772676945","0.002665693871676922","0.004770146682858467"
"1888000","0.003611668711528182","0.0031526624225080013","0.004070675000548363"
"1890000","0.003406802425161004","0.0033489568158984184","0.0034646480344235897"
"1892000","0.0035824667429551482","0.0033330267760902643","0.003831906709820032"
"1894000","0.003674289328046143","0.0035229341592639685","0.0038256444968283176"
"1896000","0.0032672237139195204","0.0026256791315972805","0.00390876829624176"
"1898000","0.002762098447419703","0.0027386476285755634","0.0027855492662638426"
"1900000","0.00319023837801069","0.0030158848967403173","0.003364591859281063"
"1902000","0.0026056773494929075","0.001915300264954567","0.003296054434031248"
"1904000","0.0039521686267107725","0.0034694871865212917","0.004434850066900253"
"1906000","0.0030981600284576416","0.002911653835326433","0.00328466622158885"
"1908000","0.0031907472293823957","0.0025524310767650604","0.003829063381999731"
"1910000","0.0030439943075180054","0.002431087661534548","0.003656900953501463"
"1912000","0.003082773182541132","0.0029945052228868008","0.003171041142195463"
"1914000","0.003098654909990728","0.0025440638419240713","0.0036532459780573845"
"1916000","0.0029257613932713866","0.0028463569469749928","0.0030051658395677805"
"1918000","0.003129565971903503","0.00294979359023273","0.003309338353574276"
"1920000","0.003079513553529978","0.002860446460545063","0.0032985806465148926"
"1922000","0.003471729112789035","0.002402720507234335","0.004540737718343735"
"1924000","0.003639024682343006","0.002779617439955473","0.004498431924730539"
"1926000","0.0037405588664114475","0.0034592533484101295","0.0040218643844127655"
"1928000","0.0037413262762129307","0.0027613630518317223","0.004721289500594139"
"1930000","0.0037756292149424553","0.003192055504769087","0.004359202925115824"
"1932000","0.003914214204996824","0.0037945499643683434","0.004033878445625305"
"1934000","0.0029975761426612735","0.002174980705603957","0.0038201715797185898"
"1936000","0.0032162524294108152","0.0021624653600156307","0.004270039498806"
"1938000","0.004088950576260686","0.0038942857645452023","0.00428361538797617"
"1940000","0.0032538517843931913","0.002412963192909956","0.004094740375876427"
"1942000","0.0031152969459071755","0.002581818727776408","0.003648775164037943"
"1944000","0.002948263194411993","0.0023328186944127083","0.0035637076944112778"
"1946000","0.0034491614205762744","0.0032143276184797287","0.00368399522267282"
"1948000","0.003139985492452979","0.002765312558040023","0.0035146584268659353"
"1950000","0.002665395033545792","0.0021789453458040953","0.003151844721287489"
"1952000","0.00314743269700557","0.0027578009758144617","0.003537064418196678"
"1954000","0.0036048333859071136","0.0023765990044921637","0.0048330677673220634"
"1956000","0.0028613118920475245","0.002237674780189991","0.003484949003905058"
"1958000","0.0026555670192465186","0.002316446974873543","0.0029946870636194944"
"1960000","0.003210966126061976","0.0028902781195938587","0.003531654132530093"
"1962000","0.0029673356330022216","0.0026750867255032063","0.003259584540501237"
"1964000","0.003430148819461465","0.002518658060580492","0.004341639578342438"
"1966000","0.004490739665925503","0.0034081265330314636","0.005573352798819542"
"1968000","0.003046599915251136","0.002603348810225725","0.0034898510202765465"
"1970000","0.0041748585645109415","0.003924679476767778","0.004425037652254105"
"1972000","0.003907246980816126","0.0033535994589328766","0.004460894502699375"
"1974000","0.004018240608274937","0.0031472602859139442","0.004889220930635929"
"1976000","0.0030817079823464155","0.0025464300997555256","0.0036169858649373055"
"1978000","0.003560301149263978","0.002748835366219282","0.004371766932308674"
"1980000","0.003954784478992224","0.0035372846759855747","0.004372284281998873"
"1982000","0.0034213362960144877","0.003130367724224925","0.0037123048678040504"
"1984000","0.0032365580555051565","0.002181279007345438","0.004291837103664875"
"1986000","0.0029533859342336655","0.002340101171284914","0.003566670697182417"
"1988000","0.0025931267300620675","0.001920941285789013","0.003265312174335122"
"1990000","0.003465106710791588","0.0028451671823859215","0.004085046239197254"
"1992000","0.003153903060592711","0.0029113017953932285","0.0033965043257921934"
"1994000","0.0033481387654319406","0.00302769779227674","0.003668579738587141"
"1996000","0.003306666505523026","0.0031845122575759888","0.003428820753470063"
"1998000","0.0027329149888828397","0.0021778964437544346","0.0032879335340112448"
"2000000","0.002741818316280842","0.0021454263478517532","0.0033382102847099304"